[06:38:11] ######################################################################
[06:38:11] # AGS-DD Full Experiment Run - 2026-08-10 06:38:11
[06:38:11] # Starting dual-GPU mode via subprocesses
[06:38:11] ######################################################################
[06:38:11] Started GPU 0: nette (PID 341358)
[06:38:11] Started GPU 1: woof (PID 341359)
[06:38:15] ######################################################################
[06:38:15] # AGS-DD Full Experiment Run - 2026-08-10 06:38:15
[06:38:15] # GPU 0: nette (single-GPU mode)
[06:38:15] ######################################################################
[06:38:15] ######################################################################
[06:38:15] # AGS-DD Full Experiment Run - 2026-08-10 06:38:15
[06:38:15] # GPU 1: woof (single-GPU mode)
[06:38:15] ######################################################################
[12:44:18] 
GPU 1 (woof) experiments completed!
[12:44:18] 
Uploading to GitHub...
[12:44:18] Uploading results to GitHub...
[12:45:04] 
GPU 0 (nette) experiments completed!
[12:45:04] 
Uploading to GitHub...
[12:45:04] Uploading results to GitHub...
[12:45:04] Commit: 
[12:45:04] Push:  Everything up-to-date
[12:45:04] Push exit code: 0
[12:45:04] GitHub upload successful!
[12:45:04] Done at 2026-08-10 12:45:04
[12:45:05] GPU 0 (nette) finished with exit code 0
[12:45:24] Commit: [main 064f613] experiment: AGS-DD full results 2026-08-10 12:44:18
 8833 files changed, 2533 insertions(+)
 create mode 100644 experiment_logs/gpu0_nette.log
 create mode 100644 experiment_logs/gpu1_woof.log
 create mode 100644 experiment_logs/master.log
 create mode 100644 experiment_logs/master_redirect.log
 create mode 100644 results/nette_ags_full_ipc10/ags_config.pkl
 create mode 100644 results/nette_ags_full_ipc10/dataset_0/n01440764/0.png
 create mode 100644 results/nette_ags_full_ipc10/dataset_0/n01440764/1.png
 create mode 100644 results/nette_ags_full_ipc10/dataset_0/n01440764/2.png
 create mode 100644 results/nette_ags_full_ipc10/dataset_0/n01440764/3.png
 create mode 100644 results/nette_ags_full_ipc10/dataset_0/n01440764/4.png
 create mode 100644 results/nette_ags_full_ipc10/dataset_0/n01440764/5.png
 create mode 100644 results/nette_ags_full_ipc10/dataset_0/n01440764/6.png
 create mode 100644 results/nette_ags_full_ipc10/dataset_0/n01440764/7.png
 create mode 100644 results/nette_ags_full_ipc10/dataset_0/n01440764/8.png
 create mode 100644 results/nette_ags_full_ipc10/dataset_0/n01440764/9.png
 create mode 100644 results/nette_ags_full_ipc10/dataset_0/n02102040/0.png
 create mode 100644 results/nette_ags_full_ipc10/dataset_0/n02102040/1.png
 create mode 100644 results/nette_ags_full_ipc10/dataset_0/n02102040/2.png
 create mode 100644 results/nette_ags_full_ipc10/dataset_0/n02102040/3.png
 create mode 100644 results/nette_ags_full_ipc10/dataset_0/n02102040/4.png
 create mode 100644 results/nette_ags_full_ipc10/dataset_0/n02102040/5.png
 create mode 100644 results/nette_ags_full_ipc10/dataset_0/n02102040/6.png
 create mode 100644 results/nette_ags_full_ipc10/dataset_0/n02102040/7.png
 create mode 100644 results/nette_ags_full_ipc10/dataset_0/n02102040/8.png
 create mode 100644 results/nette_ags_full_ipc10/dataset_0/n02102040/9.png
 create mode 100644 results/nette_ags_full_ipc10/dataset_0/n02979186/0.png
 create mode 100644 results/nette_ags_full_ipc10/dataset_0/n02979186/1.png
 create mode 100644 results/nette_ags_full_ipc10/dataset_0/n02979186/2.png
 create mode 100644 results/nette_ags_full_ipc10/dataset_0/n02979186/3.png
 create mode 100644 results/nette_ags_full_ipc10/dataset_0/n02979186/4.png
 create mode 100644 results/nette_ags_full_ipc10/dataset_0/n02979186/5.png
 create mode 100644 results/nette_ags_full_ipc10/dataset_0/n02979186/6.png
 create mode 100644 results/nette_ags_full_ipc10/dataset_0/n02979186/7.png
 create mode 100644 results/nette_ags_full_ipc10/dataset_0/n02979186/8.png
 create mode 100644 results/nette_ags_full_ipc10/dataset_0/n02979186/9.png
 create mode 100644 results/nette_ags_full_ipc10/dataset_0/n03000684/0.png
 create mode 100644 results/nette_ags_full_ipc10/dataset_0/n03000684/1.png
 create mode 100644 results/nette_ags_full_ipc10/dataset_0/n03000684/2.png
 create mode 100644 results/nette_ags_full_ipc10/dataset_0/n03000684/3.png
 create mode 100644 results/nette_ags_full_ipc10/dataset_0/n03000684/4.png
 create mode 100644 results/nette_ags_full_ipc10/dataset_0/n03000684/5.png
 create mode 100644 results/nette_ags_full_ipc10/dataset_0/n03000684/6.png
 create mode 100644 results/nette_ags_full_ipc10/dataset_0/n03000684/7.png
 create mode 100644 results/nette_ags_full_ipc10/dataset_0/n03000684/8.png
 create mode 100644 results/nette_ags_full_ipc10/dataset_0/n03000684/9.png
 create mode 100644 results/nette_ags_full_ipc10/dataset_0/n03028079/0.png
 create mode 100644 results/nette_ags_full_ipc10/dataset_0/n03028079/1.png
 create mode 100644 results/nette_ags_full_ipc10/dataset_0/n03028079/2.png
 create mode 100644 results/nette_ags_full_ipc10/dataset_0/n03028079/3.png
 create mode 100644 results/nette_ags_full_ipc10/dataset_0/n03028079/4.png
 create mode 100644 results/nette_ags_full_ipc10/dataset_0/n03028079/5.png
 create mode 100644 results/nette_ags_full_ipc10/dataset_0/n03028079/6.png
 create mode 100644 results/nette_ags_full_ipc10/dataset_0/n03028079/7.png
 create mode 100644 results/nette_ags_full_ipc10/dataset_0/n03028079/8.png
 create mode 100644 results/nette_ags_full_ipc10/dataset_0/n03028079/9.png
 create mode 100644 results/nette_ags_full_ipc10/dataset_0/n03394916/0.png
 create mode 100644 results/nette_ags_full_ipc10/dataset_0/n03394916/1.png
 create mode 100644 results/nette_ags_full_ipc10/dataset_0/n03394916/2.png
 create mode 100644 results/nette_ags_full_ipc10/dataset_0/n03394916/3.png
 create mode 100644 results/nette_ags_full_ipc10/dataset_0/n03394916/4.png
 create mode 100644 results/nette_ags_full_ipc10/dataset_0/n03394916/5.png
 create mode 100644 results/nette_ags_full_ipc10/dataset_0/n03394916/6.png
 create mode 100644 results/nette_ags_full_ipc10/dataset_0/n03394916/7.png
 create mode 100644 results/nette_ags_full_ipc10/dataset_0/n03394916/8.png
 create mode 100644 results/nette_ags_full_ipc10/dataset_0/n03394916/9.png
 create mode 100644 results/nette_ags_full_ipc10/dataset_0/n03417042/0.png
 create mode 100644 results/nette_ags_full_ipc10/dataset_0/n03417042/1.png
 create mode 100644 results/nette_ags_full_ipc10/dataset_0/n03417042/2.png
 create mode 100644 results/nette_ags_full_ipc10/dataset_0/n03417042/3.png
 create mode 100644 results/nette_ags_full_ipc10/dataset_0/n03417042/4.png
 create mode 100644 results/nette_ags_full_ipc10/dataset_0/n03417042/5.png
 create mode 100644 results/nette_ags_full_ipc10/dataset_0/n03417042/6.png
 create mode 100644 results/nette_ags_full_ipc10/dataset_0/n03417042/7.png
 create mode 100644 results/nette_ags_full_ipc10/dataset_0/n03417042/8.png
 create mode 100644 results/nette_ags_full_ipc10/dataset_0/n03417042/9.png
 create mode 100644 results/nette_ags_full_ipc10/dataset_0/n03425413/0.png
 create mode 100644 results/nette_ags_full_ipc10/dataset_0/n03425413/1.png
 create mode 100644 results/nette_ags_full_ipc10/dataset_0/n03425413/2.png
 create mode 100644 results/nette_ags_full_ipc10/dataset_0/n03425413/3.png
 create mode 100644 results/nette_ags_full_ipc10/dataset_0/n03425413/4.png
 create mode 100644 results/nette_ags_full_ipc10/dataset_0/n03425413/5.png
 create mode 100644 results/nette_ags_full_ipc10/dataset_0/n03425413/6.png
 create mode 100644 results/nette_ags_full_ipc10/dataset_0/n03425413/7.png
 create mode 100644 results/nette_ags_full_ipc10/dataset_0/n03425413/8.png
 create mode 100644 results/nette_ags_full_ipc10/dataset_0/n03425413/9.png
 create mode 100644 results/nette_ags_full_ipc10/dataset_0/n03445777/0.png
 create mode 100644 results/nette_ags_full_ipc10/dataset_0/n03445777/1.png
 create mode 100644 results/nette_ags_full_ipc10/dataset_0/n03445777/2.png
 create mode 100644 results/nette_ags_full_ipc10/dataset_0/n03445777/3.png
 create mode 100644 results/nette_ags_full_ipc10/dataset_0/n03445777/4.png
 create mode 100644 results/nette_ags_full_ipc10/dataset_0/n03445777/5.png
 create mode 100644 results/nette_ags_full_ipc10/dataset_0/n03445777/6.png
 create mode 100644 results/nette_ags_full_ipc10/dataset_0/n03445777/7.png
 create mode 100644 results/nette_ags_full_ipc10/dataset_0/n03445777/8.png
 create mode 100644 results/nette_ags_full_ipc10/dataset_0/n03445777/9.png
 create mode 100644 results/nette_ags_full_ipc10/dataset_0/n03888257/0.png
 create mode 100644 results/nette_ags_full_ipc10/dataset_0/n03888257/1.png
 create mode 100644 results/nette_ags_full_ipc10/dataset_0/n03888257/2.png
 create mode 100644 results/nette_ags_full_ipc10/dataset_0/n03888257/3.png
 create mode 100644 results/nette_ags_full_ipc10/dataset_0/n03888257/4.png
 create mode 100644 results/nette_ags_full_ipc10/dataset_0/n03888257/5.png
 create mode 100644 results/nette_ags_full_ipc10/dataset_0/n03888257/6.png
 create mode 100644 results/nette_ags_full_ipc10/dataset_0/n03888257/7.png
 create mode 100644 results/nette_ags_full_ipc10/dataset_0/n03888257/8.png
 create mode 100644 results/nette_ags_full_ipc10/dataset_0/n03888257/9.png
 create mode 100644 results/nette_ags_full_ipc10/dataset_1/n01440764/0.png
 create mode 100644 results/nette_ags_full_ipc10/dataset_1/n01440764/1.png
 create mode 100644 results/nette_ags_full_ipc10/dataset_1/n01440764/2.png
 create mode 100644 results/nette_ags_full_ipc10/dataset_1/n01440764/3.png
 create mode 100644 results/nette_ags_full_ipc10/dataset_1/n01440764/4.png
 create mode 100644 results/nette_ags_full_ipc10/dataset_1/n01440764/5.png
 create mode 100644 results/nette_ags_full_ipc10/dataset_1/n01440764/6.png
 create mode 100644 results/nette_ags_full_ipc10/dataset_1/n01440764/7.png
 create mode 100644 results/nette_ags_full_ipc10/dataset_1/n01440764/8.png
 create mode 100644 results/nette_ags_full_ipc10/dataset_1/n01440764/9.png
 create mode 100644 results/nette_ags_full_ipc10/dataset_1/n02102040/0.png
 create mode 100644 results/nette_ags_full_ipc10/dataset_1/n02102040/1.png
 create mode 100644 results/nette_ags_full_ipc10/dataset_1/n02102040/2.png
 create mode 100644 results/nette_ags_full_ipc10/dataset_1/n02102040/3.png
 create mode 100644 results/nette_ags_full_ipc10/dataset_1/n02102040/4.png
 create mode 100644 results/nette_ags_full_ipc10/dataset_1/n02102040/5.png
 create mode 100644 results/nette_ags_full_ipc10/dataset_1/n02102040/6.png
 create mode 100644 results/nette_ags_full_ipc10/dataset_1/n02102040/7.png
 create mode 100644 results/nette_ags_full_ipc10/dataset_1/n02102040/8.png
 create mode 100644 results/nette_ags_full_ipc10/dataset_1/n02102040/9.png
 create mode 100644 results/nette_ags_full_ipc10/dataset_1/n02979186/0.png
 create mode 100644 results/nette_ags_full_ipc10/dataset_1/n02979186/1.png
 create mode 100644 results/nette_ags_full_ipc10/dataset_1/n02979186/2.png
 create mode 100644 results/nette_ags_full_ipc10/dataset_1/n02979186/3.png
 create mode 100644 results/nette_ags_full_ipc10/dataset_1/n02979186/4.png
 create mode 100644 results/nette_ags_full_ipc10/dataset_1/n02979186/5.png
 create mode 100644 results/nette_ags_full_ipc10/dataset_1/n02979186/6.png
 create mode 100644 results/nette_ags_full_ipc10/dataset_1/n02979186/7.png
 create mode 100644 results/nette_ags_full_ipc10/dataset_1/n02979186/8.png
 create mode 100644 results/nette_ags_full_ipc10/dataset_1/n02979186/9.png
 create mode 100644 results/nette_ags_full_ipc10/dataset_1/n03000684/0.png
 create mode 100644 results/nette_ags_full_ipc10/dataset_1/n03000684/1.png
 create mode 100644 results/nette_ags_full_ipc10/dataset_1/n03000684/2.png
 create mode 100644 results/nette_ags_full_ipc10/dataset_1/n03000684/3.png
 create mode 100644 results/nette_ags_full_ipc10/dataset_1/n03000684/4.png
 create mode 100644 results/nette_ags_full_ipc10/dataset_1/n03000684/5.png
 create mode 100644 results/nette_ags_full_ipc10/dataset_1/n03000684/6.png
 create mode 100644 results/nette_ags_full_ipc10/dataset_1/n03000684/7.png
 create mode 100644 results/nette_ags_full_ipc10/dataset_1/n03000684/8.png
 create mode 100644 results/nette_ags_full_ipc10/dataset_1/n03000684/9.png
 create mode 100644 results/nette_ags_full_ipc10/dataset_1/n03028079/0.png
 create mode 100644 results/nette_ags_full_ipc10/dataset_1/n03028079/1.png
 create mode 100644 results/nette_ags_full_ipc10/dataset_1/n03028079/2.png
 create mode 100644 results/nette_ags_full_ipc10/dataset_1/n03028079/3.png
 create mode 100644 results/nette_ags_full_ipc10/dataset_1/n03028079/4.png
 create mode 100644 results/nette_ags_full_ipc10/dataset_1/n03028079/5.png
 create mode 100644 results/nette_ags_full_ipc10/dataset_1/n03028079/6.png
 create mode 100644 results/nette_ags_full_ipc10/dataset_1/n03028079/7.png
 create mode 100644 results/nette_ags_full_ipc10/dataset_1/n03028079/8.png
 create mode 100644 results/nette_ags_full_ipc10/dataset_1/n03028079/9.png
 create mode 100644 results/nette_ags_full_ipc10/dataset_1/n03394916/0.png
 create mode 100644 results/nette_ags_full_ipc10/dataset_1/n03394916/1.png
 create mode 100644 results/nette_ags_full_ipc10/dataset_1/n03394916/2.png
 create mode 100644 results/nette_ags_full_ipc10/dataset_1/n03394916/3.png
 create mode 100644 results/nette_ags_full_ipc10/dataset_1/n03394916/4.png
 create mode 100644 results/nette_ags_full_ipc10/dataset_1/n03394916/5.png
 create mode 100644 results/nette_ags_full_ipc10/dataset_1/n03394916/6.png
 create mode 100644 results/nette_ags_full_ipc10/dataset_1/n03394916/7.png
 create mode 100644 results/nette_ags_full_ipc10/dataset_1/n03394916/8.png
 create mode 100644 results/nette_ags_full_ipc10/dataset_1/n03394916/9.png
 create mode 100644 results/nette_ags_full_ipc10/dataset_1/n03417042/0.png
 create mode 100644 results/nette_ags_full_ipc10/dataset_1/n03417042/1.png
 create mode 100644 results/nette_ags_full_ipc10/dataset_1/n03417042/2.png
 create mode 100644 results/nette_ags_full_ipc10/dataset_1/n03417042/3.png
 create mode 100644 results/nette_ags_full_ipc10/dataset_1/n03417042/4.png
 create mode 100644 results/nette_ags_full_ipc10/dataset_1/n03417042/5.png
 create mode 100644 results/nette_ags_full_ipc10/dataset_1/n03417042/6.png
 create mode 100644 results/nette_ags_full_ipc10/dataset_1/n03417042/7.png
 create mode 100644 results/nette_ags_full_ipc10/dataset_1/n03417042/8.png
 create mode 100644 results/nette_ags_full_ipc10/dataset_1/n03417042/9.png
 create mode 100644 results/nette_ags_full_ipc10/dataset_1/n03425413/0.png
 create mode 100644 results/nette_ags_full_ipc10/dataset_1/n03425413/1.png
 create mode 100644 results/nette_ags_full_ipc10/dataset_1/n03425413/2.png
 create mode 100644 results/nette_ags_full_ipc10/dataset_1/n03425413/3.png
 create mode 100644 results/nette_ags_full_ipc10/dataset_1/n03425413/4.png
 create mode 100644 results/nette_ags_full_ipc10/dataset_1/n03425413/5.png
 create mode 100644 results/nette_ags_full_ipc10/dataset_1/n03425413/6.png
 create mode 100644 results/nette_ags_full_ipc10/dataset_1/n03425413/7.png
 create mode 100644 results/nette_ags_full_ipc10/dataset_1/n03425413/8.png
 create mode 100644 results/nette_ags_full_ipc10/dataset_1/n03425413/9.png
 create mode 100644 results/nette_ags_full_ipc10/dataset_1/n03445777/0.png
 create mode 100644 results/nette_ags_full_ipc10/dataset_1/n03445777/1.png
 create mode 100644 results/nette_ags_full_ipc10/dataset_1/n03445777/2.png
 create mode 100644 results/nette_ags_full_ipc10/dataset_1/n03445777/3.png
 create mode 100644 results/nette_ags_full_ipc10/dataset_1/n03445777/4.png
 create mode 100644 results/nette_ags_full_ipc10/dataset_1/n03445777/5.png
 create mode 100644 results/nette_ags_full_ipc10/dataset_1/n03445777/6.png
 create mode 100644 results/nette_ags_full_ipc10/dataset_1/n03445777/7.png
 create mode 100644 results/nette_ags_full_ipc10/dataset_1/n03445777/8.png
 create mode 100644 results/nette_ags_full_ipc10/dataset_1/n03445777/9.png
 create mode 100644 results/nette_ags_full_ipc10/dataset_1/n03888257/0.png
 create mode 100644 results/nette_ags_full_ipc10/dataset_1/n03888257/1.png
 create mode 100644 results/nette_ags_full_ipc10/dataset_1/n03888257/2.png
 create mode 100644 results/nette_ags_full_ipc10/dataset_1/n03888257/3.png
 create mode 100644 results/nette_ags_full_ipc10/dataset_1/n03888257/4.png
 create mode 100644 results/nette_ags_full_ipc10/dataset_1/n03888257/5.png
 create mode 100644 results/nette_ags_full_ipc10/dataset_1/n03888257/6.png
 create mode 100644 results/nette_ags_full_ipc10/dataset_1/n03888257/7.png
 create mode 100644 results/nette_ags_full_ipc10/dataset_1/n03888257/8.png
 create mode 100644 results/nette_ags_full_ipc10/dataset_1/n03888257/9.png
 create mode 100644 results/nette_ags_full_ipc10/dataset_2/n01440764/0.png
 create mode 100644 results/nette_ags_full_ipc10/dataset_2/n01440764/1.png
 create mode 100644 results/nette_ags_full_ipc10/dataset_2/n01440764/2.png
 create mode 100644 results/nette_ags_full_ipc10/dataset_2/n01440764/3.png
 create mode 100644 results/nette_ags_full_ipc10/dataset_2/n01440764/4.png
 create mode 100644 results/nette_ags_full_ipc10/dataset_2/n01440764/5.png
 create mode 100644 results/nette_ags_full_ipc10/dataset_2/n01440764/6.png
 create mode 100644 results/nette_ags_full_ipc10/dataset_2/n01440764/7.png
 create mode 100644 results/nette_ags_full_ipc10/dataset_2/n01440764/8.png
 create mode 100644 results/nette_ags_full_ipc10/dataset_2/n01440764/9.png
 create mode 100644 results/nette_ags_full_ipc10/dataset_2/n02102040/0.png
 create mode 100644 results/nette_ags_full_ipc10/dataset_2/n02102040/1.png
 create mode 100644 results/nette_ags_full_ipc10/dataset_2/n02102040/2.png
 create mode 100644 results/nette_ags_full_ipc10/dataset_2/n02102040/3.png
 create mode 100644 results/nette_ags_full_ipc10/dataset_2/n02102040/4.png
 create mode 100644 results/nette_ags_full_ipc10/dataset_2/n02102040/5.png
 create mode 100644 results/nette_ags_full_ipc10/dataset_2/n02102040/6.png
 create mode 100644 results/nette_ags_full_ipc10/dataset_2/n02102040/7.png
 create mode 100644 results/nette_ags_full_ipc10/dataset_2/n02102040/8.png
 create mode 100644 results/nette_ags_full_ipc10/dataset_2/n02102040/9.png
 create mode 100644 results/nette_ags_full_ipc10/dataset_2/n02979186/0.png
 create mode 100644 results/nette_ags_full_ipc10/dataset_2/n02979186/1.png
 create mode 100644 results/nette_ags_full_ipc10/dataset_2/n02979186/2.png
 create mode 100644 results/nette_ags_full_ipc10/dataset_2/n02979186/3.png
 create mode 100644 results/nette_ags_full_ipc10/dataset_2/n02979186/4.png
 create mode 100644 results/nette_ags_full_ipc10/dataset_2/n02979186/5.png
 create mode 100644 results/nette_ags_full_ipc10/dataset_2/n02979186/6.png
 create mode 100644 results/nette_ags_full_ipc10/dataset_2/n02979186/7.png
 create mode 100644 results/nette_ags_full_ipc10/dataset_2/n02979186/8.png
 create mode 100644 results/nette_ags_full_ipc10/dataset_2/n02979186/9.png
 create mode 100644 results/nette_ags_full_ipc10/dataset_2/n03000684/0.png
 create mode 100644 results/nette_ags_full_ipc10/dataset_2/n03000684/1.png
 create mode 100644 results/nette_ags_full_ipc10/dataset_2/n03000684/2.png
 create mode 100644 results/nette_ags_full_ipc10/dataset_2/n03000684/3.png
 create mode 100644 results/nette_ags_full_ipc10/dataset_2/n03000684/4.png
 create mode 100644 results/nette_ags_full_ipc10/dataset_2/n03000684/5.png
 create mode 100644 results/nette_ags_full_ipc10/dataset_2/n03000684/6.png
 create mode 100644 results/nette_ags_full_ipc10/dataset_2/n03000684/7.png
 create mode 100644 results/nette_ags_full_ipc10/dataset_2/n03000684/8.png
 create mode 100644 results/nette_ags_full_ipc10/dataset_2/n03000684/9.png
 create mode 100644 results/nette_ags_full_ipc10/dataset_2/n03028079/0.png
 create mode 100644 results/nette_ags_full_ipc10/dataset_2/n03028079/1.png
 create mode 100644 results/nette_ags_full_ipc10/dataset_2/n03028079/2.png
 create mode 100644 results/nette_ags_full_ipc10/dataset_2/n03028079/3.png
 create mode 100644 results/nette_ags_full_ipc10/dataset_2/n03028079/4.png
 create mode 100644 results/nette_ags_full_ipc10/dataset_2/n03028079/5.png
 create mode 100644 results/nette_ags_full_ipc10/dataset_2/n03028079/6.png
 create mode 100644 results/nette_ags_full_ipc10/dataset_2/n03028079/7.png
 create mode 100644 results/nette_ags_full_ipc10/dataset_2/n03028079/8.png
 create mode 100644 results/nette_ags_full_ipc10/dataset_2/n03028079/9.png
 create mode 100644 results/nette_ags_full_ipc10/dataset_2/n03394916/0.png
 create mode 100644 results/nette_ags_full_ipc10/dataset_2/n03394916/1.png
 create mode 100644 results/nette_ags_full_ipc10/dataset_2/n03394916/2.png
 create mode 100644 results/nette_ags_full_ipc10/dataset_2/n03394916/3.png
 create mode 100644 results/nette_ags_full_ipc10/dataset_2/n03394916/4.png
 create mode 100644 results/nette_ags_full_ipc10/dataset_2/n03394916/5.png
 create mode 100644 results/nette_ags_full_ipc10/dataset_2/n03394916/6.png
 create mode 100644 results/nette_ags_full_ipc10/dataset_2/n03394916/7.png
 create mode 100644 results/nette_ags_full_ipc10/dataset_2/n03394916/8.png
 create mode 100644 results/nette_ags_full_ipc10/dataset_2/n03394916/9.png
 create mode 100644 results/nette_ags_full_ipc10/dataset_2/n03417042/0.png
 create mode 100644 results/nette_ags_full_ipc10/dataset_2/n03417042/1.png
 create mode 100644 results/nette_ags_full_ipc10/dataset_2/n03417042/2.png
 create mode 100644 results/nette_ags_full_ipc10/dataset_2/n03417042/3.png
 create mode 100644 results/nette_ags_full_ipc10/dataset_2/n03417042/4.png
 create mode 100644 results/nette_ags_full_ipc10/dataset_2/n03417042/5.png
 create mode 100644 results/nette_ags_full_ipc10/dataset_2/n03417042/6.png
 create mode 100644 results/nette_ags_full_ipc10/dataset_2/n03417042/7.png
 create mode 100644 results/nette_ags_full_ipc10/dataset_2/n03417042/8.png
 create mode 100644 results/nette_ags_full_ipc10/dataset_2/n03417042/9.png
 create mode 100644 results/nette_ags_full_ipc10/dataset_2/n03425413/0.png
 create mode 100644 results/nette_ags_full_ipc10/dataset_2/n03425413/1.png
 create mode 100644 results/nette_ags_full_ipc10/dataset_2/n03425413/2.png
 create mode 100644 results/nette_ags_full_ipc10/dataset_2/n03425413/3.png
 create mode 100644 results/nette_ags_full_ipc10/dataset_2/n03425413/4.png
 create mode 100644 results/nette_ags_full_ipc10/dataset_2/n03425413/5.png
 create mode 100644 results/nette_ags_full_ipc10/dataset_2/n03425413/6.png
 create mode 100644 results/nette_ags_full_ipc10/dataset_2/n03425413/7.png
 create mode 100644 results/nette_ags_full_ipc10/dataset_2/n03425413/8.png
 create mode 100644 results/nette_ags_full_ipc10/dataset_2/n03425413/9.png
 create mode 100644 results/nette_ags_full_ipc10/dataset_2/n03445777/0.png
 create mode 100644 results/nette_ags_full_ipc10/dataset_2/n03445777/1.png
 create mode 100644 results/nette_ags_full_ipc10/dataset_2/n03445777/2.png
 create mode 100644 results/nette_ags_full_ipc10/dataset_2/n03445777/3.png
 create mode 100644 results/nette_ags_full_ipc10/dataset_2/n03445777/4.png
 create mode 100644 results/nette_ags_full_ipc10/dataset_2/n03445777/5.png
 create mode 100644 results/nette_ags_full_ipc10/dataset_2/n03445777/6.png
 create mode 100644 results/nette_ags_full_ipc10/dataset_2/n03445777/7.png
 create mode 100644 results/nette_ags_full_ipc10/dataset_2/n03445777/8.png
 create mode 100644 results/nette_ags_full_ipc10/dataset_2/n03445777/9.png
 create mode 100644 results/nette_ags_full_ipc10/dataset_2/n03888257/0.png
 create mode 100644 results/nette_ags_full_ipc10/dataset_2/n03888257/1.png
 create mode 100644 results/nette_ags_full_ipc10/dataset_2/n03888257/2.png
 create mode 100644 results/nette_ags_full_ipc10/dataset_2/n03888257/3.png
 create mode 100644 results/nette_ags_full_ipc10/dataset_2/n03888257/4.png
 create mode 100644 results/nette_ags_full_ipc10/dataset_2/n03888257/5.png
 create mode 100644 results/nette_ags_full_ipc10/dataset_2/n03888257/6.png
 create mode 100644 results/nette_ags_full_ipc10/dataset_2/n03888257/7.png
 create mode 100644 results/nette_ags_full_ipc10/dataset_2/n03888257/8.png
 create mode 100644 results/nette_ags_full_ipc10/dataset_2/n03888257/9.png
 create mode 100644 results/nette_ags_full_ipc10/experiment_config.json
 create mode 100644 results/nette_ags_full_ipc50/ags_config.pkl
 create mode 100644 results/nette_ags_full_ipc50/dataset_0/n01440764/0.png
 create mode 100644 results/nette_ags_full_ipc50/dataset_0/n01440764/1.png
 create mode 100644 results/nette_ags_full_ipc50/dataset_0/n01440764/10.png
 create mode 100644 results/nette_ags_full_ipc50/dataset_0/n01440764/11.png
 create mode 100644 results/nette_ags_full_ipc50/dataset_0/n01440764/12.png
 create mode 100644 results/nette_ags_full_ipc50/dataset_0/n01440764/13.png
 create mode 100644 results/nette_ags_full_ipc50/dataset_0/n01440764/14.png
 create mode 100644 results/nette_ags_full_ipc50/dataset_0/n01440764/15.png
 create mode 100644 results/nette_ags_full_ipc50/dataset_0/n01440764/16.png
 create mode 100644 results/nette_ags_full_ipc50/dataset_0/n01440764/17.png
 create mode 100644 results/nette_ags_full_ipc50/dataset_0/n01440764/18.png
 create mode 100644 results/nette_ags_full_ipc50/dataset_0/n01440764/19.png
 create mode 100644 results/nette_ags_full_ipc50/dataset_0/n01440764/2.png
 create mode 100644 results/nette_ags_full_ipc50/dataset_0/n01440764/20.png
 create mode 100644 results/nette_ags_full_ipc50/dataset_0/n01440764/21.png
 create mode 100644 results/nette_ags_full_ipc50/dataset_0/n01440764/22.png
 create mode 100644 results/nette_ags_full_ipc50/dataset_0/n01440764/23.png
 create mode 100644 results/nette_ags_full_ipc50/dataset_0/n01440764/24.png
 create mode 100644 results/nette_ags_full_ipc50/dataset_0/n01440764/25.png
 create mode 100644 results/nette_ags_full_ipc50/dataset_0/n01440764/26.png
 create mode 100644 results/nette_ags_full_ipc50/dataset_0/n01440764/27.png
 create mode 100644 results/nette_ags_full_ipc50/dataset_0/n01440764/28.png
 create mode 100644 results/nette_ags_full_ipc50/dataset_0/n01440764/29.png
 create mode 100644 results/nette_ags_full_ipc50/dataset_0/n01440764/3.png
 create mode 100644 results/nette_ags_full_ipc50/dataset_0/n01440764/30.png
 create mode 100644 results/nette_ags_full_ipc50/dataset_0/n01440764/31.png
 create mode 100644 results/nette_ags_full_ipc50/dataset_0/n01440764/32.png
 create mode 100644 results/nette_ags_full_ipc50/dataset_0/n01440764/33.png
 create mode 100644 results/nette_ags_full_ipc50/dataset_0/n01440764/34.png
 create mode 100644 results/nette_ags_full_ipc50/dataset_0/n01440764/35.png
 create mode 100644 results/nette_ags_full_ipc50/dataset_0/n01440764/36.png
 create mode 100644 results/nette_ags_full_ipc50/dataset_0/n01440764/37.png
 create mode 100644 results/nette_ags_full_ipc50/dataset_0/n01440764/38.png
 create mode 100644 results/nette_ags_full_ipc50/dataset_0/n01440764/39.png
 create mode 100644 results/nette_ags_full_ipc50/dataset_0/n01440764/4.png
 create mode 100644 results/nette_ags_full_ipc50/dataset_0/n01440764/40.png
 create mode 100644 results/nette_ags_full_ipc50/dataset_0/n01440764/41.png
 create mode 100644 results/nette_ags_full_ipc50/dataset_0/n01440764/42.png
 create mode 100644 results/nette_ags_full_ipc50/dataset_0/n01440764/43.png
 create mode 100644 results/nette_ags_full_ipc50/dataset_0/n01440764/44.png
 create mode 100644 results/nette_ags_full_ipc50/dataset_0/n01440764/45.png
 create mode 100644 results/nette_ags_full_ipc50/dataset_0/n01440764/46.png
 create mode 100644 results/nette_ags_full_ipc50/dataset_0/n01440764/47.png
 create mode 100644 results/nette_ags_full_ipc50/dataset_0/n01440764/48.png
 create mode 100644 results/nette_ags_full_ipc50/dataset_0/n01440764/49.png
 create mode 100644 results/nette_ags_full_ipc50/dataset_0/n01440764/5.png
 create mode 100644 results/nette_ags_full_ipc50/dataset_0/n01440764/6.png
 create mode 100644 results/nette_ags_full_ipc50/dataset_0/n01440764/7.png
 create mode 100644 results/nette_ags_full_ipc50/dataset_0/n01440764/8.png
 create mode 100644 results/nette_ags_full_ipc50/dataset_0/n01440764/9.png
 create mode 100644 results/nette_ags_full_ipc50/dataset_0/n02102040/0.png
 create mode 100644 results/nette_ags_full_ipc50/dataset_0/n02102040/1.png
 create mode 100644 results/nette_ags_full_ipc50/dataset_0/n02102040/10.png
 create mode 100644 results/nette_ags_full_ipc50/dataset_0/n02102040/11.png
 create mode 100644 results/nette_ags_full_ipc50/dataset_0/n02102040/12.png
 create mode 100644 results/nette_ags_full_ipc50/dataset_0/n02102040/13.png
 create mode 100644 results/nette_ags_full_ipc50/dataset_0/n02102040/14.png
 create mode 100644 results/nette_ags_full_ipc50/dataset_0/n02102040/15.png
 create mode 100644 results/nette_ags_full_ipc50/dataset_0/n02102040/16.png
 create mode 100644 results/nette_ags_full_ipc50/dataset_0/n02102040/17.png
 create mode 100644 results/nette_ags_full_ipc50/dataset_0/n02102040/18.png
 create mode 100644 results/nette_ags_full_ipc50/dataset_0/n02102040/19.png
 create mode 100644 results/nette_ags_full_ipc50/dataset_0/n02102040/2.png
 create mode 100644 results/nette_ags_full_ipc50/dataset_0/n02102040/20.png
 create mode 100644 results/nette_ags_full_ipc50/dataset_0/n02102040/21.png
 create mode 100644 results/nette_ags_full_ipc50/dataset_0/n02102040/22.png
 create mode 100644 results/nette_ags_full_ipc50/dataset_0/n02102040/23.png
 create mode 100644 results/nette_ags_full_ipc50/dataset_0/n02102040/24.png
 create mode 100644 results/nette_ags_full_ipc50/dataset_0/n02102040/25.png
 create mode 100644 results/nette_ags_full_ipc50/dataset_0/n02102040/26.png
 create mode 100644 results/nette_ags_full_ipc50/dataset_0/n02102040/27.png
 create mode 100644 results/nette_ags_full_ipc50/dataset_0/n02102040/28.png
 create mode 100644 results/nette_ags_full_ipc50/dataset_0/n02102040/29.png
 create mode 100644 results/nette_ags_full_ipc50/dataset_0/n02102040/3.png
 create mode 100644 results/nette_ags_full_ipc50/dataset_0/n02102040/30.png
 create mode 100644 results/nette_ags_full_ipc50/dataset_0/n02102040/31.png
 create mode 100644 results/nette_ags_full_ipc50/dataset_0/n02102040/32.png
 create mode 100644 results/nette_ags_full_ipc50/dataset_0/n02102040/33.png
 create mode 100644 results/nette_ags_full_ipc50/dataset_0/n02102040/34.png
 create mode 100644 results/nette_ags_full_ipc50/dataset_0/n02102040/35.png
 create mode 100644 results/nette_ags_full_ipc50/dataset_0/n02102040/36.png
 create mode 100644 results/nette_ags_full_ipc50/dataset_0/n02102040/37.png
 create mode 100644 results/nette_ags_full_ipc50/dataset_0/n02102040/38.png
 create mode 100644 results/nette_ags_full_ipc50/dataset_0/n02102040/39.png
 create mode 100644 results/nette_ags_full_ipc50/dataset_0/n02102040/4.png
 create mode 100644 results/nette_ags_full_ipc50/dataset_0/n02102040/40.png
 create mode 100644 results/nette_ags_full_ipc50/dataset_0/n02102040/41.png
 create mode 100644 results/nette_ags_full_ipc50/dataset_0/n02102040/42.png
 create mode 100644 results/nette_ags_full_ipc50/dataset_0/n02102040/43.png
 create mode 100644 results/nette_ags_full_ipc50/dataset_0/n02102040/44.png
 create mode 100644 results/nette_ags_full_ipc50/dataset_0/n02102040/45.png
 create mode 100644 results/nette_ags_full_ipc50/dataset_0/n02102040/46.png
 create mode 100644 results/nette_ags_full_ipc50/dataset_0/n02102040/47.png
 create mode 100644 results/nette_ags_full_ipc50/dataset_0/n02102040/48.png
 create mode 100644 results/nette_ags_full_ipc50/dataset_0/n02102040/49.png
 create mode 100644 results/nette_ags_full_ipc50/dataset_0/n02102040/5.png
 create mode 100644 results/nette_ags_full_ipc50/dataset_0/n02102040/6.png
 create mode 100644 results/nette_ags_full_ipc50/dataset_0/n02102040/7.png
 create mode 100644 results/nette_ags_full_ipc50/dataset_0/n02102040/8.png
 create mode 100644 results/nette_ags_full_ipc50/dataset_0/n02102040/9.png
 create mode 100644 results/nette_ags_full_ipc50/dataset_0/n02979186/0.png
 create mode 100644 results/nette_ags_full_ipc50/dataset_0/n02979186/1.png
 create mode 100644 results/nette_ags_full_ipc50/dataset_0/n02979186/10.png
 create mode 100644 results/nette_ags_full_ipc50/dataset_0/n02979186/11.png
 create mode 100644 results/nette_ags_full_ipc50/dataset_0/n02979186/12.png
 create mode 100644 results/nette_ags_full_ipc50/dataset_0/n02979186/13.png
 create mode 100644 results/nette_ags_full_ipc50/dataset_0/n02979186/14.png
 create mode 100644 results/nette_ags_full_ipc50/dataset_0/n02979186/15.png
 create mode 100644 results/nette_ags_full_ipc50/dataset_0/n02979186/16.png
 create mode 100644 results/nette_ags_full_ipc50/dataset_0/n02979186/17.png
 create mode 100644 results/nette_ags_full_ipc50/dataset_0/n02979186/18.png
 create mode 100644 results/nette_ags_full_ipc50/dataset_0/n02979186/19.png
 create mode 100644 results/nette_ags_full_ipc50/dataset_0/n02979186/2.png
 create mode 100644 results/nette_ags_full_ipc50/dataset_0/n02979186/20.png
 create mode 100644 results/nette_ags_full_ipc50/dataset_0/n02979186/21.png
 create mode 100644 results/nette_ags_full_ipc50/dataset_0/n02979186/22.png
 create mode 100644 results/nette_ags_full_ipc50/dataset_0/n02979186/23.png
 create mode 100644 results/nette_ags_full_ipc50/dataset_0/n02979186/24.png
 create mode 100644 results/nette_ags_full_ipc50/dataset_0/n02979186/25.png
 create mode 100644 results/nette_ags_full_ipc50/dataset_0/n02979186/26.png
 create mode 100644 results/nette_ags_full_ipc50/dataset_0/n02979186/27.png
 create mode 100644 results/nette_ags_full_ipc50/dataset_0/n02979186/28.png
 create mode 100644 results/nette_ags_full_ipc50/dataset_0/n02979186/29.png
 create mode 100644 results/nette_ags_full_ipc50/dataset_0/n02979186/3.png
 create mode 100644 results/nette_ags_full_ipc50/dataset_0/n02979186/30.png
 create mode 100644 results/nette_ags_full_ipc50/dataset_0/n02979186/31.png
 create mode 100644 results/nette_ags_full_ipc50/dataset_0/n02979186/32.png
 create mode 100644 results/nette_ags_full_ipc50/dataset_0/n02979186/33.png
 create mode 100644 results/nette_ags_full_ipc50/dataset_0/n02979186/34.png
 create mode 100644 results/nette_ags_full_ipc50/dataset_0/n02979186/35.png
 create mode 100644 results/nette_ags_full_ipc50/dataset_0/n02979186/36.png
 create mode 100644 results/nette_ags_full_ipc50/dataset_0/n02979186/37.png
 create mode 100644 results/nette_ags_full_ipc50/dataset_0/n02979186/38.png
 create mode 100644 results/nette_ags_full_ipc50/dataset_0/n02979186/39.png
 create mode 100644 results/nette_ags_full_ipc50/dataset_0/n02979186/4.png
 create mode 100644 results/nette_ags_full_ipc50/dataset_0/n02979186/40.png
 create mode 100644 results/nette_ags_full_ipc50/dataset_0/n02979186/41.png
 create mode 100644 results/nette_ags_full_ipc50/dataset_0/n02979186/42.png
 create mode 100644 results/nette_ags_full_ipc50/dataset_0/n02979186/43.png
 create mode 100644 results/nette_ags_full_ipc50/dataset_0/n02979186/44.png
 create mode 100644 results/nette_ags_full_ipc50/dataset_0/n02979186/45.png
 create mode 100644 results/nette_ags_full_ipc50/dataset_0/n02979186/46.png
 create mode 100644 results/nette_ags_full_ipc50/dataset_0/n02979186/47.png
 create mode 100644 results/nette_ags_full_ipc50/dataset_0/n02979186/48.png
 create mode 100644 results/nette_ags_full_ipc50/dataset_0/n02979186/49.png
 create mode 100644 results/nette_ags_full_ipc50/dataset_0/n02979186/5.png
 create mode 100644 results/nette_ags_full_ipc50/dataset_0/n02979186/6.png
 create mode 100644 results/nette_ags_full_ipc50/dataset_0/n02979186/7.png
 create mode 100644 results/nette_ags_full_ipc50/dataset_0/n02979186/8.png
 create mode 100644 results/nette_ags_full_ipc50/dataset_0/n02979186/9.png
 create mode 100644 results/nette_ags_full_ipc50/dataset_0/n03000684/0.png
 create mode 100644 results/nette_ags_full_ipc50/dataset_0/n03000684/1.png
 create mode 100644 results/nette_ags_full_ipc50/dataset_0/n03000684/10.png
 create mode 100644 results/nette_ags_full_ipc50/dataset_0/n03000684/11.png
 create mode 100644 results/nette_ags_full_ipc50/dataset_0/n03000684/12.png
 create mode 100644 results/nette_ags_full_ipc50/dataset_0/n03000684/13.png
 create mode 100644 results/nette_ags_full_ipc50/dataset_0/n03000684/14.png
 create mode 100644 results/nette_ags_full_ipc50/dataset_0/n03000684/15.png
 create mode 100644 results/nette_ags_full_ipc50/dataset_0/n03000684/16.png
 create mode 100644 results/nette_ags_full_ipc50/dataset_0/n03000684/17.png
 create mode 100644 results/nette_ags_full_ipc50/dataset_0/n03000684/18.png
 create mode 100644 results/nette_ags_full_ipc50/dataset_0/n03000684/19.png
 create mode 100644 results/nette_ags_full_ipc50/dataset_0/n03000684/2.png
 create mode 100644 results/nette_ags_full_ipc50/dataset_0/n03000684/20.png
 create mode 100644 results/nette_ags_full_ipc50/dataset_0/n03000684/21.png
 create mode 100644 results/nette_ags_full_ipc50/dataset_0/n03000684/22.png
 create mode 100644 results/nette_ags_full_ipc50/dataset_0/n03000684/23.png
 create mode 100644 results/nette_ags_full_ipc50/dataset_0/n03000684/24.png
 create mode 100644 results/nette_ags_full_ipc50/dataset_0/n03000684/25.png
 create mode 100644 results/nette_ags_full_ipc50/dataset_0/n03000684/26.png
 create mode 100644 results/nette_ags_full_ipc50/dataset_0/n03000684/27.png
 create mode 100644 results/nette_ags_full_ipc50/dataset_0/n03000684/28.png
 create mode 100644 results/nette_ags_full_ipc50/dataset_0/n03000684/29.png
 create mode 100644 results/nette_ags_full_ipc50/dataset_0/n03000684/3.png
 create mode 100644 results/nette_ags_full_ipc50/dataset_0/n03000684/30.png
 create mode 100644 results/nette_ags_full_ipc50/dataset_0/n03000684/31.png
 create mode 100644 results/nette_ags_full_ipc50/dataset_0/n03000684/32.png
 create mode 100644 results/nette_ags_full_ipc50/dataset_0/n03000684/33.png
 create mode 100644 results/nette_ags_full_ipc50/dataset_0/n03000684/34.png
 create mode 100644 results/nette_ags_full_ipc50/dataset_0/n03000684/35.png
 create mode 100644 results/nette_ags_full_ipc50/dataset_0/n03000684/36.png
 create mode 100644 results/nette_ags_full_ipc50/dataset_0/n03000684/37.png
 create mode 100644 results/nette_ags_full_ipc50/dataset_0/n03000684/38.png
 create mode 100644 results/nette_ags_full_ipc50/dataset_0/n03000684/39.png
 create mode 100644 results/nette_ags_full_ipc50/dataset_0/n03000684/4.png
 create mode 100644 results/nette_ags_full_ipc50/dataset_0/n03000684/40.png
 create mode 100644 results/nette_ags_full_ipc50/dataset_0/n03000684/41.png
 create mode 100644 results/nette_ags_full_ipc50/dataset_0/n03000684/42.png
 create mode 100644 results/nette_ags_full_ipc50/dataset_0/n03000684/43.png
 create mode 100644 results/nette_ags_full_ipc50/dataset_0/n03000684/44.png
 create mode 100644 results/nette_ags_full_ipc50/dataset_0/n03000684/45.png
 create mode 100644 results/nette_ags_full_ipc50/dataset_0/n03000684/46.png
 create mode 100644 results/nette_ags_full_ipc50/dataset_0/n03000684/47.png
 create mode 100644 results/nette_ags_full_ipc50/dataset_0/n03000684/48.png
 create mode 100644 results/nette_ags_full_ipc50/dataset_0/n03000684/49.png
 create mode 100644 results/nette_ags_full_ipc50/dataset_0/n03000684/5.png
 create mode 100644 results/nette_ags_full_ipc50/dataset_0/n03000684/6.png
 create mode 100644 results/nette_ags_full_ipc50/dataset_0/n03000684/7.png
 create mode 100644 results/nette_ags_full_ipc50/dataset_0/n03000684/8.png
 create mode 100644 results/nette_ags_full_ipc50/dataset_0/n03000684/9.png
 create mode 100644 results/nette_ags_full_ipc50/dataset_0/n03028079/0.png
 create mode 100644 results/nette_ags_full_ipc50/dataset_0/n03028079/1.png
 create mode 100644 results/nette_ags_full_ipc50/dataset_0/n03028079/10.png
 create mode 100644 results/nette_ags_full_ipc50/dataset_0/n03028079/11.png
 create mode 100644 results/nette_ags_full_ipc50/dataset_0/n03028079/12.png
 create mode 100644 results/nette_ags_full_ipc50/dataset_0/n03028079/13.png
 create mode 100644 results/nette_ags_full_ipc50/dataset_0/n03028079/14.png
 create mode 100644 results/nette_ags_full_ipc50/dataset_0/n03028079/15.png
 create mode 100644 results/nette_ags_full_ipc50/dataset_0/n03028079/16.png
 create mode 100644 results/nette_ags_full_ipc50/dataset_0/n03028079/17.png
 create mode 100644 results/nette_ags_full_ipc50/dataset_0/n03028079/18.png
 create mode 100644 results/nette_ags_full_ipc50/dataset_0/n03028079/19.png
 create mode 100644 results/nette_ags_full_ipc50/dataset_0/n03028079/2.png
 create mode 100644 results/nette_ags_full_ipc50/dataset_0/n03028079/20.png
 create mode 100644 results/nette_ags_full_ipc50/dataset_0/n03028079/21.png
 create mode 100644 results/nette_ags_full_ipc50/dataset_0/n03028079/22.png
 create mode 100644 results/nette_ags_full_ipc50/dataset_0/n03028079/23.png
 create mode 100644 results/nette_ags_full_ipc50/dataset_0/n03028079/24.png
 create mode 100644 results/nette_ags_full_ipc50/dataset_0/n03028079/25.png
 create mode 100644 results/nette_ags_full_ipc50/dataset_0/n03028079/26.png
 create mode 100644 results/nette_ags_full_ipc50/dataset_0/n03028079/27.png
 create mode 100644 results/nette_ags_full_ipc50/dataset_0/n03028079/28.png
 create mode 100644 results/nette_ags_full_ipc50/dataset_0/n03028079/29.png
 create mode 100644 results/nette_ags_full_ipc50/dataset_0/n03028079/3.png
 create mode 100644 results/nette_ags_full_ipc50/dataset_0/n03028079/30.png
 create mode 100644 results/nette_ags_full_ipc50/dataset_0/n03028079/31.png
 create mode 100644 results/nette_ags_full_ipc50/dataset_0/n03028079/32.png
 create mode 100644 results/nette_ags_full_ipc50/dataset_0/n03028079/33.png
 create mode 100644 results/nette_ags_full_ipc50/dataset_0/n03028079/34.png
 create mode 100644 results/nette_ags_full_ipc50/dataset_0/n03028079/35.png
 create mode 100644 results/nette_ags_full_ipc50/dataset_0/n03028079/36.png
 create mode 100644 results/nette_ags_full_ipc50/dataset_0/n03028079/37.png
 create mode 100644 results/nette_ags_full_ipc50/dataset_0/n03028079/38.png
 create mode 100644 results/nette_ags_full_ipc50/dataset_0/n03028079/39.png
 create mode 100644 results/nette_ags_full_ipc50/dataset_0/n03028079/4.png
 create mode 100644 results/nette_ags_full_ipc50/dataset_0/n03028079/40.png
 create mode 100644 results/nette_ags_full_ipc50/dataset_0/n03028079/41.png
 create mode 100644 results/nette_ags_full_ipc50/dataset_0/n03028079/42.png
 create mode 100644 results/nette_ags_full_ipc50/dataset_0/n03028079/43.png
 create mode 100644 results/nette_ags_full_ipc50/dataset_0/n03028079/44.png
 create mode 100644 results/nette_ags_full_ipc50/dataset_0/n03028079/45.png
 create mode 100644 results/nette_ags_full_ipc50/dataset_0/n03028079/46.png
 create mode 100644 results/nette_ags_full_ipc50/dataset_0/n03028079/47.png
 create mode 100644 results/nette_ags_full_ipc50/dataset_0/n03028079/48.png
 create mode 100644 results/nette_ags_full_ipc50/dataset_0/n03028079/49.png
 create mode 100644 results/nette_ags_full_ipc50/dataset_0/n03028079/5.png
 create mode 100644 results/nette_ags_full_ipc50/dataset_0/n03028079/6.png
 create mode 100644 results/nette_ags_full_ipc50/dataset_0/n03028079/7.png
 create mode 100644 results/nette_ags_full_ipc50/dataset_0/n03028079/8.png
 create mode 100644 results/nette_ags_full_ipc50/dataset_0/n03028079/9.png
 create mode 100644 results/nette_ags_full_ipc50/dataset_0/n03394916/0.png
 create mode 100644 results/nette_ags_full_ipc50/dataset_0/n03394916/1.png
 create mode 100644 results/nette_ags_full_ipc50/dataset_0/n03394916/10.png
 create mode 100644 results/nette_ags_full_ipc50/dataset_0/n03394916/11.png
 create mode 100644 results/nette_ags_full_ipc50/dataset_0/n03394916/12.png
 create mode 100644 results/nette_ags_full_ipc50/dataset_0/n03394916/13.png
 create mode 100644 results/nette_ags_full_ipc50/dataset_0/n03394916/14.png
 create mode 100644 results/nette_ags_full_ipc50/dataset_0/n03394916/15.png
 create mode 100644 results/nette_ags_full_ipc50/dataset_0/n03394916/16.png
 create mode 100644 results/nette_ags_full_ipc50/dataset_0/n03394916/17.png
 create mode 100644 results/nette_ags_full_ipc50/dataset_0/n03394916/18.png
 create mode 100644 results/nette_ags_full_ipc50/dataset_0/n03394916/19.png
 create mode 100644 results/nette_ags_full_ipc50/dataset_0/n03394916/2.png
 create mode 100644 results/nette_ags_full_ipc50/dataset_0/n03394916/20.png
 create mode 100644 results/nette_ags_full_ipc50/dataset_0/n03394916/21.png
 create mode 100644 results/nette_ags_full_ipc50/dataset_0/n03394916/22.png
 create mode 100644 results/nette_ags_full_ipc50/dataset_0/n03394916/23.png
 create mode 100644 results/nette_ags_full_ipc50/dataset_0/n03394916/24.png
 create mode 100644 results/nette_ags_full_ipc50/dataset_0/n03394916/25.png
 create mode 100644 results/nette_ags_full_ipc50/dataset_0/n03394916/26.png
 create mode 100644 results/nette_ags_full_ipc50/dataset_0/n03394916/27.png
 create mode 100644 results/nette_ags_full_ipc50/dataset_0/n03394916/28.png
 create mode 100644 results/nette_ags_full_ipc50/dataset_0/n03394916/29.png
 create mode 100644 results/nette_ags_full_ipc50/dataset_0/n03394916/3.png
 create mode 100644 results/nette_ags_full_ipc50/dataset_0/n03394916/30.png
 create mode 100644 results/nette_ags_full_ipc50/dataset_0/n03394916/31.png
 create mode 100644 results/nette_ags_full_ipc50/dataset_0/n03394916/32.png
 create mode 100644 results/nette_ags_full_ipc50/dataset_0/n03394916/33.png
 create mode 100644 results/nette_ags_full_ipc50/dataset_0/n03394916/34.png
 create mode 100644 results/nette_ags_full_ipc50/dataset_0/n03394916/35.png
 create mode 100644 results/nette_ags_full_ipc50/dataset_0/n03394916/36.png
 create mode 100644 results/nette_ags_full_ipc50/dataset_0/n03394916/37.png
 create mode 100644 results/nette_ags_full_ipc50/dataset_0/n03394916/38.png
 create mode 100644 results/nette_ags_full_ipc50/dataset_0/n03394916/39.png
 create mode 100644 results/nette_ags_full_ipc50/dataset_0/n03394916/4.png
 create mode 100644 results/nette_ags_full_ipc50/dataset_0/n03394916/40.png
 create mode 100644 results/nette_ags_full_ipc50/dataset_0/n03394916/41.png
 create mode 100644 results/nette_ags_full_ipc50/dataset_0/n03394916/42.png
 create mode 100644 results/nette_ags_full_ipc50/dataset_0/n03394916/43.png
 create mode 100644 results/nette_ags_full_ipc50/dataset_0/n03394916/44.png
 create mode 100644 results/nette_ags_full_ipc50/dataset_0/n03394916/45.png
 create mode 100644 results/nette_ags_full_ipc50/dataset_0/n03394916/46.png
 create mode 100644 results/nette_ags_full_ipc50/dataset_0/n03394916/47.png
 create mode 100644 results/nette_ags_full_ipc50/dataset_0/n03394916/48.png
 create mode 100644 results/nette_ags_full_ipc50/dataset_0/n03394916/49.png
 create mode 100644 results/nette_ags_full_ipc50/dataset_0/n03394916/5.png
 create mode 100644 results/nette_ags_full_ipc50/dataset_0/n03394916/6.png
 create mode 100644 results/nette_ags_full_ipc50/dataset_0/n03394916/7.png
 create mode 100644 results/nette_ags_full_ipc50/dataset_0/n03394916/8.png
 create mode 100644 results/nette_ags_full_ipc50/dataset_0/n03394916/9.png
 create mode 100644 results/nette_ags_full_ipc50/dataset_0/n03417042/0.png
 create mode 100644 results/nette_ags_full_ipc50/dataset_0/n03417042/1.png
 create mode 100644 results/nette_ags_full_ipc50/dataset_0/n03417042/10.png
 create mode 100644 results/nette_ags_full_ipc50/dataset_0/n03417042/11.png
 create mode 100644 results/nette_ags_full_ipc50/dataset_0/n03417042/12.png
 create mode 100644 results/nette_ags_full_ipc50/dataset_0/n03417042/13.png
 create mode 100644 results/nette_ags_full_ipc50/dataset_0/n03417042/14.png
 create mode 100644 results/nette_ags_full_ipc50/dataset_0/n03417042/15.png
 create mode 100644 results/nette_ags_full_ipc50/dataset_0/n03417042/16.png
 create mode 100644 results/nette_ags_full_ipc50/dataset_0/n03417042/17.png
 create mode 100644 results/nette_ags_full_ipc50/dataset_0/n03417042/18.png
 create mode 100644 results/nette_ags_full_ipc50/dataset_0/n03417042/19.png
 create mode 100644 results/nette_ags_full_ipc50/dataset_0/n03417042/2.png
 create mode 100644 results/nette_ags_full_ipc50/dataset_0/n03417042/20.png
 create mode 100644 results/nette_ags_full_ipc50/dataset_0/n03417042/21.png
 create mode 100644 results/nette_ags_full_ipc50/dataset_0/n03417042/22.png
 create mode 100644 results/nette_ags_full_ipc50/dataset_0/n03417042/23.png
 create mode 100644 results/nette_ags_full_ipc50/dataset_0/n03417042/24.png
 create mode 100644 results/nette_ags_full_ipc50/dataset_0/n03417042/25.png
 create mode 100644 results/nette_ags_full_ipc50/dataset_0/n03417042/26.png
 create mode 100644 results/nette_ags_full_ipc50/dataset_0/n03417042/27.png
 create mode 100644 results/nette_ags_full_ipc50/dataset_0/n03417042/28.png
 create mode 100644 results/nette_ags_full_ipc50/dataset_0/n03417042/29.png
 create mode 100644 results/nette_ags_full_ipc50/dataset_0/n03417042/3.png
 create mode 100644 results/nette_ags_full_ipc50/dataset_0/n03417042/30.png
 create mode 100644 results/nette_ags_full_ipc50/dataset_0/n03417042/31.png
 create mode 100644 results/nette_ags_full_ipc50/dataset_0/n03417042/32.png
 create mode 100644 results/nette_ags_full_ipc50/dataset_0/n03417042/33.png
 create mode 100644 results/nette_ags_full_ipc50/dataset_0/n03417042/34.png
 create mode 100644 results/nette_ags_full_ipc50/dataset_0/n03417042/35.png
 create mode 100644 results/nette_ags_full_ipc50/dataset_0/n03417042/36.png
 create mode 100644 results/nette_ags_full_ipc50/dataset_0/n03417042/37.png
 create mode 100644 results/nette_ags_full_ipc50/dataset_0/n03417042/38.png
 create mode 100644 results/nette_ags_full_ipc50/dataset_0/n03417042/39.png
 create mode 100644 results/nette_ags_full_ipc50/dataset_0/n03417042/4.png
 create mode 100644 results/nette_ags_full_ipc50/dataset_0/n03417042/40.png
 create mode 100644 results/nette_ags_full_ipc50/dataset_0/n03417042/41.png
 create mode 100644 results/nette_ags_full_ipc50/dataset_0/n03417042/42.png
 create mode 100644 results/nette_ags_full_ipc50/dataset_0/n03417042/43.png
 create mode 100644 results/nette_ags_full_ipc50/dataset_0/n03417042/44.png
 create mode 100644 results/nette_ags_full_ipc50/dataset_0/n03417042/45.png
 create mode 100644 results/nette_ags_full_ipc50/dataset_0/n03417042/46.png
 create mode 100644 results/nette_ags_full_ipc50/dataset_0/n03417042/47.png
 create mode 100644 results/nette_ags_full_ipc50/dataset_0/n03417042/48.png
 create mode 100644 results/nette_ags_full_ipc50/dataset_0/n03417042/49.png
 create mode 100644 results/nette_ags_full_ipc50/dataset_0/n03417042/5.png
 create mode 100644 results/nette_ags_full_ipc50/dataset_0/n03417042/6.png
 create mode 100644 results/nette_ags_full_ipc50/dataset_0/n03417042/7.png
 create mode 100644 results/nette_ags_full_ipc50/dataset_0/n03417042/8.png
 create mode 100644 results/nette_ags_full_ipc50/dataset_0/n03417042/9.png
 create mode 100644 results/nette_ags_full_ipc50/dataset_0/n03425413/0.png
 create mode 100644 results/nette_ags_full_ipc50/dataset_0/n03425413/1.png
 create mode 100644 results/nette_ags_full_ipc50/dataset_0/n03425413/10.png
 create mode 100644 results/nette_ags_full_ipc50/dataset_0/n03425413/11.png
 create mode 100644 results/nette_ags_full_ipc50/dataset_0/n03425413/12.png
 create mode 100644 results/nette_ags_full_ipc50/dataset_0/n03425413/13.png
 create mode 100644 results/nette_ags_full_ipc50/dataset_0/n03425413/14.png
 create mode 100644 results/nette_ags_full_ipc50/dataset_0/n03425413/15.png
 create mode 100644 results/nette_ags_full_ipc50/dataset_0/n03425413/16.png
 create mode 100644 results/nette_ags_full_ipc50/dataset_0/n03425413/17.png
 create mode 100644 results/nette_ags_full_ipc50/dataset_0/n03425413/18.png
 create mode 100644 results/nette_ags_full_ipc50/dataset_0/n03425413/19.png
 create mode 100644 results/nette_ags_full_ipc50/dataset_0/n03425413/2.png
 create mode 100644 results/nette_ags_full_ipc50/dataset_0/n03425413/20.png
 create mode 100644 results/nette_ags_full_ipc50/dataset_0/n03425413/21.png
 create mode 100644 results/nette_ags_full_ipc50/dataset_0/n03425413/22.png
 create mode 100644 results/nette_ags_full_ipc50/dataset_0/n03425413/23.png
 create mode 100644 results/nette_ags_full_ipc50/dataset_0/n03425413/24.png
 create mode 100644 results/nette_ags_full_ipc50/dataset_0/n03425413/25.png
 create mode 100644 results/nette_ags_full_ipc50/dataset_0/n03425413/26.png
 create mode 100644 results/nette_ags_full_ipc50/dataset_0/n03425413/27.png
 create mode 100644 results/nette_ags_full_ipc50/dataset_0/n03425413/28.png
 create mode 100644 results/nette_ags_full_ipc50/dataset_0/n03425413/29.png
 create mode 100644 results/nette_ags_full_ipc50/dataset_0/n03425413/3.png
 create mode 100644 results/nette_ags_full_ipc50/dataset_0/n03425413/30.png
 create mode 100644 results/nette_ags_full_ipc50/dataset_0/n03425413/31.png
 create mode 100644 results/nette_ags_full_ipc50/dataset_0/n03425413/32.png
 create mode 100644 results/nette_ags_full_ipc50/dataset_0/n03425413/33.png
 create mode 100644 results/nette_ags_full_ipc50/dataset_0/n03425413/34.png
 create mode 100644 results/nette_ags_full_ipc50/dataset_0/n03425413/35.png
 create mode 100644 results/nette_ags_full_ipc50/dataset_0/n03425413/36.png
 create mode 100644 results/nette_ags_full_ipc50/dataset_0/n03425413/37.png
 create mode 100644 results/nette_ags_full_ipc50/dataset_0/n03425413/38.png
 create mode 100644 results/nette_ags_full_ipc50/dataset_0/n03425413/39.png
 create mode 100644 results/nette_ags_full_ipc50/dataset_0/n03425413/4.png
 create mode 100644 results/nette_ags_full_ipc50/dataset_0/n03425413/40.png
 create mode 100644 results/nette_ags_full_ipc50/dataset_0/n03425413/41.png
 create mode 100644 results/nette_ags_full_ipc50/dataset_0/n03425413/42.png
 create mode 100644 results/nette_ags_full_ipc50/dataset_0/n03425413/43.png
 create mode 100644 results/nette_ags_full_ipc50/dataset_0/n03425413/44.png
 create mode 100644 results/nette_ags_full_ipc50/dataset_0/n03425413/45.png
 create mode 100644 results/nette_ags_full_ipc50/dataset_0/n03425413/46.png
 create mode 100644 results/nette_ags_full_ipc50/dataset_0/n03425413/47.png
 create mode 100644 results/nette_ags_full_ipc50/dataset_0/n03425413/48.png
 create mode 100644 results/nette_ags_full_ipc50/dataset_0/n03425413/49.png
 create mode 100644 results/nette_ags_full_ipc50/dataset_0/n03425413/5.png
 create mode 100644 results/nette_ags_full_ipc50/dataset_0/n03425413/6.png
 create mode 100644 results/nette_ags_full_ipc50/dataset_0/n03425413/7.png
 create mode 100644 results/nette_ags_full_ipc50/dataset_0/n03425413/8.png
 create mode 100644 results/nette_ags_full_ipc50/dataset_0/n03425413/9.png
 create mode 100644 results/nette_ags_full_ipc50/dataset_0/n03445777/0.png
 create mode 100644 results/nette_ags_full_ipc50/dataset_0/n03445777/1.png
 create mode 100644 results/nette_ags_full_ipc50/dataset_0/n03445777/10.png
 create mode 100644 results/nette_ags_full_ipc50/dataset_0/n03445777/11.png
 create mode 100644 results/nette_ags_full_ipc50/dataset_0/n03445777/12.png
 create mode 100644 results/nette_ags_full_ipc50/dataset_0/n03445777/13.png
 create mode 100644 results/nette_ags_full_ipc50/dataset_0/n03445777/14.png
 create mode 100644 results/nette_ags_full_ipc50/dataset_0/n03445777/15.png
 create mode 100644 results/nette_ags_full_ipc50/dataset_0/n03445777/16.png
 create mode 100644 results/nette_ags_full_ipc50/dataset_0/n03445777/17.png
 create mode 100644 results/nette_ags_full_ipc50/dataset_0/n03445777/18.png
 create mode 100644 results/nette_ags_full_ipc50/dataset_0/n03445777/19.png
 create mode 100644 results/nette_ags_full_ipc50/dataset_0/n03445777/2.png
 create mode 100644 results/nette_ags_full_ipc50/dataset_0/n03445777/20.png
 create mode 100644 results/nette_ags_full_ipc50/dataset_0/n03445777/21.png
 create mode 100644 results/nette_ags_full_ipc50/dataset_0/n03445777/22.png
 create mode 100644 results/nette_ags_full_ipc50/dataset_0/n03445777/23.png
 create mode 100644 results/nette_ags_full_ipc50/dataset_0/n03445777/24.png
 create mode 100644 results/nette_ags_full_ipc50/dataset_0/n03445777/25.png
 create mode 100644 results/nette_ags_full_ipc50/dataset_0/n03445777/26.png
 create mode 100644 results/nette_ags_full_ipc50/dataset_0/n03445777/27.png
 create mode 100644 results/nette_ags_full_ipc50/dataset_0/n03445777/28.png
 create mode 100644 results/nette_ags_full_ipc50/dataset_0/n03445777/29.png
 create mode 100644 results/nette_ags_full_ipc50/dataset_0/n03445777/3.png
 create mode 100644 results/nette_ags_full_ipc50/dataset_0/n03445777/30.png
 create mode 100644 results/nette_ags_full_ipc50/dataset_0/n03445777/31.png
 create mode 100644 results/nette_ags_full_ipc50/dataset_0/n03445777/32.png
 create mode 100644 results/nette_ags_full_ipc50/dataset_0/n03445777/33.png
 create mode 100644 results/nette_ags_full_ipc50/dataset_0/n03445777/34.png
 create mode 100644 results/nette_ags_full_ipc50/dataset_0/n03445777/35.png
 create mode 100644 results/nette_ags_full_ipc50/dataset_0/n03445777/36.png
 create mode 100644 results/nette_ags_full_ipc50/dataset_0/n03445777/37.png
 create mode 100644 results/nette_ags_full_ipc50/dataset_0/n03445777/38.png
 create mode 100644 results/nette_ags_full_ipc50/dataset_0/n03445777/39.png
 create mode 100644 results/nette_ags_full_ipc50/dataset_0/n03445777/4.png
 create mode 100644 results/nette_ags_full_ipc50/dataset_0/n03445777/40.png
 create mode 100644 results/nette_ags_full_ipc50/dataset_0/n03445777/41.png
 create mode 100644 results/nette_ags_full_ipc50/dataset_0/n03445777/42.png
 create mode 100644 results/nette_ags_full_ipc50/dataset_0/n03445777/43.png
 create mode 100644 results/nette_ags_full_ipc50/dataset_0/n03445777/44.png
 create mode 100644 results/nette_ags_full_ipc50/dataset_0/n03445777/45.png
 create mode 100644 results/nette_ags_full_ipc50/dataset_0/n03445777/46.png
 create mode 100644 results/nette_ags_full_ipc50/dataset_0/n03445777/47.png
 create mode 100644 results/nette_ags_full_ipc50/dataset_0/n03445777/48.png
 create mode 100644 results/nette_ags_full_ipc50/dataset_0/n03445777/49.png
 create mode 100644 results/nette_ags_full_ipc50/dataset_0/n03445777/5.png
 create mode 100644 results/nette_ags_full_ipc50/dataset_0/n03445777/6.png
 create mode 100644 results/nette_ags_full_ipc50/dataset_0/n03445777/7.png
 create mode 100644 results/nette_ags_full_ipc50/dataset_0/n03445777/8.png
 create mode 100644 results/nette_ags_full_ipc50/dataset_0/n03445777/9.png
 create mode 100644 results/nette_ags_full_ipc50/dataset_0/n03888257/0.png
 create mode 100644 results/nette_ags_full_ipc50/dataset_0/n03888257/1.png
 create mode 100644 results/nette_ags_full_ipc50/dataset_0/n03888257/10.png
 create mode 100644 results/nette_ags_full_ipc50/dataset_0/n03888257/11.png
 create mode 100644 results/nette_ags_full_ipc50/dataset_0/n03888257/12.png
 create mode 100644 results/nette_ags_full_ipc50/dataset_0/n03888257/13.png
 create mode 100644 results/nette_ags_full_ipc50/dataset_0/n03888257/14.png
 create mode 100644 results/nette_ags_full_ipc50/dataset_0/n03888257/15.png
 create mode 100644 results/nette_ags_full_ipc50/dataset_0/n03888257/16.png
 create mode 100644 results/nette_ags_full_ipc50/dataset_0/n03888257/17.png
 create mode 100644 results/nette_ags_full_ipc50/dataset_0/n03888257/18.png
 create mode 100644 results/nette_ags_full_ipc50/dataset_0/n03888257/19.png
 create mode 100644 results/nette_ags_full_ipc50/dataset_0/n03888257/2.png
 create mode 100644 results/nette_ags_full_ipc50/dataset_0/n03888257/20.png
 create mode 100644 results/nette_ags_full_ipc50/dataset_0/n03888257/21.png
 create mode 100644 results/nette_ags_full_ipc50/dataset_0/n03888257/22.png
 create mode 100644 results/nette_ags_full_ipc50/dataset_0/n03888257/23.png
 create mode 100644 results/nette_ags_full_ipc50/dataset_0/n03888257/24.png
 create mode 100644 results/nette_ags_full_ipc50/dataset_0/n03888257/25.png
 create mode 100644 results/nette_ags_full_ipc50/dataset_0/n03888257/26.png
 create mode 100644 results/nette_ags_full_ipc50/dataset_0/n03888257/27.png
 create mode 100644 results/nette_ags_full_ipc50/dataset_0/n03888257/28.png
 create mode 100644 results/nette_ags_full_ipc50/dataset_0/n03888257/29.png
 create mode 100644 results/nette_ags_full_ipc50/dataset_0/n03888257/3.png
 create mode 100644 results/nette_ags_full_ipc50/dataset_0/n03888257/30.png
 create mode 100644 results/nette_ags_full_ipc50/dataset_0/n03888257/31.png
 create mode 100644 results/nette_ags_full_ipc50/dataset_0/n03888257/32.png
 create mode 100644 results/nette_ags_full_ipc50/dataset_0/n03888257/33.png
 create mode 100644 results/nette_ags_full_ipc50/dataset_0/n03888257/34.png
 create mode 100644 results/nette_ags_full_ipc50/dataset_0/n03888257/35.png
 create mode 100644 results/nette_ags_full_ipc50/dataset_0/n03888257/36.png
 create mode 100644 results/nette_ags_full_ipc50/dataset_0/n03888257/37.png
 create mode 100644 results/nette_ags_full_ipc50/dataset_0/n03888257/38.png
 create mode 100644 results/nette_ags_full_ipc50/dataset_0/n03888257/39.png
 create mode 100644 results/nette_ags_full_ipc50/dataset_0/n03888257/4.png
 create mode 100644 results/nette_ags_full_ipc50/dataset_0/n03888257/40.png
 create mode 100644 results/nette_ags_full_ipc50/dataset_0/n03888257/41.png
 create mode 100644 results/nette_ags_full_ipc50/dataset_0/n03888257/42.png
 create mode 100644 results/nette_ags_full_ipc50/dataset_0/n03888257/43.png
 create mode 100644 results/nette_ags_full_ipc50/dataset_0/n03888257/44.png
 create mode 100644 results/nette_ags_full_ipc50/dataset_0/n03888257/45.png
 create mode 100644 results/nette_ags_full_ipc50/dataset_0/n03888257/46.png
 create mode 100644 results/nette_ags_full_ipc50/dataset_0/n03888257/47.png
 create mode 100644 results/nette_ags_full_ipc50/dataset_0/n03888257/48.png
 create mode 100644 results/nette_ags_full_ipc50/dataset_0/n03888257/49.png
 create mode 100644 results/nette_ags_full_ipc50/dataset_0/n03888257/5.png
 create mode 100644 results/nette_ags_full_ipc50/dataset_0/n03888257/6.png
 create mode 100644 results/nette_ags_full_ipc50/dataset_0/n03888257/7.png
 create mode 100644 results/nette_ags_full_ipc50/dataset_0/n03888257/8.png
 create mode 100644 results/nette_ags_full_ipc50/dataset_0/n03888257/9.png
 create mode 100644 results/nette_ags_full_ipc50/dataset_1/n01440764/0.png
 create mode 100644 results/nette_ags_full_ipc50/dataset_1/n01440764/1.png
 create mode 100644 results/nette_ags_full_ipc50/dataset_1/n01440764/10.png
 create mode 100644 results/nette_ags_full_ipc50/dataset_1/n01440764/11.png
 create mode 100644 results/nette_ags_full_ipc50/dataset_1/n01440764/12.png
 create mode 100644 results/nette_ags_full_ipc50/dataset_1/n01440764/13.png
 create mode 100644 results/nette_ags_full_ipc50/dataset_1/n01440764/14.png
 create mode 100644 results/nette_ags_full_ipc50/dataset_1/n01440764/15.png
 create mode 100644 results/nette_ags_full_ipc50/dataset_1/n01440764/16.png
 create mode 100644 results/nette_ags_full_ipc50/dataset_1/n01440764/17.png
 create mode 100644 results/nette_ags_full_ipc50/dataset_1/n01440764/18.png
 create mode 100644 results/nette_ags_full_ipc50/dataset_1/n01440764/19.png
 create mode 100644 results/nette_ags_full_ipc50/dataset_1/n01440764/2.png
 create mode 100644 results/nette_ags_full_ipc50/dataset_1/n01440764/20.png
 create mode 100644 results/nette_ags_full_ipc50/dataset_1/n01440764/21.png
 create mode 100644 results/nette_ags_full_ipc50/dataset_1/n01440764/22.png
 create mode 100644 results/nette_ags_full_ipc50/dataset_1/n01440764/23.png
 create mode 100644 results/nette_ags_full_ipc50/dataset_1/n01440764/24.png
 create mode 100644 results/nette_ags_full_ipc50/dataset_1/n01440764/25.png
 create mode 100644 results/nette_ags_full_ipc50/dataset_1/n01440764/26.png
 create mode 100644 results/nette_ags_full_ipc50/dataset_1/n01440764/27.png
 create mode 100644 results/nette_ags_full_ipc50/dataset_1/n01440764/28.png
 create mode 100644 results/nette_ags_full_ipc50/dataset_1/n01440764/29.png
 create mode 100644 results/nette_ags_full_ipc50/dataset_1/n01440764/3.png
 create mode 100644 results/nette_ags_full_ipc50/dataset_1/n01440764/30.png
 create mode 100644 results/nette_ags_full_ipc50/dataset_1/n01440764/31.png
 create mode 100644 results/nette_ags_full_ipc50/dataset_1/n01440764/32.png
 create mode 100644 results/nette_ags_full_ipc50/dataset_1/n01440764/33.png
 create mode 100644 results/nette_ags_full_ipc50/dataset_1/n01440764/34.png
 create mode 100644 results/nette_ags_full_ipc50/dataset_1/n01440764/35.png
 create mode 100644 results/nette_ags_full_ipc50/dataset_1/n01440764/36.png
 create mode 100644 results/nette_ags_full_ipc50/dataset_1/n01440764/37.png
 create mode 100644 results/nette_ags_full_ipc50/dataset_1/n01440764/38.png
 create mode 100644 results/nette_ags_full_ipc50/dataset_1/n01440764/39.png
 create mode 100644 results/nette_ags_full_ipc50/dataset_1/n01440764/4.png
 create mode 100644 results/nette_ags_full_ipc50/dataset_1/n01440764/40.png
 create mode 100644 results/nette_ags_full_ipc50/dataset_1/n01440764/41.png
 create mode 100644 results/nette_ags_full_ipc50/dataset_1/n01440764/42.png
 create mode 100644 results/nette_ags_full_ipc50/dataset_1/n01440764/43.png
 create mode 100644 results/nette_ags_full_ipc50/dataset_1/n01440764/44.png
 create mode 100644 results/nette_ags_full_ipc50/dataset_1/n01440764/45.png
 create mode 100644 results/nette_ags_full_ipc50/dataset_1/n01440764/46.png
 create mode 100644 results/nette_ags_full_ipc50/dataset_1/n01440764/47.png
 create mode 100644 results/nette_ags_full_ipc50/dataset_1/n01440764/48.png
 create mode 100644 results/nette_ags_full_ipc50/dataset_1/n01440764/49.png
 create mode 100644 results/nette_ags_full_ipc50/dataset_1/n01440764/5.png
 create mode 100644 results/nette_ags_full_ipc50/dataset_1/n01440764/6.png
 create mode 100644 results/nette_ags_full_ipc50/dataset_1/n01440764/7.png
 create mode 100644 results/nette_ags_full_ipc50/dataset_1/n01440764/8.png
 create mode 100644 results/nette_ags_full_ipc50/dataset_1/n01440764/9.png
 create mode 100644 results/nette_ags_full_ipc50/dataset_1/n02102040/0.png
 create mode 100644 results/nette_ags_full_ipc50/dataset_1/n02102040/1.png
 create mode 100644 results/nette_ags_full_ipc50/dataset_1/n02102040/10.png
 create mode 100644 results/nette_ags_full_ipc50/dataset_1/n02102040/11.png
 create mode 100644 results/nette_ags_full_ipc50/dataset_1/n02102040/12.png
 create mode 100644 results/nette_ags_full_ipc50/dataset_1/n02102040/13.png
 create mode 100644 results/nette_ags_full_ipc50/dataset_1/n02102040/14.png
 create mode 100644 results/nette_ags_full_ipc50/dataset_1/n02102040/15.png
 create mode 100644 results/nette_ags_full_ipc50/dataset_1/n02102040/16.png
 create mode 100644 results/nette_ags_full_ipc50/dataset_1/n02102040/17.png
 create mode 100644 results/nette_ags_full_ipc50/dataset_1/n02102040/18.png
 create mode 100644 results/nette_ags_full_ipc50/dataset_1/n02102040/19.png
 create mode 100644 results/nette_ags_full_ipc50/dataset_1/n02102040/2.png
 create mode 100644 results/nette_ags_full_ipc50/dataset_1/n02102040/20.png
 create mode 100644 results/nette_ags_full_ipc50/dataset_1/n02102040/21.png
 create mode 100644 results/nette_ags_full_ipc50/dataset_1/n02102040/22.png
 create mode 100644 results/nette_ags_full_ipc50/dataset_1/n02102040/23.png
 create mode 100644 results/nette_ags_full_ipc50/dataset_1/n02102040/24.png
 create mode 100644 results/nette_ags_full_ipc50/dataset_1/n02102040/25.png
 create mode 100644 results/nette_ags_full_ipc50/dataset_1/n02102040/26.png
 create mode 100644 results/nette_ags_full_ipc50/dataset_1/n02102040/27.png
 create mode 100644 results/nette_ags_full_ipc50/dataset_1/n02102040/28.png
 create mode 100644 results/nette_ags_full_ipc50/dataset_1/n02102040/29.png
 create mode 100644 results/nette_ags_full_ipc50/dataset_1/n02102040/3.png
 create mode 100644 results/nette_ags_full_ipc50/dataset_1/n02102040/30.png
 create mode 100644 results/nette_ags_full_ipc50/dataset_1/n02102040/31.png
 create mode 100644 results/nette_ags_full_ipc50/dataset_1/n02102040/32.png
 create mode 100644 results/nette_ags_full_ipc50/dataset_1/n02102040/33.png
 create mode 100644 results/nette_ags_full_ipc50/dataset_1/n02102040/34.png
 create mode 100644 results/nette_ags_full_ipc50/dataset_1/n02102040/35.png
 create mode 100644 results/nette_ags_full_ipc50/dataset_1/n02102040/36.png
 create mode 100644 results/nette_ags_full_ipc50/dataset_1/n02102040/37.png
 create mode 100644 results/nette_ags_full_ipc50/dataset_1/n02102040/38.png
 create mode 100644 results/nette_ags_full_ipc50/dataset_1/n02102040/39.png
 create mode 100644 results/nette_ags_full_ipc50/dataset_1/n02102040/4.png
 create mode 100644 results/nette_ags_full_ipc50/dataset_1/n02102040/40.png
 create mode 100644 results/nette_ags_full_ipc50/dataset_1/n02102040/41.png
 create mode 100644 results/nette_ags_full_ipc50/dataset_1/n02102040/42.png
 create mode 100644 results/nette_ags_full_ipc50/dataset_1/n02102040/43.png
 create mode 100644 results/nette_ags_full_ipc50/dataset_1/n02102040/44.png
 create mode 100644 results/nette_ags_full_ipc50/dataset_1/n02102040/45.png
 create mode 100644 results/nette_ags_full_ipc50/dataset_1/n02102040/46.png
 create mode 100644 results/nette_ags_full_ipc50/dataset_1/n02102040/47.png
 create mode 100644 results/nette_ags_full_ipc50/dataset_1/n02102040/48.png
 create mode 100644 results/nette_ags_full_ipc50/dataset_1/n02102040/49.png
 create mode 100644 results/nette_ags_full_ipc50/dataset_1/n02102040/5.png
 create mode 100644 results/nette_ags_full_ipc50/dataset_1/n02102040/6.png
 create mode 100644 results/nette_ags_full_ipc50/dataset_1/n02102040/7.png
 create mode 100644 results/nette_ags_full_ipc50/dataset_1/n02102040/8.png
 create mode 100644 results/nette_ags_full_ipc50/dataset_1/n02102040/9.png
 create mode 100644 results/nette_ags_full_ipc50/dataset_1/n02979186/0.png
 create mode 100644 results/nette_ags_full_ipc50/dataset_1/n02979186/1.png
 create mode 100644 results/nette_ags_full_ipc50/dataset_1/n02979186/10.png
 create mode 100644 results/nette_ags_full_ipc50/dataset_1/n02979186/11.png
 create mode 100644 results/nette_ags_full_ipc50/dataset_1/n02979186/12.png
 create mode 100644 results/nette_ags_full_ipc50/dataset_1/n02979186/13.png
 create mode 100644 results/nette_ags_full_ipc50/dataset_1/n02979186/14.png
 create mode 100644 results/nette_ags_full_ipc50/dataset_1/n02979186/15.png
 create mode 100644 results/nette_ags_full_ipc50/dataset_1/n02979186/16.png
 create mode 100644 results/nette_ags_full_ipc50/dataset_1/n02979186/17.png
 create mode 100644 results/nette_ags_full_ipc50/dataset_1/n02979186/18.png
 create mode 100644 results/nette_ags_full_ipc50/dataset_1/n02979186/19.png
 create mode 100644 results/nette_ags_full_ipc50/dataset_1/n02979186/2.png
 create mode 100644 results/nette_ags_full_ipc50/dataset_1/n02979186/20.png
 create mode 100644 results/nette_ags_full_ipc50/dataset_1/n02979186/21.png
 create mode 100644 results/nette_ags_full_ipc50/dataset_1/n02979186/22.png
 create mode 100644 results/nette_ags_full_ipc50/dataset_1/n02979186/23.png
 create mode 100644 results/nette_ags_full_ipc50/dataset_1/n02979186/24.png
 create mode 100644 results/nette_ags_full_ipc50/dataset_1/n02979186/25.png
 create mode 100644 results/nette_ags_full_ipc50/dataset_1/n02979186/26.png
 create mode 100644 results/nette_ags_full_ipc50/dataset_1/n02979186/27.png
 create mode 100644 results/nette_ags_full_ipc50/dataset_1/n02979186/28.png
 create mode 100644 results/nette_ags_full_ipc50/dataset_1/n02979186/29.png
 create mode 100644 results/nette_ags_full_ipc50/dataset_1/n02979186/3.png
 create mode 100644 results/nette_ags_full_ipc50/dataset_1/n02979186/30.png
 create mode 100644 results/nette_ags_full_ipc50/dataset_1/n02979186/31.png
 create mode 100644 results/nette_ags_full_ipc50/dataset_1/n02979186/32.png
 create mode 100644 results/nette_ags_full_ipc50/dataset_1/n02979186/33.png
 create mode 100644 results/nette_ags_full_ipc50/dataset_1/n02979186/34.png
 create mode 100644 results/nette_ags_full_ipc50/dataset_1/n02979186/35.png
 create mode 100644 results/nette_ags_full_ipc50/dataset_1/n02979186/36.png
 create mode 100644 results/nette_ags_full_ipc50/dataset_1/n02979186/37.png
 create mode 100644 results/nette_ags_full_ipc50/dataset_1/n02979186/38.png
 create mode 100644 results/nette_ags_full_ipc50/dataset_1/n02979186/39.png
 create mode 100644 results/nette_ags_full_ipc50/dataset_1/n02979186/4.png
 create mode 100644 results/nette_ags_full_ipc50/dataset_1/n02979186/40.png
 create mode 100644 results/nette_ags_full_ipc50/dataset_1/n02979186/41.png
 create mode 100644 results/nette_ags_full_ipc50/dataset_1/n02979186/42.png
 create mode 100644 results/nette_ags_full_ipc50/dataset_1/n02979186/43.png
 create mode 100644 results/nette_ags_full_ipc50/dataset_1/n02979186/44.png
 create mode 100644 results/nette_ags_full_ipc50/dataset_1/n02979186/45.png
 create mode 100644 results/nette_ags_full_ipc50/dataset_1/n02979186/46.png
 create mode 100644 results/nette_ags_full_ipc50/dataset_1/n02979186/47.png
 create mode 100644 results/nette_ags_full_ipc50/dataset_1/n02979186/48.png
 create mode 100644 results/nette_ags_full_ipc50/dataset_1/n02979186/49.png
 create mode 100644 results/nette_ags_full_ipc50/dataset_1/n02979186/5.png
 create mode 100644 results/nette_ags_full_ipc50/dataset_1/n02979186/6.png
 create mode 100644 results/nette_ags_full_ipc50/dataset_1/n02979186/7.png
 create mode 100644 results/nette_ags_full_ipc50/dataset_1/n02979186/8.png
 create mode 100644 results/nette_ags_full_ipc50/dataset_1/n02979186/9.png
 create mode 100644 results/nette_ags_full_ipc50/dataset_1/n03000684/0.png
 create mode 100644 results/nette_ags_full_ipc50/dataset_1/n03000684/1.png
 create mode 100644 results/nette_ags_full_ipc50/dataset_1/n03000684/10.png
 create mode 100644 results/nette_ags_full_ipc50/dataset_1/n03000684/11.png
 create mode 100644 results/nette_ags_full_ipc50/dataset_1/n03000684/12.png
 create mode 100644 results/nette_ags_full_ipc50/dataset_1/n03000684/13.png
 create mode 100644 results/nette_ags_full_ipc50/dataset_1/n03000684/14.png
 create mode 100644 results/nette_ags_full_ipc50/dataset_1/n03000684/15.png
 create mode 100644 results/nette_ags_full_ipc50/dataset_1/n03000684/16.png
 create mode 100644 results/nette_ags_full_ipc50/dataset_1/n03000684/17.png
 create mode 100644 results/nette_ags_full_ipc50/dataset_1/n03000684/18.png
 create mode 100644 results/nette_ags_full_ipc50/dataset_1/n03000684/19.png
 create mode 100644 results/nette_ags_full_ipc50/dataset_1/n03000684/2.png
 create mode 100644 results/nette_ags_full_ipc50/dataset_1/n03000684/20.png
 create mode 100644 results/nette_ags_full_ipc50/dataset_1/n03000684/21.png
 create mode 100644 results/nette_ags_full_ipc50/dataset_1/n03000684/22.png
 create mode 100644 results/nette_ags_full_ipc50/dataset_1/n03000684/23.png
 create mode 100644 results/nette_ags_full_ipc50/dataset_1/n03000684/24.png
 create mode 100644 results/nette_ags_full_ipc50/dataset_1/n03000684/25.png
 create mode 100644 results/nette_ags_full_ipc50/dataset_1/n03000684/26.png
 create mode 100644 results/nette_ags_full_ipc50/dataset_1/n03000684/27.png
 create mode 100644 results/nette_ags_full_ipc50/dataset_1/n03000684/28.png
 create mode 100644 results/nette_ags_full_ipc50/dataset_1/n03000684/29.png
 create mode 100644 results/nette_ags_full_ipc50/dataset_1/n03000684/3.png
 create mode 100644 results/nette_ags_full_ipc50/dataset_1/n03000684/30.png
 create mode 100644 results/nette_ags_full_ipc50/dataset_1/n03000684/31.png
 create mode 100644 results/nette_ags_full_ipc50/dataset_1/n03000684/32.png
 create mode 100644 results/nette_ags_full_ipc50/dataset_1/n03000684/33.png
 create mode 100644 results/nette_ags_full_ipc50/dataset_1/n03000684/34.png
 create mode 100644 results/nette_ags_full_ipc50/dataset_1/n03000684/35.png
 create mode 100644 results/nette_ags_full_ipc50/dataset_1/n03000684/36.png
 create mode 100644 results/nette_ags_full_ipc50/dataset_1/n03000684/37.png
 create mode 100644 results/nette_ags_full_ipc50/dataset_1/n03000684/38.png
 create mode 100644 results/nette_ags_full_ipc50/dataset_1/n03000684/39.png
 create mode 100644 results/nette_ags_full_ipc50/dataset_1/n03000684/4.png
 create mode 100644 results/nette_ags_full_ipc50/dataset_1/n03000684/40.png
 create mode 100644 results/nette_ags_full_ipc50/dataset_1/n03000684/41.png
 create mode 100644 results/nette_ags_full_ipc50/dataset_1/n03000684/42.png
 create mode 100644 results/nette_ags_full_ipc50/dataset_1/n03000684/43.png
 create mode 100644 results/nette_ags_full_ipc50/dataset_1/n03000684/44.png
 create mode 100644 results/nette_ags_full_ipc50/dataset_1/n03000684/45.png
 create mode 100644 results/nette_ags_full_ipc50/dataset_1/n03000684/46.png
 create mode 100644 results/nette_ags_full_ipc50/dataset_1/n03000684/47.png
 create mode 100644 results/nette_ags_full_ipc50/dataset_1/n03000684/48.png
 create mode 100644 results/nette_ags_full_ipc50/dataset_1/n03000684/49.png
 create mode 100644 results/nette_ags_full_ipc50/dataset_1/n03000684/5.png
 create mode 100644 results/nette_ags_full_ipc50/dataset_1/n03000684/6.png
 create mode 100644 results/nette_ags_full_ipc50/dataset_1/n03000684/7.png
 create mode 100644 results/nette_ags_full_ipc50/dataset_1/n03000684/8.png
 create mode 100644 results/nette_ags_full_ipc50/dataset_1/n03000684/9.png
 create mode 100644 results/nette_ags_full_ipc50/dataset_1/n03028079/0.png
 create mode 100644 results/nette_ags_full_ipc50/dataset_1/n03028079/1.png
 create mode 100644 results/nette_ags_full_ipc50/dataset_1/n03028079/10.png
 create mode 100644 results/nette_ags_full_ipc50/dataset_1/n03028079/11.png
 create mode 100644 results/nette_ags_full_ipc50/dataset_1/n03028079/12.png
 create mode 100644 results/nette_ags_full_ipc50/dataset_1/n03028079/13.png
 create mode 100644 results/nette_ags_full_ipc50/dataset_1/n03028079/14.png
 create mode 100644 results/nette_ags_full_ipc50/dataset_1/n03028079/15.png
 create mode 100644 results/nette_ags_full_ipc50/dataset_1/n03028079/16.png
 create mode 100644 results/nette_ags_full_ipc50/dataset_1/n03028079/17.png
 create mode 100644 results/nette_ags_full_ipc50/dataset_1/n03028079/18.png
 create mode 100644 results/nette_ags_full_ipc50/dataset_1/n03028079/19.png
 create mode 100644 results/nette_ags_full_ipc50/dataset_1/n03028079/2.png
 create mode 100644 results/nette_ags_full_ipc50/dataset_1/n03028079/20.png
 create mode 100644 results/nette_ags_full_ipc50/dataset_1/n03028079/21.png
 create mode 100644 results/nette_ags_full_ipc50/dataset_1/n03028079/22.png
 create mode 100644 results/nette_ags_full_ipc50/dataset_1/n03028079/23.png
 create mode 100644 results/nette_ags_full_ipc50/dataset_1/n03028079/24.png
 create mode 100644 results/nette_ags_full_ipc50/dataset_1/n03028079/25.png
 create mode 100644 results/nette_ags_full_ipc50/dataset_1/n03028079/26.png
 create mode 100644 results/nette_ags_full_ipc50/dataset_1/n03028079/27.png
 create mode 100644 results/nette_ags_full_ipc50/dataset_1/n03028079/28.png
 create mode 100644 results/nette_ags_full_ipc50/dataset_1/n03028079/29.png
 create mode 100644 results/nette_ags_full_ipc50/dataset_1/n03028079/3.png
 create mode 100644 results/nette_ags_full_ipc50/dataset_1/n03028079/30.png
 create mode 100644 results/nette_ags_full_ipc50/dataset_1/n03028079/31.png
 create mode 100644 results/nette_ags_full_ipc50/dataset_1/n03028079/32.png
 create mode 100644 results/nette_ags_full_ipc50/dataset_1/n03028079/33.png
 create mode 100644 results/nette_ags_full_ipc50/dataset_1/n03028079/34.png
 create mode 100644 results/nette_ags_full_ipc50/dataset_1/n03028079/35.png
 create mode 100644 results/nette_ags_full_ipc50/dataset_1/n03028079/36.png
 create mode 100644 results/nette_ags_full_ipc50/dataset_1/n03028079/37.png
 create mode 100644 results/nette_ags_full_ipc50/dataset_1/n03028079/38.png
 create mode 100644 results/nette_ags_full_ipc50/dataset_1/n03028079/39.png
 create mode 100644 results/nette_ags_full_ipc50/dataset_1/n03028079/4.png
 create mode 100644 results/nette_ags_full_ipc50/dataset_1/n03028079/40.png
 create mode 100644 results/nette_ags_full_ipc50/dataset_1/n03028079/41.png
 create mode 100644 results/nette_ags_full_ipc50/dataset_1/n03028079/42.png
 create mode 100644 results/nette_ags_full_ipc50/dataset_1/n03028079/43.png
 create mode 100644 results/nette_ags_full_ipc50/dataset_1/n03028079/44.png
 create mode 100644 results/nette_ags_full_ipc50/dataset_1/n03028079/45.png
 create mode 100644 results/nette_ags_full_ipc50/dataset_1/n03028079/46.png
 create mode 100644 results/nette_ags_full_ipc50/dataset_1/n03028079/47.png
 create mode 100644 results/nette_ags_full_ipc50/dataset_1/n03028079/48.png
 create mode 100644 results/nette_ags_full_ipc50/dataset_1/n03028079/49.png
 create mode 100644 results/nette_ags_full_ipc50/dataset_1/n03028079/5.png
 create mode 100644 results/nette_ags_full_ipc50/dataset_1/n03028079/6.png
 create mode 100644 results/nette_ags_full_ipc50/dataset_1/n03028079/7.png
 create mode 100644 results/nette_ags_full_ipc50/dataset_1/n03028079/8.png
 create mode 100644 results/nette_ags_full_ipc50/dataset_1/n03028079/9.png
 create mode 100644 results/nette_ags_full_ipc50/dataset_1/n03394916/0.png
 create mode 100644 results/nette_ags_full_ipc50/dataset_1/n03394916/1.png
 create mode 100644 results/nette_ags_full_ipc50/dataset_1/n03394916/10.png
 create mode 100644 results/nette_ags_full_ipc50/dataset_1/n03394916/11.png
 create mode 100644 results/nette_ags_full_ipc50/dataset_1/n03394916/12.png
 create mode 100644 results/nette_ags_full_ipc50/dataset_1/n03394916/13.png
 create mode 100644 results/nette_ags_full_ipc50/dataset_1/n03394916/14.png
 create mode 100644 results/nette_ags_full_ipc50/dataset_1/n03394916/15.png
 create mode 100644 results/nette_ags_full_ipc50/dataset_1/n03394916/16.png
 create mode 100644 results/nette_ags_full_ipc50/dataset_1/n03394916/17.png
 create mode 100644 results/nette_ags_full_ipc50/dataset_1/n03394916/18.png
 create mode 100644 results/nette_ags_full_ipc50/dataset_1/n03394916/19.png
 create mode 100644 results/nette_ags_full_ipc50/dataset_1/n03394916/2.png
 create mode 100644 results/nette_ags_full_ipc50/dataset_1/n03394916/20.png
 create mode 100644 results/nette_ags_full_ipc50/dataset_1/n03394916/21.png
 create mode 100644 results/nette_ags_full_ipc50/dataset_1/n03394916/22.png
 create mode 100644 results/nette_ags_full_ipc50/dataset_1/n03394916/23.png
 create mode 100644 results/nette_ags_full_ipc50/dataset_1/n03394916/24.png
 create mode 100644 results/nette_ags_full_ipc50/dataset_1/n03394916/25.png
 create mode 100644 results/nette_ags_full_ipc50/dataset_1/n03394916/26.png
 create mode 100644 results/nette_ags_full_ipc50/dataset_1/n03394916/27.png
 create mode 100644 results/nette_ags_full_ipc50/dataset_1/n03394916/28.png
 create mode 100644 results/nette_ags_full_ipc50/dataset_1/n03394916/29.png
 create mode 100644 results/nette_ags_full_ipc50/dataset_1/n03394916/3.png
 create mode 100644 results/nette_ags_full_ipc50/dataset_1/n03394916/30.png
 create mode 100644 results/nette_ags_full_ipc50/dataset_1/n03394916/31.png
 create mode 100644 results/nette_ags_full_ipc50/dataset_1/n03394916/32.png
 create mode 100644 results/nette_ags_full_ipc50/dataset_1/n03394916/33.png
 create mode 100644 results/nette_ags_full_ipc50/dataset_1/n03394916/34.png
 create mode 100644 results/nette_ags_full_ipc50/dataset_1/n03394916/35.png
 create mode 100644 results/nette_ags_full_ipc50/dataset_1/n03394916/36.png
 create mode 100644 results/nette_ags_full_ipc50/dataset_1/n03394916/37.png
 create mode 100644 results/nette_ags_full_ipc50/dataset_1/n03394916/38.png
 create mode 100644 results/nette_ags_full_ipc50/dataset_1/n03394916/39.png
 create mode 100644 results/nette_ags_full_ipc50/dataset_1/n03394916/4.png
 create mode 100644 results/nette_ags_full_ipc50/dataset_1/n03394916/40.png
 create mode 100644 results/nette_ags_full_ipc50/dataset_1/n03394916/41.png
 create mode 100644 results/nette_ags_full_ipc50/dataset_1/n03394916/42.png
 create mode 100644 results/nette_ags_full_ipc50/dataset_1/n03394916/43.png
 create mode 100644 results/nette_ags_full_ipc50/dataset_1/n03394916/44.png
 create mode 100644 results/nette_ags_full_ipc50/dataset_1/n03394916/45.png
 create mode 100644 results/nette_ags_full_ipc50/dataset_1/n03394916/46.png
 create mode 100644 results/nette_ags_full_ipc50/dataset_1/n03394916/47.png
 create mode 100644 results/nette_ags_full_ipc50/dataset_1/n03394916/48.png
 create mode 100644 results/nette_ags_full_ipc50/dataset_1/n03394916/49.png
 create mode 100644 results/nette_ags_full_ipc50/dataset_1/n03394916/5.png
 create mode 100644 results/nette_ags_full_ipc50/dataset_1/n03394916/6.png
 create mode 100644 results/nette_ags_full_ipc50/dataset_1/n03394916/7.png
 create mode 100644 results/nette_ags_full_ipc50/dataset_1/n03394916/8.png
 create mode 100644 results/nette_ags_full_ipc50/dataset_1/n03394916/9.png
 create mode 100644 results/nette_ags_full_ipc50/dataset_1/n03417042/0.png
 create mode 100644 results/nette_ags_full_ipc50/dataset_1/n03417042/1.png
 create mode 100644 results/nette_ags_full_ipc50/dataset_1/n03417042/10.png
 create mode 100644 results/nette_ags_full_ipc50/dataset_1/n03417042/11.png
 create mode 100644 results/nette_ags_full_ipc50/dataset_1/n03417042/12.png
 create mode 100644 results/nette_ags_full_ipc50/dataset_1/n03417042/13.png
 create mode 100644 results/nette_ags_full_ipc50/dataset_1/n03417042/14.png
 create mode 100644 results/nette_ags_full_ipc50/dataset_1/n03417042/15.png
 create mode 100644 results/nette_ags_full_ipc50/dataset_1/n03417042/16.png
 create mode 100644 results/nette_ags_full_ipc50/dataset_1/n03417042/17.png
 create mode 100644 results/nette_ags_full_ipc50/dataset_1/n03417042/18.png
 create mode 100644 results/nette_ags_full_ipc50/dataset_1/n03417042/19.png
 create mode 100644 results/nette_ags_full_ipc50/dataset_1/n03417042/2.png
 create mode 100644 results/nette_ags_full_ipc50/dataset_1/n03417042/20.png
 create mode 100644 results/nette_ags_full_ipc50/dataset_1/n03417042/21.png
 create mode 100644 results/nette_ags_full_ipc50/dataset_1/n03417042/22.png
 create mode 100644 results/nette_ags_full_ipc50/dataset_1/n03417042/23.png
 create mode 100644 results/nette_ags_full_ipc50/dataset_1/n03417042/24.png
 create mode 100644 results/nette_ags_full_ipc50/dataset_1/n03417042/25.png
 create mode 100644 results/nette_ags_full_ipc50/dataset_1/n03417042/26.png
 create mode 100644 results/nette_ags_full_ipc50/dataset_1/n03417042/27.png
 create mode 100644 results/nette_ags_full_ipc50/dataset_1/n03417042/28.png
 create mode 100644 results/nette_ags_full_ipc50/dataset_1/n03417042/29.png
 create mode 100644 results/nette_ags_full_ipc50/dataset_1/n03417042/3.png
 create mode 100644 results/nette_ags_full_ipc50/dataset_1/n03417042/30.png
 create mode 100644 results/nette_ags_full_ipc50/dataset_1/n03417042/31.png
 create mode 100644 results/nette_ags_full_ipc50/dataset_1/n03417042/32.png
 create mode 100644 results/nette_ags_full_ipc50/dataset_1/n03417042/33.png
 create mode 100644 results/nette_ags_full_ipc50/dataset_1/n03417042/34.png
 create mode 100644 results/nette_ags_full_ipc50/dataset_1/n03417042/35.png
 create mode 100644 results/nette_ags_full_ipc50/dataset_1/n03417042/36.png
 create mode 100644 results/nette_ags_full_ipc50/dataset_1/n03417042/37.png
 create mode 100644 results/nette_ags_full_ipc50/dataset_1/n03417042/38.png
 create mode 100644 results/nette_ags_full_ipc50/dataset_1/n03417042/39.png
 create mode 100644 results/nette_ags_full_ipc50/dataset_1/n03417042/4.png
 create mode 100644 results/nette_ags_full_ipc50/dataset_1/n03417042/40.png
 create mode 100644 results/nette_ags_full_ipc50/dataset_1/n03417042/41.png
 create mode 100644 results/nette_ags_full_ipc50/dataset_1/n03417042/42.png
 create mode 100644 results/nette_ags_full_ipc50/dataset_1/n03417042/43.png
 create mode 100644 results/nette_ags_full_ipc50/dataset_1/n03417042/44.png
 create mode 100644 results/nette_ags_full_ipc50/dataset_1/n03417042/45.png
 create mode 100644 results/nette_ags_full_ipc50/dataset_1/n03417042/46.png
 create mode 100644 results/nette_ags_full_ipc50/dataset_1/n03417042/47.png
 create mode 100644 results/nette_ags_full_ipc50/dataset_1/n03417042/48.png
 create mode 100644 results/nette_ags_full_ipc50/dataset_1/n03417042/49.png
 create mode 100644 results/nette_ags_full_ipc50/dataset_1/n03417042/5.png
 create mode 100644 results/nette_ags_full_ipc50/dataset_1/n03417042/6.png
 create mode 100644 results/nette_ags_full_ipc50/dataset_1/n03417042/7.png
 create mode 100644 results/nette_ags_full_ipc50/dataset_1/n03417042/8.png
 create mode 100644 results/nette_ags_full_ipc50/dataset_1/n03417042/9.png
 create mode 100644 results/nette_ags_full_ipc50/dataset_1/n03425413/0.png
 create mode 100644 results/nette_ags_full_ipc50/dataset_1/n03425413/1.png
 create mode 100644 results/nette_ags_full_ipc50/dataset_1/n03425413/10.png
 create mode 100644 results/nette_ags_full_ipc50/dataset_1/n03425413/11.png
 create mode 100644 results/nette_ags_full_ipc50/dataset_1/n03425413/12.png
 create mode 100644 results/nette_ags_full_ipc50/dataset_1/n03425413/13.png
 create mode 100644 results/nette_ags_full_ipc50/dataset_1/n03425413/14.png
 create mode 100644 results/nette_ags_full_ipc50/dataset_1/n03425413/15.png
 create mode 100644 results/nette_ags_full_ipc50/dataset_1/n03425413/16.png
 create mode 100644 results/nette_ags_full_ipc50/dataset_1/n03425413/17.png
 create mode 100644 results/nette_ags_full_ipc50/dataset_1/n03425413/18.png
 create mode 100644 results/nette_ags_full_ipc50/dataset_1/n03425413/19.png
 create mode 100644 results/nette_ags_full_ipc50/dataset_1/n03425413/2.png
 create mode 100644 results/nette_ags_full_ipc50/dataset_1/n03425413/20.png
 create mode 100644 results/nette_ags_full_ipc50/dataset_1/n03425413/21.png
 create mode 100644 results/nette_ags_full_ipc50/dataset_1/n03425413/22.png
 create mode 100644 results/nette_ags_full_ipc50/dataset_1/n03425413/23.png
 create mode 100644 results/nette_ags_full_ipc50/dataset_1/n03425413/24.png
 create mode 100644 results/nette_ags_full_ipc50/dataset_1/n03425413/25.png
 create mode 100644 results/nette_ags_full_ipc50/dataset_1/n03425413/26.png
 create mode 100644 results/nette_ags_full_ipc50/dataset_1/n03425413/27.png
 create mode 100644 results/nette_ags_full_ipc50/dataset_1/n03425413/28.png
 create mode 100644 results/nette_ags_full_ipc50/dataset_1/n03425413/29.png
 create mode 100644 results/nette_ags_full_ipc50/dataset_1/n03425413/3.png
 create mode 100644 results/nette_ags_full_ipc50/dataset_1/n03425413/30.png
 create mode 100644 results/nette_ags_full_ipc50/dataset_1/n03425413/31.png
 create mode 100644 results/nette_ags_full_ipc50/dataset_1/n03425413/32.png
 create mode 100644 results/nette_ags_full_ipc50/dataset_1/n03425413/33.png
 create mode 100644 results/nette_ags_full_ipc50/dataset_1/n03425413/34.png
 create mode 100644 results/nette_ags_full_ipc50/dataset_1/n03425413/35.png
 create mode 100644 results/nette_ags_full_ipc50/dataset_1/n03425413/36.png
 create mode 100644 results/nette_ags_full_ipc50/dataset_1/n03425413/37.png
 create mode 100644 results/nette_ags_full_ipc50/dataset_1/n03425413/38.png
 create mode 100644 results/nette_ags_full_ipc50/dataset_1/n03425413/39.png
 create mode 100644 results/nette_ags_full_ipc50/dataset_1/n03425413/4.png
 create mode 100644 results/nette_ags_full_ipc50/dataset_1/n03425413/40.png
 create mode 100644 results/nette_ags_full_ipc50/dataset_1/n03425413/41.png
 create mode 100644 results/nette_ags_full_ipc50/dataset_1/n03425413/42.png
 create mode 100644 results/nette_ags_full_ipc50/dataset_1/n03425413/43.png
 create mode 100644 results/nette_ags_full_ipc50/dataset_1/n03425413/44.png
 create mode 100644 results/nette_ags_full_ipc50/dataset_1/n03425413/45.png
 create mode 100644 results/nette_ags_full_ipc50/dataset_1/n03425413/46.png
 create mode 100644 results/nette_ags_full_ipc50/dataset_1/n03425413/47.png
 create mode 100644 results/nette_ags_full_ipc50/dataset_1/n03425413/48.png
 create mode 100644 results/nette_ags_full_ipc50/dataset_1/n03425413/49.png
 create mode 100644 results/nette_ags_full_ipc50/dataset_1/n03425413/5.png
 create mode 100644 results/nette_ags_full_ipc50/dataset_1/n03425413/6.png
 create mode 100644 results/nette_ags_full_ipc50/dataset_1/n03425413/7.png
 create mode 100644 results/nette_ags_full_ipc50/dataset_1/n03425413/8.png
 create mode 100644 results/nette_ags_full_ipc50/dataset_1/n03425413/9.png
 create mode 100644 results/nette_ags_full_ipc50/dataset_1/n03445777/0.png
 create mode 100644 results/nette_ags_full_ipc50/dataset_1/n03445777/1.png
 create mode 100644 results/nette_ags_full_ipc50/dataset_1/n03445777/10.png
 create mode 100644 results/nette_ags_full_ipc50/dataset_1/n03445777/11.png
 create mode 100644 results/nette_ags_full_ipc50/dataset_1/n03445777/12.png
 create mode 100644 results/nette_ags_full_ipc50/dataset_1/n03445777/13.png
 create mode 100644 results/nette_ags_full_ipc50/dataset_1/n03445777/14.png
 create mode 100644 results/nette_ags_full_ipc50/dataset_1/n03445777/15.png
 create mode 100644 results/nette_ags_full_ipc50/dataset_1/n03445777/16.png
 create mode 100644 results/nette_ags_full_ipc50/dataset_1/n03445777/17.png
 create mode 100644 results/nette_ags_full_ipc50/dataset_1/n03445777/18.png
 create mode 100644 results/nette_ags_full_ipc50/dataset_1/n03445777/19.png
 create mode 100644 results/nette_ags_full_ipc50/dataset_1/n03445777/2.png
 create mode 100644 results/nette_ags_full_ipc50/dataset_1/n03445777/20.png
 create mode 100644 results/nette_ags_full_ipc50/dataset_1/n03445777/21.png
 create mode 100644 results/nette_ags_full_ipc50/dataset_1/n03445777/22.png
 create mode 100644 results/nette_ags_full_ipc50/dataset_1/n03445777/23.png
 create mode 100644 results/nette_ags_full_ipc50/dataset_1/n03445777/24.png
 create mode 100644 results/nette_ags_full_ipc50/dataset_1/n03445777/25.png
 create mode 100644 results/nette_ags_full_ipc50/dataset_1/n03445777/26.png
 create mode 100644 results/nette_ags_full_ipc50/dataset_1/n03445777/27.png
 create mode 100644 results/nette_ags_full_ipc50/dataset_1/n03445777/28.png
 create mode 100644 results/nette_ags_full_ipc50/dataset_1/n03445777/29.png
 create mode 100644 results/nette_ags_full_ipc50/dataset_1/n03445777/3.png
 create mode 100644 results/nette_ags_full_ipc50/dataset_1/n03445777/30.png
 create mode 100644 results/nette_ags_full_ipc50/dataset_1/n03445777/31.png
 create mode 100644 results/nette_ags_full_ipc50/dataset_1/n03445777/32.png
 create mode 100644 results/nette_ags_full_ipc50/dataset_1/n03445777/33.png
 create mode 100644 results/nette_ags_full_ipc50/dataset_1/n03445777/34.png
 create mode 100644 results/nette_ags_full_ipc50/dataset_1/n03445777/35.png
 create mode 100644 results/nette_ags_full_ipc50/dataset_1/n03445777/36.png
 create mode 100644 results/nette_ags_full_ipc50/dataset_1/n03445777/37.png
 create mode 100644 results/nette_ags_full_ipc50/dataset_1/n03445777/38.png
 create mode 100644 results/nette_ags_full_ipc50/dataset_1/n03445777/39.png
 create mode 100644 results/nette_ags_full_ipc50/dataset_1/n03445777/4.png
 create mode 100644 results/nette_ags_full_ipc50/dataset_1/n03445777/40.png
 create mode 100644 results/nette_ags_full_ipc50/dataset_1/n03445777/41.png
 create mode 100644 results/nette_ags_full_ipc50/dataset_1/n03445777/42.png
 create mode 100644 results/nette_ags_full_ipc50/dataset_1/n03445777/43.png
 create mode 100644 results/nette_ags_full_ipc50/dataset_1/n03445777/44.png
 create mode 100644 results/nette_ags_full_ipc50/dataset_1/n03445777/45.png
 create mode 100644 results/nette_ags_full_ipc50/dataset_1/n03445777/46.png
 create mode 100644 results/nette_ags_full_ipc50/dataset_1/n03445777/47.png
 create mode 100644 results/nette_ags_full_ipc50/dataset_1/n03445777/48.png
 create mode 100644 results/nette_ags_full_ipc50/dataset_1/n03445777/49.png
 create mode 100644 results/nette_ags_full_ipc50/dataset_1/n03445777/5.png
 create mode 100644 results/nette_ags_full_ipc50/dataset_1/n03445777/6.png
 create mode 100644 results/nette_ags_full_ipc50/dataset_1/n03445777/7.png
 create mode 100644 results/nette_ags_full_ipc50/dataset_1/n03445777/8.png
 create mode 100644 results/nette_ags_full_ipc50/dataset_1/n03445777/9.png
 create mode 100644 results/nette_ags_full_ipc50/dataset_1/n03888257/0.png
 create mode 100644 results/nette_ags_full_ipc50/dataset_1/n03888257/1.png
 create mode 100644 results/nette_ags_full_ipc50/dataset_1/n03888257/10.png
 create mode 100644 results/nette_ags_full_ipc50/dataset_1/n03888257/11.png
 create mode 100644 results/nette_ags_full_ipc50/dataset_1/n03888257/12.png
 create mode 100644 results/nette_ags_full_ipc50/dataset_1/n03888257/13.png
 create mode 100644 results/nette_ags_full_ipc50/dataset_1/n03888257/14.png
 create mode 100644 results/nette_ags_full_ipc50/dataset_1/n03888257/15.png
 create mode 100644 results/nette_ags_full_ipc50/dataset_1/n03888257/16.png
 create mode 100644 results/nette_ags_full_ipc50/dataset_1/n03888257/17.png
 create mode 100644 results/nette_ags_full_ipc50/dataset_1/n03888257/18.png
 create mode 100644 results/nette_ags_full_ipc50/dataset_1/n03888257/19.png
 create mode 100644 results/nette_ags_full_ipc50/dataset_1/n03888257/2.png
 create mode 100644 results/nette_ags_full_ipc50/dataset_1/n03888257/20.png
 create mode 100644 results/nette_ags_full_ipc50/dataset_1/n03888257/21.png
 create mode 100644 results/nette_ags_full_ipc50/dataset_1/n03888257/22.png
 create mode 100644 results/nette_ags_full_ipc50/dataset_1/n03888257/23.png
 create mode 100644 results/nette_ags_full_ipc50/dataset_1/n03888257/24.png
 create mode 100644 results/nette_ags_full_ipc50/dataset_1/n03888257/25.png
 create mode 100644 results/nette_ags_full_ipc50/dataset_1/n03888257/26.png
 create mode 100644 results/nette_ags_full_ipc50/dataset_1/n03888257/27.png
 create mode 100644 results/nette_ags_full_ipc50/dataset_1/n03888257/28.png
 create mode 100644 results/nette_ags_full_ipc50/dataset_1/n03888257/29.png
 create mode 100644 results/nette_ags_full_ipc50/dataset_1/n03888257/3.png
 create mode 100644 results/nette_ags_full_ipc50/dataset_1/n03888257/30.png
 create mode 100644 results/nette_ags_full_ipc50/dataset_1/n03888257/31.png
 create mode 100644 results/nette_ags_full_ipc50/dataset_1/n03888257/32.png
 create mode 100644 results/nette_ags_full_ipc50/dataset_1/n03888257/33.png
 create mode 100644 results/nette_ags_full_ipc50/dataset_1/n03888257/34.png
 create mode 100644 results/nette_ags_full_ipc50/dataset_1/n03888257/35.png
 create mode 100644 results/nette_ags_full_ipc50/dataset_1/n03888257/36.png
 create mode 100644 results/nette_ags_full_ipc50/dataset_1/n03888257/37.png
 create mode 100644 results/nette_ags_full_ipc50/dataset_1/n03888257/38.png
 create mode 100644 results/nette_ags_full_ipc50/dataset_1/n03888257/39.png
 create mode 100644 results/nette_ags_full_ipc50/dataset_1/n03888257/4.png
 create mode 100644 results/nette_ags_full_ipc50/dataset_1/n03888257/40.png
 create mode 100644 results/nette_ags_full_ipc50/dataset_1/n03888257/41.png
 create mode 100644 results/nette_ags_full_ipc50/dataset_1/n03888257/42.png
 create mode 100644 results/nette_ags_full_ipc50/dataset_1/n03888257/43.png
 create mode 100644 results/nette_ags_full_ipc50/dataset_1/n03888257/44.png
 create mode 100644 results/nette_ags_full_ipc50/dataset_1/n03888257/45.png
 create mode 100644 results/nette_ags_full_ipc50/dataset_1/n03888257/46.png
 create mode 100644 results/nette_ags_full_ipc50/dataset_1/n03888257/47.png
 create mode 100644 results/nette_ags_full_ipc50/dataset_1/n03888257/48.png
 create mode 100644 results/nette_ags_full_ipc50/dataset_1/n03888257/49.png
 create mode 100644 results/nette_ags_full_ipc50/dataset_1/n03888257/5.png
 create mode 100644 results/nette_ags_full_ipc50/dataset_1/n03888257/6.png
 create mode 100644 results/nette_ags_full_ipc50/dataset_1/n03888257/7.png
 create mode 100644 results/nette_ags_full_ipc50/dataset_1/n03888257/8.png
 create mode 100644 results/nette_ags_full_ipc50/dataset_1/n03888257/9.png
 create mode 100644 results/nette_ags_full_ipc50/dataset_2/n01440764/0.png
 create mode 100644 results/nette_ags_full_ipc50/dataset_2/n01440764/1.png
 create mode 100644 results/nette_ags_full_ipc50/dataset_2/n01440764/10.png
 create mode 100644 results/nette_ags_full_ipc50/dataset_2/n01440764/11.png
 create mode 100644 results/nette_ags_full_ipc50/dataset_2/n01440764/12.png
 create mode 100644 results/nette_ags_full_ipc50/dataset_2/n01440764/13.png
 create mode 100644 results/nette_ags_full_ipc50/dataset_2/n01440764/14.png
 create mode 100644 results/nette_ags_full_ipc50/dataset_2/n01440764/15.png
 create mode 100644 results/nette_ags_full_ipc50/dataset_2/n01440764/16.png
 create mode 100644 results/nette_ags_full_ipc50/dataset_2/n01440764/17.png
 create mode 100644 results/nette_ags_full_ipc50/dataset_2/n01440764/18.png
 create mode 100644 results/nette_ags_full_ipc50/dataset_2/n01440764/19.png
 create mode 100644 results/nette_ags_full_ipc50/dataset_2/n01440764/2.png
 create mode 100644 results/nette_ags_full_ipc50/dataset_2/n01440764/20.png
 create mode 100644 results/nette_ags_full_ipc50/dataset_2/n01440764/21.png
 create mode 100644 results/nette_ags_full_ipc50/dataset_2/n01440764/22.png
 create mode 100644 results/nette_ags_full_ipc50/dataset_2/n01440764/23.png
 create mode 100644 results/nette_ags_full_ipc50/dataset_2/n01440764/24.png
 create mode 100644 results/nette_ags_full_ipc50/dataset_2/n01440764/25.png
 create mode 100644 results/nette_ags_full_ipc50/dataset_2/n01440764/26.png
 create mode 100644 results/nette_ags_full_ipc50/dataset_2/n01440764/27.png
 create mode 100644 results/nette_ags_full_ipc50/dataset_2/n01440764/28.png
 create mode 100644 results/nette_ags_full_ipc50/dataset_2/n01440764/29.png
 create mode 100644 results/nette_ags_full_ipc50/dataset_2/n01440764/3.png
 create mode 100644 results/nette_ags_full_ipc50/dataset_2/n01440764/30.png
 create mode 100644 results/nette_ags_full_ipc50/dataset_2/n01440764/31.png
 create mode 100644 results/nette_ags_full_ipc50/dataset_2/n01440764/32.png
 create mode 100644 results/nette_ags_full_ipc50/dataset_2/n01440764/33.png
 create mode 100644 results/nette_ags_full_ipc50/dataset_2/n01440764/34.png
 create mode 100644 results/nette_ags_full_ipc50/dataset_2/n01440764/35.png
 create mode 100644 results/nette_ags_full_ipc50/dataset_2/n01440764/36.png
 create mode 100644 results/nette_ags_full_ipc50/dataset_2/n01440764/37.png
 create mode 100644 results/nette_ags_full_ipc50/dataset_2/n01440764/38.png
 create mode 100644 results/nette_ags_full_ipc50/dataset_2/n01440764/39.png
 create mode 100644 results/nette_ags_full_ipc50/dataset_2/n01440764/4.png
 create mode 100644 results/nette_ags_full_ipc50/dataset_2/n01440764/40.png
 create mode 100644 results/nette_ags_full_ipc50/dataset_2/n01440764/41.png
 create mode 100644 results/nette_ags_full_ipc50/dataset_2/n01440764/42.png
 create mode 100644 results/nette_ags_full_ipc50/dataset_2/n01440764/43.png
 create mode 100644 results/nette_ags_full_ipc50/dataset_2/n01440764/44.png
 create mode 100644 results/nette_ags_full_ipc50/dataset_2/n01440764/45.png
 create mode 100644 results/nette_ags_full_ipc50/dataset_2/n01440764/46.png
 create mode 100644 results/nette_ags_full_ipc50/dataset_2/n01440764/47.png
 create mode 100644 results/nette_ags_full_ipc50/dataset_2/n01440764/48.png
 create mode 100644 results/nette_ags_full_ipc50/dataset_2/n01440764/49.png
 create mode 100644 results/nette_ags_full_ipc50/dataset_2/n01440764/5.png
 create mode 100644 results/nette_ags_full_ipc50/dataset_2/n01440764/6.png
 create mode 100644 results/nette_ags_full_ipc50/dataset_2/n01440764/7.png
 create mode 100644 results/nette_ags_full_ipc50/dataset_2/n01440764/8.png
 create mode 100644 results/nette_ags_full_ipc50/dataset_2/n01440764/9.png
 create mode 100644 results/nette_ags_full_ipc50/dataset_2/n02102040/0.png
 create mode 100644 results/nette_ags_full_ipc50/dataset_2/n02102040/1.png
 create mode 100644 results/nette_ags_full_ipc50/dataset_2/n02102040/10.png
 create mode 100644 results/nette_ags_full_ipc50/dataset_2/n02102040/11.png
 create mode 100644 results/nette_ags_full_ipc50/dataset_2/n02102040/12.png
 create mode 100644 results/nette_ags_full_ipc50/dataset_2/n02102040/13.png
 create mode 100644 results/nette_ags_full_ipc50/dataset_2/n02102040/14.png
 create mode 100644 results/nette_ags_full_ipc50/dataset_2/n02102040/15.png
 create mode 100644 results/nette_ags_full_ipc50/dataset_2/n02102040/16.png
 create mode 100644 results/nette_ags_full_ipc50/dataset_2/n02102040/17.png
 create mode 100644 results/nette_ags_full_ipc50/dataset_2/n02102040/18.png
 create mode 100644 results/nette_ags_full_ipc50/dataset_2/n02102040/19.png
 create mode 100644 results/nette_ags_full_ipc50/dataset_2/n02102040/2.png
 create mode 100644 results/nette_ags_full_ipc50/dataset_2/n02102040/20.png
 create mode 100644 results/nette_ags_full_ipc50/dataset_2/n02102040/21.png
 create mode 100644 results/nette_ags_full_ipc50/dataset_2/n02102040/22.png
 create mode 100644 results/nette_ags_full_ipc50/dataset_2/n02102040/23.png
 create mode 100644 results/nette_ags_full_ipc50/dataset_2/n02102040/24.png
 create mode 100644 results/nette_ags_full_ipc50/dataset_2/n02102040/25.png
 create mode 100644 results/nette_ags_full_ipc50/dataset_2/n02102040/26.png
 create mode 100644 results/nette_ags_full_ipc50/dataset_2/n02102040/27.png
 create mode 100644 results/nette_ags_full_ipc50/dataset_2/n02102040/28.png
 create mode 100644 results/nette_ags_full_ipc50/dataset_2/n02102040/29.png
 create mode 100644 results/nette_ags_full_ipc50/dataset_2/n02102040/3.png
 create mode 100644 results/nette_ags_full_ipc50/dataset_2/n02102040/30.png
 create mode 100644 results/nette_ags_full_ipc50/dataset_2/n02102040/31.png
 create mode 100644 results/nette_ags_full_ipc50/dataset_2/n02102040/32.png
 create mode 100644 results/nette_ags_full_ipc50/dataset_2/n02102040/33.png
 create mode 100644 results/nette_ags_full_ipc50/dataset_2/n02102040/34.png
 create mode 100644 results/nette_ags_full_ipc50/dataset_2/n02102040/35.png
 create mode 100644 results/nette_ags_full_ipc50/dataset_2/n02102040/36.png
 create mode 100644 results/nette_ags_full_ipc50/dataset_2/n02102040/37.png
 create mode 100644 results/nette_ags_full_ipc50/dataset_2/n02102040/38.png
 create mode 100644 results/nette_ags_full_ipc50/dataset_2/n02102040/39.png
 create mode 100644 results/nette_ags_full_ipc50/dataset_2/n02102040/4.png
 create mode 100644 results/nette_ags_full_ipc50/dataset_2/n02102040/40.png
 create mode 100644 results/nette_ags_full_ipc50/dataset_2/n02102040/41.png
 create mode 100644 results/nette_ags_full_ipc50/dataset_2/n02102040/42.png
 create mode 100644 results/nette_ags_full_ipc50/dataset_2/n02102040/43.png
 create mode 100644 results/nette_ags_full_ipc50/dataset_2/n02102040/44.png
 create mode 100644 results/nette_ags_full_ipc50/dataset_2/n02102040/45.png
 create mode 100644 results/nette_ags_full_ipc50/dataset_2/n02102040/46.png
 create mode 100644 results/nette_ags_full_ipc50/dataset_2/n02102040/47.png
 create mode 100644 results/nette_ags_full_ipc50/dataset_2/n02102040/48.png
 create mode 100644 results/nette_ags_full_ipc50/dataset_2/n02102040/49.png
 create mode 100644 results/nette_ags_full_ipc50/dataset_2/n02102040/5.png
 create mode 100644 results/nette_ags_full_ipc50/dataset_2/n02102040/6.png
 create mode 100644 results/nette_ags_full_ipc50/dataset_2/n02102040/7.png
 create mode 100644 results/nette_ags_full_ipc50/dataset_2/n02102040/8.png
 create mode 100644 results/nette_ags_full_ipc50/dataset_2/n02102040/9.png
 create mode 100644 results/nette_ags_full_ipc50/dataset_2/n02979186/0.png
 create mode 100644 results/nette_ags_full_ipc50/dataset_2/n02979186/1.png
 create mode 100644 results/nette_ags_full_ipc50/dataset_2/n02979186/10.png
 create mode 100644 results/nette_ags_full_ipc50/dataset_2/n02979186/11.png
 create mode 100644 results/nette_ags_full_ipc50/dataset_2/n02979186/12.png
 create mode 100644 results/nette_ags_full_ipc50/dataset_2/n02979186/13.png
 create mode 100644 results/nette_ags_full_ipc50/dataset_2/n02979186/14.png
 create mode 100644 results/nette_ags_full_ipc50/dataset_2/n02979186/15.png
 create mode 100644 results/nette_ags_full_ipc50/dataset_2/n02979186/16.png
 create mode 100644 results/nette_ags_full_ipc50/dataset_2/n02979186/17.png
 create mode 100644 results/nette_ags_full_ipc50/dataset_2/n02979186/18.png
 create mode 100644 results/nette_ags_full_ipc50/dataset_2/n02979186/19.png
 create mode 100644 results/nette_ags_full_ipc50/dataset_2/n02979186/2.png
 create mode 100644 results/nette_ags_full_ipc50/dataset_2/n02979186/20.png
 create mode 100644 results/nette_ags_full_ipc50/dataset_2/n02979186/21.png
 create mode 100644 results/nette_ags_full_ipc50/dataset_2/n02979186/22.png
 create mode 100644 results/nette_ags_full_ipc50/dataset_2/n02979186/23.png
 create mode 100644 results/nette_ags_full_ipc50/dataset_2/n02979186/24.png
 create mode 100644 results/nette_ags_full_ipc50/dataset_2/n02979186/25.png
 create mode 100644 results/nette_ags_full_ipc50/dataset_2/n02979186/26.png
 create mode 100644 results/nette_ags_full_ipc50/dataset_2/n02979186/27.png
 create mode 100644 results/nette_ags_full_ipc50/dataset_2/n02979186/28.png
 create mode 100644 results/nette_ags_full_ipc50/dataset_2/n02979186/29.png
 create mode 100644 results/nette_ags_full_ipc50/dataset_2/n02979186/3.png
 create mode 100644 results/nette_ags_full_ipc50/dataset_2/n02979186/30.png
 create mode 100644 results/nette_ags_full_ipc50/dataset_2/n02979186/31.png
 create mode 100644 results/nette_ags_full_ipc50/dataset_2/n02979186/32.png
 create mode 100644 results/nette_ags_full_ipc50/dataset_2/n02979186/33.png
 create mode 100644 results/nette_ags_full_ipc50/dataset_2/n02979186/34.png
 create mode 100644 results/nette_ags_full_ipc50/dataset_2/n02979186/35.png
 create mode 100644 results/nette_ags_full_ipc50/dataset_2/n02979186/36.png
 create mode 100644 results/nette_ags_full_ipc50/dataset_2/n02979186/37.png
 create mode 100644 results/nette_ags_full_ipc50/dataset_2/n02979186/38.png
 create mode 100644 results/nette_ags_full_ipc50/dataset_2/n02979186/39.png
 create mode 100644 results/nette_ags_full_ipc50/dataset_2/n02979186/4.png
 create mode 100644 results/nette_ags_full_ipc50/dataset_2/n02979186/40.png
 create mode 100644 results/nette_ags_full_ipc50/dataset_2/n02979186/41.png
 create mode 100644 results/nette_ags_full_ipc50/dataset_2/n02979186/42.png
 create mode 100644 results/nette_ags_full_ipc50/dataset_2/n02979186/43.png
 create mode 100644 results/nette_ags_full_ipc50/dataset_2/n02979186/44.png
 create mode 100644 results/nette_ags_full_ipc50/dataset_2/n02979186/45.png
 create mode 100644 results/nette_ags_full_ipc50/dataset_2/n02979186/46.png
 create mode 100644 results/nette_ags_full_ipc50/dataset_2/n02979186/47.png
 create mode 100644 results/nette_ags_full_ipc50/dataset_2/n02979186/48.png
 create mode 100644 results/nette_ags_full_ipc50/dataset_2/n02979186/49.png
 create mode 100644 results/nette_ags_full_ipc50/dataset_2/n02979186/5.png
 create mode 100644 results/nette_ags_full_ipc50/dataset_2/n02979186/6.png
 create mode 100644 results/nette_ags_full_ipc50/dataset_2/n02979186/7.png
 create mode 100644 results/nette_ags_full_ipc50/dataset_2/n02979186/8.png
 create mode 100644 results/nette_ags_full_ipc50/dataset_2/n02979186/9.png
 create mode 100644 results/nette_ags_full_ipc50/dataset_2/n03000684/0.png
 create mode 100644 results/nette_ags_full_ipc50/dataset_2/n03000684/1.png
 create mode 100644 results/nette_ags_full_ipc50/dataset_2/n03000684/10.png
 create mode 100644 results/nette_ags_full_ipc50/dataset_2/n03000684/11.png
 create mode 100644 results/nette_ags_full_ipc50/dataset_2/n03000684/12.png
 create mode 100644 results/nette_ags_full_ipc50/dataset_2/n03000684/13.png
 create mode 100644 results/nette_ags_full_ipc50/dataset_2/n03000684/14.png
 create mode 100644 results/nette_ags_full_ipc50/dataset_2/n03000684/15.png
 create mode 100644 results/nette_ags_full_ipc50/dataset_2/n03000684/16.png
 create mode 100644 results/nette_ags_full_ipc50/dataset_2/n03000684/17.png
 create mode 100644 results/nette_ags_full_ipc50/dataset_2/n03000684/18.png
 create mode 100644 results/nette_ags_full_ipc50/dataset_2/n03000684/19.png
 create mode 100644 results/nette_ags_full_ipc50/dataset_2/n03000684/2.png
 create mode 100644 results/nette_ags_full_ipc50/dataset_2/n03000684/20.png
 create mode 100644 results/nette_ags_full_ipc50/dataset_2/n03000684/21.png
 create mode 100644 results/nette_ags_full_ipc50/dataset_2/n03000684/22.png
 create mode 100644 results/nette_ags_full_ipc50/dataset_2/n03000684/23.png
 create mode 100644 results/nette_ags_full_ipc50/dataset_2/n03000684/24.png
 create mode 100644 results/nette_ags_full_ipc50/dataset_2/n03000684/25.png
 create mode 100644 results/nette_ags_full_ipc50/dataset_2/n03000684/26.png
 create mode 100644 results/nette_ags_full_ipc50/dataset_2/n03000684/27.png
 create mode 100644 results/nette_ags_full_ipc50/dataset_2/n03000684/28.png
 create mode 100644 results/nette_ags_full_ipc50/dataset_2/n03000684/29.png
 create mode 100644 results/nette_ags_full_ipc50/dataset_2/n03000684/3.png
 create mode 100644 results/nette_ags_full_ipc50/dataset_2/n03000684/30.png
 create mode 100644 results/nette_ags_full_ipc50/dataset_2/n03000684/31.png
 create mode 100644 results/nette_ags_full_ipc50/dataset_2/n03000684/32.png
 create mode 100644 results/nette_ags_full_ipc50/dataset_2/n03000684/33.png
 create mode 100644 results/nette_ags_full_ipc50/dataset_2/n03000684/34.png
 create mode 100644 results/nette_ags_full_ipc50/dataset_2/n03000684/35.png
 create mode 100644 results/nette_ags_full_ipc50/dataset_2/n03000684/36.png
 create mode 100644 results/nette_ags_full_ipc50/dataset_2/n03000684/37.png
 create mode 100644 results/nette_ags_full_ipc50/dataset_2/n03000684/38.png
 create mode 100644 results/nette_ags_full_ipc50/dataset_2/n03000684/39.png
 create mode 100644 results/nette_ags_full_ipc50/dataset_2/n03000684/4.png
 create mode 100644 results/nette_ags_full_ipc50/dataset_2/n03000684/40.png
 create mode 100644 results/nette_ags_full_ipc50/dataset_2/n03000684/41.png
 create mode 100644 results/nette_ags_full_ipc50/dataset_2/n03000684/42.png
 create mode 100644 results/nette_ags_full_ipc50/dataset_2/n03000684/43.png
 create mode 100644 results/nette_ags_full_ipc50/dataset_2/n03000684/44.png
 create mode 100644 results/nette_ags_full_ipc50/dataset_2/n03000684/45.png
 create mode 100644 results/nette_ags_full_ipc50/dataset_2/n03000684/46.png
 create mode 100644 results/nette_ags_full_ipc50/dataset_2/n03000684/47.png
 create mode 100644 results/nette_ags_full_ipc50/dataset_2/n03000684/48.png
 create mode 100644 results/nette_ags_full_ipc50/dataset_2/n03000684/49.png
 create mode 100644 results/nette_ags_full_ipc50/dataset_2/n03000684/5.png
 create mode 100644 results/nette_ags_full_ipc50/dataset_2/n03000684/6.png
 create mode 100644 results/nette_ags_full_ipc50/dataset_2/n03000684/7.png
 create mode 100644 results/nette_ags_full_ipc50/dataset_2/n03000684/8.png
 create mode 100644 results/nette_ags_full_ipc50/dataset_2/n03000684/9.png
 create mode 100644 results/nette_ags_full_ipc50/dataset_2/n03028079/0.png
 create mode 100644 results/nette_ags_full_ipc50/dataset_2/n03028079/1.png
 create mode 100644 results/nette_ags_full_ipc50/dataset_2/n03028079/10.png
 create mode 100644 results/nette_ags_full_ipc50/dataset_2/n03028079/11.png
 create mode 100644 results/nette_ags_full_ipc50/dataset_2/n03028079/12.png
 create mode 100644 results/nette_ags_full_ipc50/dataset_2/n03028079/13.png
 create mode 100644 results/nette_ags_full_ipc50/dataset_2/n03028079/14.png
 create mode 100644 results/nette_ags_full_ipc50/dataset_2/n03028079/15.png
 create mode 100644 results/nette_ags_full_ipc50/dataset_2/n03028079/16.png
 create mode 100644 results/nette_ags_full_ipc50/dataset_2/n03028079/17.png
 create mode 100644 results/nette_ags_full_ipc50/dataset_2/n03028079/18.png
 create mode 100644 results/nette_ags_full_ipc50/dataset_2/n03028079/19.png
 create mode 100644 results/nette_ags_full_ipc50/dataset_2/n03028079/2.png
 create mode 100644 results/nette_ags_full_ipc50/dataset_2/n03028079/20.png
 create mode 100644 results/nette_ags_full_ipc50/dataset_2/n03028079/21.png
 create mode 100644 results/nette_ags_full_ipc50/dataset_2/n03028079/22.png
 create mode 100644 results/nette_ags_full_ipc50/dataset_2/n03028079/23.png
 create mode 100644 results/nette_ags_full_ipc50/dataset_2/n03028079/24.png
 create mode 100644 results/nette_ags_full_ipc50/dataset_2/n03028079/25.png
 create mode 100644 results/nette_ags_full_ipc50/dataset_2/n03028079/26.png
 create mode 100644 results/nette_ags_full_ipc50/dataset_2/n03028079/27.png
 create mode 100644 results/nette_ags_full_ipc50/dataset_2/n03028079/28.png
 create mode 100644 results/nette_ags_full_ipc50/dataset_2/n03028079/29.png
 create mode 100644 results/nette_ags_full_ipc50/dataset_2/n03028079/3.png
 create mode 100644 results/nette_ags_full_ipc50/dataset_2/n03028079/30.png
 create mode 100644 results/nette_ags_full_ipc50/dataset_2/n03028079/31.png
 create mode 100644 results/nette_ags_full_ipc50/dataset_2/n03028079/32.png
 create mode 100644 results/nette_ags_full_ipc50/dataset_2/n03028079/33.png
 create mode 100644 results/nette_ags_full_ipc50/dataset_2/n03028079/34.png
 create mode 100644 results/nette_ags_full_ipc50/dataset_2/n03028079/35.png
 create mode 100644 results/nette_ags_full_ipc50/dataset_2/n03028079/36.png
 create mode 100644 results/nette_ags_full_ipc50/dataset_2/n03028079/37.png
 create mode 100644 results/nette_ags_full_ipc50/dataset_2/n03028079/38.png
 create mode 100644 results/nette_ags_full_ipc50/dataset_2/n03028079/39.png
 create mode 100644 results/nette_ags_full_ipc50/dataset_2/n03028079/4.png
 create mode 100644 results/nette_ags_full_ipc50/dataset_2/n03028079/40.png
 create mode 100644 results/nette_ags_full_ipc50/dataset_2/n03028079/41.png
 create mode 100644 results/nette_ags_full_ipc50/dataset_2/n03028079/42.png
 create mode 100644 results/nette_ags_full_ipc50/dataset_2/n03028079/43.png
 create mode 100644 results/nette_ags_full_ipc50/dataset_2/n03028079/44.png
 create mode 100644 results/nette_ags_full_ipc50/dataset_2/n03028079/45.png
 create mode 100644 results/nette_ags_full_ipc50/dataset_2/n03028079/46.png
 create mode 100644 results/nette_ags_full_ipc50/dataset_2/n03028079/47.png
 create mode 100644 results/nette_ags_full_ipc50/dataset_2/n03028079/48.png
 create mode 100644 results/nette_ags_full_ipc50/dataset_2/n03028079/49.png
 create mode 100644 results/nette_ags_full_ipc50/dataset_2/n03028079/5.png
 create mode 100644 results/nette_ags_full_ipc50/dataset_2/n03028079/6.png
 create mode 100644 results/nette_ags_full_ipc50/dataset_2/n03028079/7.png
 create mode 100644 results/nette_ags_full_ipc50/dataset_2/n03028079/8.png
 create mode 100644 results/nette_ags_full_ipc50/dataset_2/n03028079/9.png
 create mode 100644 results/nette_ags_full_ipc50/dataset_2/n03394916/0.png
 create mode 100644 results/nette_ags_full_ipc50/dataset_2/n03394916/1.png
 create mode 100644 results/nette_ags_full_ipc50/dataset_2/n03394916/10.png
 create mode 100644 results/nette_ags_full_ipc50/dataset_2/n03394916/11.png
 create mode 100644 results/nette_ags_full_ipc50/dataset_2/n03394916/12.png
 create mode 100644 results/nette_ags_full_ipc50/dataset_2/n03394916/13.png
 create mode 100644 results/nette_ags_full_ipc50/dataset_2/n03394916/14.png
 create mode 100644 results/nette_ags_full_ipc50/dataset_2/n03394916/15.png
 create mode 100644 results/nette_ags_full_ipc50/dataset_2/n03394916/16.png
 create mode 100644 results/nette_ags_full_ipc50/dataset_2/n03394916/17.png
 create mode 100644 results/nette_ags_full_ipc50/dataset_2/n03394916/18.png
 create mode 100644 results/nette_ags_full_ipc50/dataset_2/n03394916/19.png
 create mode 100644 results/nette_ags_full_ipc50/dataset_2/n03394916/2.png
 create mode 100644 results/nette_ags_full_ipc50/dataset_2/n03394916/20.png
 create mode 100644 results/nette_ags_full_ipc50/dataset_2/n03394916/21.png
 create mode 100644 results/nette_ags_full_ipc50/dataset_2/n03394916/22.png
 create mode 100644 results/nette_ags_full_ipc50/dataset_2/n03394916/23.png
 create mode 100644 results/nette_ags_full_ipc50/dataset_2/n03394916/24.png
 create mode 100644 results/nette_ags_full_ipc50/dataset_2/n03394916/25.png
 create mode 100644 results/nette_ags_full_ipc50/dataset_2/n03394916/26.png
 create mode 100644 results/nette_ags_full_ipc50/dataset_2/n03394916/27.png
 create mode 100644 results/nette_ags_full_ipc50/dataset_2/n03394916/28.png
 create mode 100644 results/nette_ags_full_ipc50/dataset_2/n03394916/29.png
 create mode 100644 results/nette_ags_full_ipc50/dataset_2/n03394916/3.png
 create mode 100644 results/nette_ags_full_ipc50/dataset_2/n03394916/30.png
 create mode 100644 results/nette_ags_full_ipc50/dataset_2/n03394916/31.png
 create mode 100644 results/nette_ags_full_ipc50/dataset_2/n03394916/32.png
 create mode 100644 results/nette_ags_full_ipc50/dataset_2/n03394916/33.png
 create mode 100644 results/nette_ags_full_ipc50/dataset_2/n03394916/34.png
 create mode 100644 results/nette_ags_full_ipc50/dataset_2/n03394916/35.png
 create mode 100644 results/nette_ags_full_ipc50/dataset_2/n03394916/36.png
 create mode 100644 results/nette_ags_full_ipc50/dataset_2/n03394916/37.png
 create mode 100644 results/nette_ags_full_ipc50/dataset_2/n03394916/38.png
 create mode 100644 results/nette_ags_full_ipc50/dataset_2/n03394916/39.png
 create mode 100644 results/nette_ags_full_ipc50/dataset_2/n03394916/4.png
 create mode 100644 results/nette_ags_full_ipc50/dataset_2/n03394916/40.png
 create mode 100644 results/nette_ags_full_ipc50/dataset_2/n03394916/41.png
 create mode 100644 results/nette_ags_full_ipc50/dataset_2/n03394916/42.png
 create mode 100644 results/nette_ags_full_ipc50/dataset_2/n03394916/43.png
 create mode 100644 results/nette_ags_full_ipc50/dataset_2/n03394916/44.png
 create mode 100644 results/nette_ags_full_ipc50/dataset_2/n03394916/45.png
 create mode 100644 results/nette_ags_full_ipc50/dataset_2/n03394916/46.png
 create mode 100644 results/nette_ags_full_ipc50/dataset_2/n03394916/47.png
 create mode 100644 results/nette_ags_full_ipc50/dataset_2/n03394916/48.png
 create mode 100644 results/nette_ags_full_ipc50/dataset_2/n03394916/49.png
 create mode 100644 results/nette_ags_full_ipc50/dataset_2/n03394916/5.png
 create mode 100644 results/nette_ags_full_ipc50/dataset_2/n03394916/6.png
 create mode 100644 results/nette_ags_full_ipc50/dataset_2/n03394916/7.png
 create mode 100644 results/nette_ags_full_ipc50/dataset_2/n03394916/8.png
 create mode 100644 results/nette_ags_full_ipc50/dataset_2/n03394916/9.png
 create mode 100644 results/nette_ags_full_ipc50/dataset_2/n03417042/0.png
 create mode 100644 results/nette_ags_full_ipc50/dataset_2/n03417042/1.png
 create mode 100644 results/nette_ags_full_ipc50/dataset_2/n03417042/10.png
 create mode 100644 results/nette_ags_full_ipc50/dataset_2/n03417042/11.png
 create mode 100644 results/nette_ags_full_ipc50/dataset_2/n03417042/12.png
 create mode 100644 results/nette_ags_full_ipc50/dataset_2/n03417042/13.png
 create mode 100644 results/nette_ags_full_ipc50/dataset_2/n03417042/14.png
 create mode 100644 results/nette_ags_full_ipc50/dataset_2/n03417042/15.png
 create mode 100644 results/nette_ags_full_ipc50/dataset_2/n03417042/16.png
 create mode 100644 results/nette_ags_full_ipc50/dataset_2/n03417042/17.png
 create mode 100644 results/nette_ags_full_ipc50/dataset_2/n03417042/18.png
 create mode 100644 results/nette_ags_full_ipc50/dataset_2/n03417042/19.png
 create mode 100644 results/nette_ags_full_ipc50/dataset_2/n03417042/2.png
 create mode 100644 results/nette_ags_full_ipc50/dataset_2/n03417042/20.png
 create mode 100644 results/nette_ags_full_ipc50/dataset_2/n03417042/21.png
 create mode 100644 results/nette_ags_full_ipc50/dataset_2/n03417042/22.png
 create mode 100644 results/nette_ags_full_ipc50/dataset_2/n03417042/23.png
 create mode 100644 results/nette_ags_full_ipc50/dataset_2/n03417042/24.png
 create mode 100644 results/nette_ags_full_ipc50/dataset_2/n03417042/25.png
 create mode 100644 results/nette_ags_full_ipc50/dataset_2/n03417042/26.png
 create mode 100644 results/nette_ags_full_ipc50/dataset_2/n03417042/27.png
 create mode 100644 results/nette_ags_full_ipc50/dataset_2/n03417042/28.png
 create mode 100644 results/nette_ags_full_ipc50/dataset_2/n03417042/29.png
 create mode 100644 results/nette_ags_full_ipc50/dataset_2/n03417042/3.png
 create mode 100644 results/nette_ags_full_ipc50/dataset_2/n03417042/30.png
 create mode 100644 results/nette_ags_full_ipc50/dataset_2/n03417042/31.png
 create mode 100644 results/nette_ags_full_ipc50/dataset_2/n03417042/32.png
 create mode 100644 results/nette_ags_full_ipc50/dataset_2/n03417042/33.png
 create mode 100644 results/nette_ags_full_ipc50/dataset_2/n03417042/34.png
 create mode 100644 results/nette_ags_full_ipc50/dataset_2/n03417042/35.png
 create mode 100644 results/nette_ags_full_ipc50/dataset_2/n03417042/36.png
 create mode 100644 results/nette_ags_full_ipc50/dataset_2/n03417042/37.png
 create mode 100644 results/nette_ags_full_ipc50/dataset_2/n03417042/38.png
 create mode 100644 results/nette_ags_full_ipc50/dataset_2/n03417042/39.png
 create mode 100644 results/nette_ags_full_ipc50/dataset_2/n03417042/4.png
 create mode 100644 results/nette_ags_full_ipc50/dataset_2/n03417042/40.png
 create mode 100644 results/nette_ags_full_ipc50/dataset_2/n03417042/41.png
 create mode 100644 results/nette_ags_full_ipc50/dataset_2/n03417042/42.png
 create mode 100644 results/nette_ags_full_ipc50/dataset_2/n03417042/43.png
 create mode 100644 results/nette_ags_full_ipc50/dataset_2/n03417042/44.png
 create mode 100644 results/nette_ags_full_ipc50/dataset_2/n03417042/45.png
 create mode 100644 results/nette_ags_full_ipc50/dataset_2/n03417042/46.png
 create mode 100644 results/nette_ags_full_ipc50/dataset_2/n03417042/47.png
 create mode 100644 results/nette_ags_full_ipc50/dataset_2/n03417042/48.png
 create mode 100644 results/nette_ags_full_ipc50/dataset_2/n03417042/49.png
 create mode 100644 results/nette_ags_full_ipc50/dataset_2/n03417042/5.png
 create mode 100644 results/nette_ags_full_ipc50/dataset_2/n03417042/6.png
 create mode 100644 results/nette_ags_full_ipc50/dataset_2/n03417042/7.png
 create mode 100644 results/nette_ags_full_ipc50/dataset_2/n03417042/8.png
 create mode 100644 results/nette_ags_full_ipc50/dataset_2/n03417042/9.png
 create mode 100644 results/nette_ags_full_ipc50/dataset_2/n03425413/0.png
 create mode 100644 results/nette_ags_full_ipc50/dataset_2/n03425413/1.png
 create mode 100644 results/nette_ags_full_ipc50/dataset_2/n03425413/10.png
 create mode 100644 results/nette_ags_full_ipc50/dataset_2/n03425413/11.png
 create mode 100644 results/nette_ags_full_ipc50/dataset_2/n03425413/12.png
 create mode 100644 results/nette_ags_full_ipc50/dataset_2/n03425413/13.png
 create mode 100644 results/nette_ags_full_ipc50/dataset_2/n03425413/14.png
 create mode 100644 results/nette_ags_full_ipc50/dataset_2/n03425413/15.png
 create mode 100644 results/nette_ags_full_ipc50/dataset_2/n03425413/16.png
 create mode 100644 results/nette_ags_full_ipc50/dataset_2/n03425413/17.png
 create mode 100644 results/nette_ags_full_ipc50/dataset_2/n03425413/18.png
 create mode 100644 results/nette_ags_full_ipc50/dataset_2/n03425413/19.png
 create mode 100644 results/nette_ags_full_ipc50/dataset_2/n03425413/2.png
 create mode 100644 results/nette_ags_full_ipc50/dataset_2/n03425413/20.png
 create mode 100644 results/nette_ags_full_ipc50/dataset_2/n03425413/21.png
 create mode 100644 results/nette_ags_full_ipc50/dataset_2/n03425413/22.png
 create mode 100644 results/nette_ags_full_ipc50/dataset_2/n03425413/23.png
 create mode 100644 results/nette_ags_full_ipc50/dataset_2/n03425413/24.png
 create mode 100644 results/nette_ags_full_ipc50/dataset_2/n03425413/25.png
 create mode 100644 results/nette_ags_full_ipc50/dataset_2/n03425413/26.png
 create mode 100644 results/nette_ags_full_ipc50/dataset_2/n03425413/27.png
 create mode 100644 results/nette_ags_full_ipc50/dataset_2/n03425413/28.png
 create mode 100644 results/nette_ags_full_ipc50/dataset_2/n03425413/29.png
 create mode 100644 results/nette_ags_full_ipc50/dataset_2/n03425413/3.png
 create mode 100644 results/nette_ags_full_ipc50/dataset_2/n03425413/30.png
 create mode 100644 results/nette_ags_full_ipc50/dataset_2/n03425413/31.png
 create mode 100644 results/nette_ags_full_ipc50/dataset_2/n03425413/32.png
 create mode 100644 results/nette_ags_full_ipc50/dataset_2/n03425413/33.png
 create mode 100644 results/nette_ags_full_ipc50/dataset_2/n03425413/34.png
 create mode 100644 results/nette_ags_full_ipc50/dataset_2/n03425413/35.png
 create mode 100644 results/nette_ags_full_ipc50/dataset_2/n03425413/36.png
 create mode 100644 results/nette_ags_full_ipc50/dataset_2/n03425413/37.png
 create mode 100644 results/nette_ags_full_ipc50/dataset_2/n03425413/38.png
 create mode 100644 results/nette_ags_full_ipc50/dataset_2/n03425413/39.png
 create mode 100644 results/nette_ags_full_ipc50/dataset_2/n03425413/4.png
 create mode 100644 results/nette_ags_full_ipc50/dataset_2/n03425413/40.png
 create mode 100644 results/nette_ags_full_ipc50/dataset_2/n03425413/41.png
 create mode 100644 results/nette_ags_full_ipc50/dataset_2/n03425413/42.png
 create mode 100644 results/nette_ags_full_ipc50/dataset_2/n03425413/43.png
 create mode 100644 results/nette_ags_full_ipc50/dataset_2/n03425413/44.png
 create mode 100644 results/nette_ags_full_ipc50/dataset_2/n03425413/45.png
 create mode 100644 results/nette_ags_full_ipc50/dataset_2/n03425413/46.png
 create mode 100644 results/nette_ags_full_ipc50/dataset_2/n03425413/47.png
 create mode 100644 results/nette_ags_full_ipc50/dataset_2/n03425413/48.png
 create mode 100644 results/nette_ags_full_ipc50/dataset_2/n03425413/49.png
 create mode 100644 results/nette_ags_full_ipc50/dataset_2/n03425413/5.png
 create mode 100644 results/nette_ags_full_ipc50/dataset_2/n03425413/6.png
 create mode 100644 results/nette_ags_full_ipc50/dataset_2/n03425413/7.png
 create mode 100644 results/nette_ags_full_ipc50/dataset_2/n03425413/8.png
 create mode 100644 results/nette_ags_full_ipc50/dataset_2/n03425413/9.png
 create mode 100644 results/nette_ags_full_ipc50/dataset_2/n03445777/0.png
 create mode 100644 results/nette_ags_full_ipc50/dataset_2/n03445777/1.png
 create mode 100644 results/nette_ags_full_ipc50/dataset_2/n03445777/10.png
 create mode 100644 results/nette_ags_full_ipc50/dataset_2/n03445777/11.png
 create mode 100644 results/nette_ags_full_ipc50/dataset_2/n03445777/12.png
 create mode 100644 results/nette_ags_full_ipc50/dataset_2/n03445777/13.png
 create mode 100644 results/nette_ags_full_ipc50/dataset_2/n03445777/14.png
 create mode 100644 results/nette_ags_full_ipc50/dataset_2/n03445777/15.png
 create mode 100644 results/nette_ags_full_ipc50/dataset_2/n03445777/16.png
 create mode 100644 results/nette_ags_full_ipc50/dataset_2/n03445777/17.png
 create mode 100644 results/nette_ags_full_ipc50/dataset_2/n03445777/18.png
 create mode 100644 results/nette_ags_full_ipc50/dataset_2/n03445777/19.png
 create mode 100644 results/nette_ags_full_ipc50/dataset_2/n03445777/2.png
 create mode 100644 results/nette_ags_full_ipc50/dataset_2/n03445777/20.png
 create mode 100644 results/nette_ags_full_ipc50/dataset_2/n03445777/21.png
 create mode 100644 results/nette_ags_full_ipc50/dataset_2/n03445777/22.png
 create mode 100644 results/nette_ags_full_ipc50/dataset_2/n03445777/23.png
 create mode 100644 results/nette_ags_full_ipc50/dataset_2/n03445777/24.png
 create mode 100644 results/nette_ags_full_ipc50/dataset_2/n03445777/25.png
 create mode 100644 results/nette_ags_full_ipc50/dataset_2/n03445777/26.png
 create mode 100644 results/nette_ags_full_ipc50/dataset_2/n03445777/27.png
 create mode 100644 results/nette_ags_full_ipc50/dataset_2/n03445777/28.png
 create mode 100644 results/nette_ags_full_ipc50/dataset_2/n03445777/29.png
 create mode 100644 results/nette_ags_full_ipc50/dataset_2/n03445777/3.png
 create mode 100644 results/nette_ags_full_ipc50/dataset_2/n03445777/30.png
 create mode 100644 results/nette_ags_full_ipc50/dataset_2/n03445777/31.png
 create mode 100644 results/nette_ags_full_ipc50/dataset_2/n03445777/32.png
 create mode 100644 results/nette_ags_full_ipc50/dataset_2/n03445777/33.png
 create mode 100644 results/nette_ags_full_ipc50/dataset_2/n03445777/34.png
 create mode 100644 results/nette_ags_full_ipc50/dataset_2/n03445777/35.png
 create mode 100644 results/nette_ags_full_ipc50/dataset_2/n03445777/36.png
 create mode 100644 results/nette_ags_full_ipc50/dataset_2/n03445777/37.png
 create mode 100644 results/nette_ags_full_ipc50/dataset_2/n03445777/38.png
 create mode 100644 results/nette_ags_full_ipc50/dataset_2/n03445777/39.png
 create mode 100644 results/nette_ags_full_ipc50/dataset_2/n03445777/4.png
 create mode 100644 results/nette_ags_full_ipc50/dataset_2/n03445777/40.png
 create mode 100644 results/nette_ags_full_ipc50/dataset_2/n03445777/41.png
 create mode 100644 results/nette_ags_full_ipc50/dataset_2/n03445777/42.png
 create mode 100644 results/nette_ags_full_ipc50/dataset_2/n03445777/43.png
 create mode 100644 results/nette_ags_full_ipc50/dataset_2/n03445777/44.png
 create mode 100644 results/nette_ags_full_ipc50/dataset_2/n03445777/45.png
 create mode 100644 results/nette_ags_full_ipc50/dataset_2/n03445777/46.png
 create mode 100644 results/nette_ags_full_ipc50/dataset_2/n03445777/47.png
 create mode 100644 results/nette_ags_full_ipc50/dataset_2/n03445777/48.png
 create mode 100644 results/nette_ags_full_ipc50/dataset_2/n03445777/49.png
 create mode 100644 results/nette_ags_full_ipc50/dataset_2/n03445777/5.png
 create mode 100644 results/nette_ags_full_ipc50/dataset_2/n03445777/6.png
 create mode 100644 results/nette_ags_full_ipc50/dataset_2/n03445777/7.png
 create mode 100644 results/nette_ags_full_ipc50/dataset_2/n03445777/8.png
 create mode 100644 results/nette_ags_full_ipc50/dataset_2/n03445777/9.png
 create mode 100644 results/nette_ags_full_ipc50/dataset_2/n03888257/0.png
 create mode 100644 results/nette_ags_full_ipc50/dataset_2/n03888257/1.png
 create mode 100644 results/nette_ags_full_ipc50/dataset_2/n03888257/10.png
 create mode 100644 results/nette_ags_full_ipc50/dataset_2/n03888257/11.png
 create mode 100644 results/nette_ags_full_ipc50/dataset_2/n03888257/12.png
 create mode 100644 results/nette_ags_full_ipc50/dataset_2/n03888257/13.png
 create mode 100644 results/nette_ags_full_ipc50/dataset_2/n03888257/14.png
 create mode 100644 results/nette_ags_full_ipc50/dataset_2/n03888257/15.png
 create mode 100644 results/nette_ags_full_ipc50/dataset_2/n03888257/16.png
 create mode 100644 results/nette_ags_full_ipc50/dataset_2/n03888257/17.png
 create mode 100644 results/nette_ags_full_ipc50/dataset_2/n03888257/18.png
 create mode 100644 results/nette_ags_full_ipc50/dataset_2/n03888257/19.png
 create mode 100644 results/nette_ags_full_ipc50/dataset_2/n03888257/2.png
 create mode 100644 results/nette_ags_full_ipc50/dataset_2/n03888257/20.png
 create mode 100644 results/nette_ags_full_ipc50/dataset_2/n03888257/21.png
 create mode 100644 results/nette_ags_full_ipc50/dataset_2/n03888257/22.png
 create mode 100644 results/nette_ags_full_ipc50/dataset_2/n03888257/23.png
 create mode 100644 results/nette_ags_full_ipc50/dataset_2/n03888257/24.png
 create mode 100644 results/nette_ags_full_ipc50/dataset_2/n03888257/25.png
 create mode 100644 results/nette_ags_full_ipc50/dataset_2/n03888257/26.png
 create mode 100644 results/nette_ags_full_ipc50/dataset_2/n03888257/27.png
 create mode 100644 results/nette_ags_full_ipc50/dataset_2/n03888257/28.png
 create mode 100644 results/nette_ags_full_ipc50/dataset_2/n03888257/29.png
 create mode 100644 results/nette_ags_full_ipc50/dataset_2/n03888257/3.png
 create mode 100644 results/nette_ags_full_ipc50/dataset_2/n03888257/30.png
 create mode 100644 results/nette_ags_full_ipc50/dataset_2/n03888257/31.png
 create mode 100644 results/nette_ags_full_ipc50/dataset_2/n03888257/32.png
 create mode 100644 results/nette_ags_full_ipc50/dataset_2/n03888257/33.png
 create mode 100644 results/nette_ags_full_ipc50/dataset_2/n03888257/34.png
 create mode 100644 results/nette_ags_full_ipc50/dataset_2/n03888257/35.png
 create mode 100644 results/nette_ags_full_ipc50/dataset_2/n03888257/36.png
 create mode 100644 results/nette_ags_full_ipc50/dataset_2/n03888257/37.png
 create mode 100644 results/nette_ags_full_ipc50/dataset_2/n03888257/38.png
 create mode 100644 results/nette_ags_full_ipc50/dataset_2/n03888257/39.png
 create mode 100644 results/nette_ags_full_ipc50/dataset_2/n03888257/4.png
 create mode 100644 results/nette_ags_full_ipc50/dataset_2/n03888257/40.png
 create mode 100644 results/nette_ags_full_ipc50/dataset_2/n03888257/41.png
 create mode 100644 results/nette_ags_full_ipc50/dataset_2/n03888257/42.png
 create mode 100644 results/nette_ags_full_ipc50/dataset_2/n03888257/43.png
 create mode 100644 results/nette_ags_full_ipc50/dataset_2/n03888257/44.png
 create mode 100644 results/nette_ags_full_ipc50/dataset_2/n03888257/45.png
 create mode 100644 results/nette_ags_full_ipc50/dataset_2/n03888257/46.png
 create mode 100644 results/nette_ags_full_ipc50/dataset_2/n03888257/47.png
 create mode 100644 results/nette_ags_full_ipc50/dataset_2/n03888257/48.png
 create mode 100644 results/nette_ags_full_ipc50/dataset_2/n03888257/49.png
 create mode 100644 results/nette_ags_full_ipc50/dataset_2/n03888257/5.png
 create mode 100644 results/nette_ags_full_ipc50/dataset_2/n03888257/6.png
 create mode 100644 results/nette_ags_full_ipc50/dataset_2/n03888257/7.png
 create mode 100644 results/nette_ags_full_ipc50/dataset_2/n03888257/8.png
 create mode 100644 results/nette_ags_full_ipc50/dataset_2/n03888257/9.png
 create mode 100644 results/nette_ags_full_ipc50/experiment_config.json
 create mode 100644 results/nette_baseline_ipc10/ags_config.pkl
 create mode 100644 results/nette_baseline_ipc10/dataset_0/n01440764/0.png
 create mode 100644 results/nette_baseline_ipc10/dataset_0/n01440764/1.png
 create mode 100644 results/nette_baseline_ipc10/dataset_0/n01440764/2.png
 create mode 100644 results/nette_baseline_ipc10/dataset_0/n01440764/3.png
 create mode 100644 results/nette_baseline_ipc10/dataset_0/n01440764/4.png
 create mode 100644 results/nette_baseline_ipc10/dataset_0/n01440764/5.png
 create mode 100644 results/nette_baseline_ipc10/dataset_0/n01440764/6.png
 create mode 100644 results/nette_baseline_ipc10/dataset_0/n01440764/7.png
 create mode 100644 results/nette_baseline_ipc10/dataset_0/n01440764/8.png
 create mode 100644 results/nette_baseline_ipc10/dataset_0/n01440764/9.png
 create mode 100644 results/nette_baseline_ipc10/dataset_0/n02102040/0.png
 create mode 100644 results/nette_baseline_ipc10/dataset_0/n02102040/1.png
 create mode 100644 results/nette_baseline_ipc10/dataset_0/n02102040/2.png
 create mode 100644 results/nette_baseline_ipc10/dataset_0/n02102040/3.png
 create mode 100644 results/nette_baseline_ipc10/dataset_0/n02102040/4.png
 create mode 100644 results/nette_baseline_ipc10/dataset_0/n02102040/5.png
 create mode 100644 results/nette_baseline_ipc10/dataset_0/n02102040/6.png
 create mode 100644 results/nette_baseline_ipc10/dataset_0/n02102040/7.png
 create mode 100644 results/nette_baseline_ipc10/dataset_0/n02102040/8.png
 create mode 100644 results/nette_baseline_ipc10/dataset_0/n02102040/9.png
 create mode 100644 results/nette_baseline_ipc10/dataset_0/n02979186/0.png
 create mode 100644 results/nette_baseline_ipc10/dataset_0/n02979186/1.png
 create mode 100644 results/nette_baseline_ipc10/dataset_0/n02979186/2.png
 create mode 100644 results/nette_baseline_ipc10/dataset_0/n02979186/3.png
 create mode 100644 results/nette_baseline_ipc10/dataset_0/n02979186/4.png
 create mode 100644 results/nette_baseline_ipc10/dataset_0/n02979186/5.png
 create mode 100644 results/nette_baseline_ipc10/dataset_0/n02979186/6.png
 create mode 100644 results/nette_baseline_ipc10/dataset_0/n02979186/7.png
 create mode 100644 results/nette_baseline_ipc10/dataset_0/n02979186/8.png
 create mode 100644 results/nette_baseline_ipc10/dataset_0/n02979186/9.png
 create mode 100644 results/nette_baseline_ipc10/dataset_0/n03000684/0.png
 create mode 100644 results/nette_baseline_ipc10/dataset_0/n03000684/1.png
 create mode 100644 results/nette_baseline_ipc10/dataset_0/n03000684/2.png
 create mode 100644 results/nette_baseline_ipc10/dataset_0/n03000684/3.png
 create mode 100644 results/nette_baseline_ipc10/dataset_0/n03000684/4.png
 create mode 100644 results/nette_baseline_ipc10/dataset_0/n03000684/5.png
 create mode 100644 results/nette_baseline_ipc10/dataset_0/n03000684/6.png
 create mode 100644 results/nette_baseline_ipc10/dataset_0/n03000684/7.png
 create mode 100644 results/nette_baseline_ipc10/dataset_0/n03000684/8.png
 create mode 100644 results/nette_baseline_ipc10/dataset_0/n03000684/9.png
 create mode 100644 results/nette_baseline_ipc10/dataset_0/n03028079/0.png
 create mode 100644 results/nette_baseline_ipc10/dataset_0/n03028079/1.png
 create mode 100644 results/nette_baseline_ipc10/dataset_0/n03028079/2.png
 create mode 100644 results/nette_baseline_ipc10/dataset_0/n03028079/3.png
 create mode 100644 results/nette_baseline_ipc10/dataset_0/n03028079/4.png
 create mode 100644 results/nette_baseline_ipc10/dataset_0/n03028079/5.png
 create mode 100644 results/nette_baseline_ipc10/dataset_0/n03028079/6.png
 create mode 100644 results/nette_baseline_ipc10/dataset_0/n03028079/7.png
 create mode 100644 results/nette_baseline_ipc10/dataset_0/n03028079/8.png
 create mode 100644 results/nette_baseline_ipc10/dataset_0/n03028079/9.png
 create mode 100644 results/nette_baseline_ipc10/dataset_0/n03394916/0.png
 create mode 100644 results/nette_baseline_ipc10/dataset_0/n03394916/1.png
 create mode 100644 results/nette_baseline_ipc10/dataset_0/n03394916/2.png
 create mode 100644 results/nette_baseline_ipc10/dataset_0/n03394916/3.png
 create mode 100644 results/nette_baseline_ipc10/dataset_0/n03394916/4.png
 create mode 100644 results/nette_baseline_ipc10/dataset_0/n03394916/5.png
 create mode 100644 results/nette_baseline_ipc10/dataset_0/n03394916/6.png
 create mode 100644 results/nette_baseline_ipc10/dataset_0/n03394916/7.png
 create mode 100644 results/nette_baseline_ipc10/dataset_0/n03394916/8.png
 create mode 100644 results/nette_baseline_ipc10/dataset_0/n03394916/9.png
 create mode 100644 results/nette_baseline_ipc10/dataset_0/n03417042/0.png
 create mode 100644 results/nette_baseline_ipc10/dataset_0/n03417042/1.png
 create mode 100644 results/nette_baseline_ipc10/dataset_0/n03417042/2.png
 create mode 100644 results/nette_baseline_ipc10/dataset_0/n03417042/3.png
 create mode 100644 results/nette_baseline_ipc10/dataset_0/n03417042/4.png
 create mode 100644 results/nette_baseline_ipc10/dataset_0/n03417042/5.png
 create mode 100644 results/nette_baseline_ipc10/dataset_0/n03417042/6.png
 create mode 100644 results/nette_baseline_ipc10/dataset_0/n03417042/7.png
 create mode 100644 results/nette_baseline_ipc10/dataset_0/n03417042/8.png
 create mode 100644 results/nette_baseline_ipc10/dataset_0/n03417042/9.png
 create mode 100644 results/nette_baseline_ipc10/dataset_0/n03425413/0.png
 create mode 100644 results/nette_baseline_ipc10/dataset_0/n03425413/1.png
 create mode 100644 results/nette_baseline_ipc10/dataset_0/n03425413/2.png
 create mode 100644 results/nette_baseline_ipc10/dataset_0/n03425413/3.png
 create mode 100644 results/nette_baseline_ipc10/dataset_0/n03425413/4.png
 create mode 100644 results/nette_baseline_ipc10/dataset_0/n03425413/5.png
 create mode 100644 results/nette_baseline_ipc10/dataset_0/n03425413/6.png
 create mode 100644 results/nette_baseline_ipc10/dataset_0/n03425413/7.png
 create mode 100644 results/nette_baseline_ipc10/dataset_0/n03425413/8.png
 create mode 100644 results/nette_baseline_ipc10/dataset_0/n03425413/9.png
 create mode 100644 results/nette_baseline_ipc10/dataset_0/n03445777/0.png
 create mode 100644 results/nette_baseline_ipc10/dataset_0/n03445777/1.png
 create mode 100644 results/nette_baseline_ipc10/dataset_0/n03445777/2.png
 create mode 100644 results/nette_baseline_ipc10/dataset_0/n03445777/3.png
 create mode 100644 results/nette_baseline_ipc10/dataset_0/n03445777/4.png
 create mode 100644 results/nette_baseline_ipc10/dataset_0/n03445777/5.png
 create mode 100644 results/nette_baseline_ipc10/dataset_0/n03445777/6.png
 create mode 100644 results/nette_baseline_ipc10/dataset_0/n03445777/7.png
 create mode 100644 results/nette_baseline_ipc10/dataset_0/n03445777/8.png
 create mode 100644 results/nette_baseline_ipc10/dataset_0/n03445777/9.png
 create mode 100644 results/nette_baseline_ipc10/dataset_0/n03888257/0.png
 create mode 100644 results/nette_baseline_ipc10/dataset_0/n03888257/1.png
 create mode 100644 results/nette_baseline_ipc10/dataset_0/n03888257/2.png
 create mode 100644 results/nette_baseline_ipc10/dataset_0/n03888257/3.png
 create mode 100644 results/nette_baseline_ipc10/dataset_0/n03888257/4.png
 create mode 100644 results/nette_baseline_ipc10/dataset_0/n03888257/5.png
 create mode 100644 results/nette_baseline_ipc10/dataset_0/n03888257/6.png
 create mode 100644 results/nette_baseline_ipc10/dataset_0/n03888257/7.png
 create mode 100644 results/nette_baseline_ipc10/dataset_0/n03888257/8.png
 create mode 100644 results/nette_baseline_ipc10/dataset_0/n03888257/9.png
 create mode 100644 results/nette_baseline_ipc10/dataset_1/n01440764/0.png
 create mode 100644 results/nette_baseline_ipc10/dataset_1/n01440764/1.png
 create mode 100644 results/nette_baseline_ipc10/dataset_1/n01440764/2.png
 create mode 100644 results/nette_baseline_ipc10/dataset_1/n01440764/3.png
 create mode 100644 results/nette_baseline_ipc10/dataset_1/n01440764/4.png
 create mode 100644 results/nette_baseline_ipc10/dataset_1/n01440764/5.png
 create mode 100644 results/nette_baseline_ipc10/dataset_1/n01440764/6.png
 create mode 100644 results/nette_baseline_ipc10/dataset_1/n01440764/7.png
 create mode 100644 results/nette_baseline_ipc10/dataset_1/n01440764/8.png
 create mode 100644 results/nette_baseline_ipc10/dataset_1/n01440764/9.png
 create mode 100644 results/nette_baseline_ipc10/dataset_1/n02102040/0.png
 create mode 100644 results/nette_baseline_ipc10/dataset_1/n02102040/1.png
 create mode 100644 results/nette_baseline_ipc10/dataset_1/n02102040/2.png
 create mode 100644 results/nette_baseline_ipc10/dataset_1/n02102040/3.png
 create mode 100644 results/nette_baseline_ipc10/dataset_1/n02102040/4.png
 create mode 100644 results/nette_baseline_ipc10/dataset_1/n02102040/5.png
 create mode 100644 results/nette_baseline_ipc10/dataset_1/n02102040/6.png
 create mode 100644 results/nette_baseline_ipc10/dataset_1/n02102040/7.png
 create mode 100644 results/nette_baseline_ipc10/dataset_1/n02102040/8.png
 create mode 100644 results/nette_baseline_ipc10/dataset_1/n02102040/9.png
 create mode 100644 results/nette_baseline_ipc10/dataset_1/n02979186/0.png
 create mode 100644 results/nette_baseline_ipc10/dataset_1/n02979186/1.png
 create mode 100644 results/nette_baseline_ipc10/dataset_1/n02979186/2.png
 create mode 100644 results/nette_baseline_ipc10/dataset_1/n02979186/3.png
 create mode 100644 results/nette_baseline_ipc10/dataset_1/n02979186/4.png
 create mode 100644 results/nette_baseline_ipc10/dataset_1/n02979186/5.png
 create mode 100644 results/nette_baseline_ipc10/dataset_1/n02979186/6.png
 create mode 100644 results/nette_baseline_ipc10/dataset_1/n02979186/7.png
 create mode 100644 results/nette_baseline_ipc10/dataset_1/n02979186/8.png
 create mode 100644 results/nette_baseline_ipc10/dataset_1/n02979186/9.png
 create mode 100644 results/nette_baseline_ipc10/dataset_1/n03000684/0.png
 create mode 100644 results/nette_baseline_ipc10/dataset_1/n03000684/1.png
 create mode 100644 results/nette_baseline_ipc10/dataset_1/n03000684/2.png
 create mode 100644 results/nette_baseline_ipc10/dataset_1/n03000684/3.png
 create mode 100644 results/nette_baseline_ipc10/dataset_1/n03000684/4.png
 create mode 100644 results/nette_baseline_ipc10/dataset_1/n03000684/5.png
 create mode 100644 results/nette_baseline_ipc10/dataset_1/n03000684/6.png
 create mode 100644 results/nette_baseline_ipc10/dataset_1/n03000684/7.png
 create mode 100644 results/nette_baseline_ipc10/dataset_1/n03000684/8.png
 create mode 100644 results/nette_baseline_ipc10/dataset_1/n03000684/9.png
 create mode 100644 results/nette_baseline_ipc10/dataset_1/n03028079/0.png
 create mode 100644 results/nette_baseline_ipc10/dataset_1/n03028079/1.png
 create mode 100644 results/nette_baseline_ipc10/dataset_1/n03028079/2.png
 create mode 100644 results/nette_baseline_ipc10/dataset_1/n03028079/3.png
 create mode 100644 results/nette_baseline_ipc10/dataset_1/n03028079/4.png
 create mode 100644 results/nette_baseline_ipc10/dataset_1/n03028079/5.png
 create mode 100644 results/nette_baseline_ipc10/dataset_1/n03028079/6.png
 create mode 100644 results/nette_baseline_ipc10/dataset_1/n03028079/7.png
 create mode 100644 results/nette_baseline_ipc10/dataset_1/n03028079/8.png
 create mode 100644 results/nette_baseline_ipc10/dataset_1/n03028079/9.png
 create mode 100644 results/nette_baseline_ipc10/dataset_1/n03394916/0.png
 create mode 100644 results/nette_baseline_ipc10/dataset_1/n03394916/1.png
 create mode 100644 results/nette_baseline_ipc10/dataset_1/n03394916/2.png
 create mode 100644 results/nette_baseline_ipc10/dataset_1/n03394916/3.png
 create mode 100644 results/nette_baseline_ipc10/dataset_1/n03394916/4.png
 create mode 100644 results/nette_baseline_ipc10/dataset_1/n03394916/5.png
 create mode 100644 results/nette_baseline_ipc10/dataset_1/n03394916/6.png
 create mode 100644 results/nette_baseline_ipc10/dataset_1/n03394916/7.png
 create mode 100644 results/nette_baseline_ipc10/dataset_1/n03394916/8.png
 create mode 100644 results/nette_baseline_ipc10/dataset_1/n03394916/9.png
 create mode 100644 results/nette_baseline_ipc10/dataset_1/n03417042/0.png
 create mode 100644 results/nette_baseline_ipc10/dataset_1/n03417042/1.png
 create mode 100644 results/nette_baseline_ipc10/dataset_1/n03417042/2.png
 create mode 100644 results/nette_baseline_ipc10/dataset_1/n03417042/3.png
 create mode 100644 results/nette_baseline_ipc10/dataset_1/n03417042/4.png
 create mode 100644 results/nette_baseline_ipc10/dataset_1/n03417042/5.png
 create mode 100644 results/nette_baseline_ipc10/dataset_1/n03417042/6.png
 create mode 100644 results/nette_baseline_ipc10/dataset_1/n03417042/7.png
 create mode 100644 results/nette_baseline_ipc10/dataset_1/n03417042/8.png
 create mode 100644 results/nette_baseline_ipc10/dataset_1/n03417042/9.png
 create mode 100644 results/nette_baseline_ipc10/dataset_1/n03425413/0.png
 create mode 100644 results/nette_baseline_ipc10/dataset_1/n03425413/1.png
 create mode 100644 results/nette_baseline_ipc10/dataset_1/n03425413/2.png
 create mode 100644 results/nette_baseline_ipc10/dataset_1/n03425413/3.png
 create mode 100644 results/nette_baseline_ipc10/dataset_1/n03425413/4.png
 create mode 100644 results/nette_baseline_ipc10/dataset_1/n03425413/5.png
 create mode 100644 results/nette_baseline_ipc10/dataset_1/n03425413/6.png
 create mode 100644 results/nette_baseline_ipc10/dataset_1/n03425413/7.png
 create mode 100644 results/nette_baseline_ipc10/dataset_1/n03425413/8.png
 create mode 100644 results/nette_baseline_ipc10/dataset_1/n03425413/9.png
 create mode 100644 results/nette_baseline_ipc10/dataset_1/n03445777/0.png
 create mode 100644 results/nette_baseline_ipc10/dataset_1/n03445777/1.png
 create mode 100644 results/nette_baseline_ipc10/dataset_1/n03445777/2.png
 create mode 100644 results/nette_baseline_ipc10/dataset_1/n03445777/3.png
 create mode 100644 results/nette_baseline_ipc10/dataset_1/n03445777/4.png
 create mode 100644 results/nette_baseline_ipc10/dataset_1/n03445777/5.png
 create mode 100644 results/nette_baseline_ipc10/dataset_1/n03445777/6.png
 create mode 100644 results/nette_baseline_ipc10/dataset_1/n03445777/7.png
 create mode 100644 results/nette_baseline_ipc10/dataset_1/n03445777/8.png
 create mode 100644 results/nette_baseline_ipc10/dataset_1/n03445777/9.png
 create mode 100644 results/nette_baseline_ipc10/dataset_1/n03888257/0.png
 create mode 100644 results/nette_baseline_ipc10/dataset_1/n03888257/1.png
 create mode 100644 results/nette_baseline_ipc10/dataset_1/n03888257/2.png
 create mode 100644 results/nette_baseline_ipc10/dataset_1/n03888257/3.png
 create mode 100644 results/nette_baseline_ipc10/dataset_1/n03888257/4.png
 create mode 100644 results/nette_baseline_ipc10/dataset_1/n03888257/5.png
 create mode 100644 results/nette_baseline_ipc10/dataset_1/n03888257/6.png
 create mode 100644 results/nette_baseline_ipc10/dataset_1/n03888257/7.png
 create mode 100644 results/nette_baseline_ipc10/dataset_1/n03888257/8.png
 create mode 100644 results/nette_baseline_ipc10/dataset_1/n03888257/9.png
 create mode 100644 results/nette_baseline_ipc10/dataset_2/n01440764/0.png
 create mode 100644 results/nette_baseline_ipc10/dataset_2/n01440764/1.png
 create mode 100644 results/nette_baseline_ipc10/dataset_2/n01440764/2.png
 create mode 100644 results/nette_baseline_ipc10/dataset_2/n01440764/3.png
 create mode 100644 results/nette_baseline_ipc10/dataset_2/n01440764/4.png
 create mode 100644 results/nette_baseline_ipc10/dataset_2/n01440764/5.png
 create mode 100644 results/nette_baseline_ipc10/dataset_2/n01440764/6.png
 create mode 100644 results/nette_baseline_ipc10/dataset_2/n01440764/7.png
 create mode 100644 results/nette_baseline_ipc10/dataset_2/n01440764/8.png
 create mode 100644 results/nette_baseline_ipc10/dataset_2/n01440764/9.png
 create mode 100644 results/nette_baseline_ipc10/dataset_2/n02102040/0.png
 create mode 100644 results/nette_baseline_ipc10/dataset_2/n02102040/1.png
 create mode 100644 results/nette_baseline_ipc10/dataset_2/n02102040/2.png
 create mode 100644 results/nette_baseline_ipc10/dataset_2/n02102040/3.png
 create mode 100644 results/nette_baseline_ipc10/dataset_2/n02102040/4.png
 create mode 100644 results/nette_baseline_ipc10/dataset_2/n02102040/5.png
 create mode 100644 results/nette_baseline_ipc10/dataset_2/n02102040/6.png
 create mode 100644 results/nette_baseline_ipc10/dataset_2/n02102040/7.png
 create mode 100644 results/nette_baseline_ipc10/dataset_2/n02102040/8.png
 create mode 100644 results/nette_baseline_ipc10/dataset_2/n02102040/9.png
 create mode 100644 results/nette_baseline_ipc10/dataset_2/n02979186/0.png
 create mode 100644 results/nette_baseline_ipc10/dataset_2/n02979186/1.png
 create mode 100644 results/nette_baseline_ipc10/dataset_2/n02979186/2.png
 create mode 100644 results/nette_baseline_ipc10/dataset_2/n02979186/3.png
 create mode 100644 results/nette_baseline_ipc10/dataset_2/n02979186/4.png
 create mode 100644 results/nette_baseline_ipc10/dataset_2/n02979186/5.png
 create mode 100644 results/nette_baseline_ipc10/dataset_2/n02979186/6.png
 create mode 100644 results/nette_baseline_ipc10/dataset_2/n02979186/7.png
 create mode 100644 results/nette_baseline_ipc10/dataset_2/n02979186/8.png
 create mode 100644 results/nette_baseline_ipc10/dataset_2/n02979186/9.png
 create mode 100644 results/nette_baseline_ipc10/dataset_2/n03000684/0.png
 create mode 100644 results/nette_baseline_ipc10/dataset_2/n03000684/1.png
 create mode 100644 results/nette_baseline_ipc10/dataset_2/n03000684/2.png
 create mode 100644 results/nette_baseline_ipc10/dataset_2/n03000684/3.png
 create mode 100644 results/nette_baseline_ipc10/dataset_2/n03000684/4.png
 create mode 100644 results/nette_baseline_ipc10/dataset_2/n03000684/5.png
 create mode 100644 results/nette_baseline_ipc10/dataset_2/n03000684/6.png
 create mode 100644 results/nette_baseline_ipc10/dataset_2/n03000684/7.png
 create mode 100644 results/nette_baseline_ipc10/dataset_2/n03000684/8.png
 create mode 100644 results/nette_baseline_ipc10/dataset_2/n03000684/9.png
 create mode 100644 results/nette_baseline_ipc10/dataset_2/n03028079/0.png
 create mode 100644 results/nette_baseline_ipc10/dataset_2/n03028079/1.png
 create mode 100644 results/nette_baseline_ipc10/dataset_2/n03028079/2.png
 create mode 100644 results/nette_baseline_ipc10/dataset_2/n03028079/3.png
 create mode 100644 results/nette_baseline_ipc10/dataset_2/n03028079/4.png
 create mode 100644 results/nette_baseline_ipc10/dataset_2/n03028079/5.png
 create mode 100644 results/nette_baseline_ipc10/dataset_2/n03028079/6.png
 create mode 100644 results/nette_baseline_ipc10/dataset_2/n03028079/7.png
 create mode 100644 results/nette_baseline_ipc10/dataset_2/n03028079/8.png
 create mode 100644 results/nette_baseline_ipc10/dataset_2/n03028079/9.png
 create mode 100644 results/nette_baseline_ipc10/dataset_2/n03394916/0.png
 create mode 100644 results/nette_baseline_ipc10/dataset_2/n03394916/1.png
 create mode 100644 results/nette_baseline_ipc10/dataset_2/n03394916/2.png
 create mode 100644 results/nette_baseline_ipc10/dataset_2/n03394916/3.png
 create mode 100644 results/nette_baseline_ipc10/dataset_2/n03394916/4.png
 create mode 100644 results/nette_baseline_ipc10/dataset_2/n03394916/5.png
 create mode 100644 results/nette_baseline_ipc10/dataset_2/n03394916/6.png
 create mode 100644 results/nette_baseline_ipc10/dataset_2/n03394916/7.png
 create mode 100644 results/nette_baseline_ipc10/dataset_2/n03394916/8.png
 create mode 100644 results/nette_baseline_ipc10/dataset_2/n03394916/9.png
 create mode 100644 results/nette_baseline_ipc10/dataset_2/n03417042/0.png
 create mode 100644 results/nette_baseline_ipc10/dataset_2/n03417042/1.png
 create mode 100644 results/nette_baseline_ipc10/dataset_2/n03417042/2.png
 create mode 100644 results/nette_baseline_ipc10/dataset_2/n03417042/3.png
 create mode 100644 results/nette_baseline_ipc10/dataset_2/n03417042/4.png
 create mode 100644 results/nette_baseline_ipc10/dataset_2/n03417042/5.png
 create mode 100644 results/nette_baseline_ipc10/dataset_2/n03417042/6.png
 create mode 100644 results/nette_baseline_ipc10/dataset_2/n03417042/7.png
 create mode 100644 results/nette_baseline_ipc10/dataset_2/n03417042/8.png
 create mode 100644 results/nette_baseline_ipc10/dataset_2/n03417042/9.png
 create mode 100644 results/nette_baseline_ipc10/dataset_2/n03425413/0.png
 create mode 100644 results/nette_baseline_ipc10/dataset_2/n03425413/1.png
 create mode 100644 results/nette_baseline_ipc10/dataset_2/n03425413/2.png
 create mode 100644 results/nette_baseline_ipc10/dataset_2/n03425413/3.png
 create mode 100644 results/nette_baseline_ipc10/dataset_2/n03425413/4.png
 create mode 100644 results/nette_baseline_ipc10/dataset_2/n03425413/5.png
 create mode 100644 results/nette_baseline_ipc10/dataset_2/n03425413/6.png
 create mode 100644 results/nette_baseline_ipc10/dataset_2/n03425413/7.png
 create mode 100644 results/nette_baseline_ipc10/dataset_2/n03425413/8.png
 create mode 100644 results/nette_baseline_ipc10/dataset_2/n03425413/9.png
 create mode 100644 results/nette_baseline_ipc10/dataset_2/n03445777/0.png
 create mode 100644 results/nette_baseline_ipc10/dataset_2/n03445777/1.png
 create mode 100644 results/nette_baseline_ipc10/dataset_2/n03445777/2.png
 create mode 100644 results/nette_baseline_ipc10/dataset_2/n03445777/3.png
 create mode 100644 results/nette_baseline_ipc10/dataset_2/n03445777/4.png
 create mode 100644 results/nette_baseline_ipc10/dataset_2/n03445777/5.png
 create mode 100644 results/nette_baseline_ipc10/dataset_2/n03445777/6.png
 create mode 100644 results/nette_baseline_ipc10/dataset_2/n03445777/7.png
 create mode 100644 results/nette_baseline_ipc10/dataset_2/n03445777/8.png
 create mode 100644 results/nette_baseline_ipc10/dataset_2/n03445777/9.png
 create mode 100644 results/nette_baseline_ipc10/dataset_2/n03888257/0.png
 create mode 100644 results/nette_baseline_ipc10/dataset_2/n03888257/1.png
 create mode 100644 results/nette_baseline_ipc10/dataset_2/n03888257/2.png
 create mode 100644 results/nette_baseline_ipc10/dataset_2/n03888257/3.png
 create mode 100644 results/nette_baseline_ipc10/dataset_2/n03888257/4.png
 create mode 100644 results/nette_baseline_ipc10/dataset_2/n03888257/5.png
 create mode 100644 results/nette_baseline_ipc10/dataset_2/n03888257/6.png
 create mode 100644 results/nette_baseline_ipc10/dataset_2/n03888257/7.png
 create mode 100644 results/nette_baseline_ipc10/dataset_2/n03888257/8.png
 create mode 100644 results/nette_baseline_ipc10/dataset_2/n03888257/9.png
 create mode 100644 results/nette_baseline_ipc10/experiment_config.json
 create mode 100644 results/nette_baseline_ipc50/ags_config.pkl
 create mode 100644 results/nette_baseline_ipc50/dataset_0/n01440764/0.png
 create mode 100644 results/nette_baseline_ipc50/dataset_0/n01440764/1.png
 create mode 100644 results/nette_baseline_ipc50/dataset_0/n01440764/10.png
 create mode 100644 results/nette_baseline_ipc50/dataset_0/n01440764/11.png
 create mode 100644 results/nette_baseline_ipc50/dataset_0/n01440764/12.png
 create mode 100644 results/nette_baseline_ipc50/dataset_0/n01440764/13.png
 create mode 100644 results/nette_baseline_ipc50/dataset_0/n01440764/14.png
 create mode 100644 results/nette_baseline_ipc50/dataset_0/n01440764/15.png
 create mode 100644 results/nette_baseline_ipc50/dataset_0/n01440764/16.png
 create mode 100644 results/nette_baseline_ipc50/dataset_0/n01440764/17.png
 create mode 100644 results/nette_baseline_ipc50/dataset_0/n01440764/18.png
 create mode 100644 results/nette_baseline_ipc50/dataset_0/n01440764/19.png
 create mode 100644 results/nette_baseline_ipc50/dataset_0/n01440764/2.png
 create mode 100644 results/nette_baseline_ipc50/dataset_0/n01440764/20.png
 create mode 100644 results/nette_baseline_ipc50/dataset_0/n01440764/21.png
 create mode 100644 results/nette_baseline_ipc50/dataset_0/n01440764/22.png
 create mode 100644 results/nette_baseline_ipc50/dataset_0/n01440764/23.png
 create mode 100644 results/nette_baseline_ipc50/dataset_0/n01440764/24.png
 create mode 100644 results/nette_baseline_ipc50/dataset_0/n01440764/25.png
 create mode 100644 results/nette_baseline_ipc50/dataset_0/n01440764/26.png
 create mode 100644 results/nette_baseline_ipc50/dataset_0/n01440764/27.png
 create mode 100644 results/nette_baseline_ipc50/dataset_0/n01440764/28.png
 create mode 100644 results/nette_baseline_ipc50/dataset_0/n01440764/29.png
 create mode 100644 results/nette_baseline_ipc50/dataset_0/n01440764/3.png
 create mode 100644 results/nette_baseline_ipc50/dataset_0/n01440764/30.png
 create mode 100644 results/nette_baseline_ipc50/dataset_0/n01440764/31.png
 create mode 100644 results/nette_baseline_ipc50/dataset_0/n01440764/32.png
 create mode 100644 results/nette_baseline_ipc50/dataset_0/n01440764/33.png
 create mode 100644 results/nette_baseline_ipc50/dataset_0/n01440764/34.png
 create mode 100644 results/nette_baseline_ipc50/dataset_0/n01440764/35.png
 create mode 100644 results/nette_baseline_ipc50/dataset_0/n01440764/36.png
 create mode 100644 results/nette_baseline_ipc50/dataset_0/n01440764/37.png
 create mode 100644 results/nette_baseline_ipc50/dataset_0/n01440764/38.png
 create mode 100644 results/nette_baseline_ipc50/dataset_0/n01440764/39.png
 create mode 100644 results/nette_baseline_ipc50/dataset_0/n01440764/4.png
 create mode 100644 results/nette_baseline_ipc50/dataset_0/n01440764/40.png
 create mode 100644 results/nette_baseline_ipc50/dataset_0/n01440764/41.png
 create mode 100644 results/nette_baseline_ipc50/dataset_0/n01440764/42.png
 create mode 100644 results/nette_baseline_ipc50/dataset_0/n01440764/43.png
 create mode 100644 results/nette_baseline_ipc50/dataset_0/n01440764/44.png
 create mode 100644 results/nette_baseline_ipc50/dataset_0/n01440764/45.png
 create mode 100644 results/nette_baseline_ipc50/dataset_0/n01440764/46.png
 create mode 100644 results/nette_baseline_ipc50/dataset_0/n01440764/47.png
 create mode 100644 results/nette_baseline_ipc50/dataset_0/n01440764/48.png
 create mode 100644 results/nette_baseline_ipc50/dataset_0/n01440764/49.png
 create mode 100644 results/nette_baseline_ipc50/dataset_0/n01440764/5.png
 create mode 100644 results/nette_baseline_ipc50/dataset_0/n01440764/6.png
 create mode 100644 results/nette_baseline_ipc50/dataset_0/n01440764/7.png
 create mode 100644 results/nette_baseline_ipc50/dataset_0/n01440764/8.png
 create mode 100644 results/nette_baseline_ipc50/dataset_0/n01440764/9.png
 create mode 100644 results/nette_baseline_ipc50/dataset_0/n02102040/0.png
 create mode 100644 results/nette_baseline_ipc50/dataset_0/n02102040/1.png
 create mode 100644 results/nette_baseline_ipc50/dataset_0/n02102040/10.png
 create mode 100644 results/nette_baseline_ipc50/dataset_0/n02102040/11.png
 create mode 100644 results/nette_baseline_ipc50/dataset_0/n02102040/12.png
 create mode 100644 results/nette_baseline_ipc50/dataset_0/n02102040/13.png
 create mode 100644 results/nette_baseline_ipc50/dataset_0/n02102040/14.png
 create mode 100644 results/nette_baseline_ipc50/dataset_0/n02102040/15.png
 create mode 100644 results/nette_baseline_ipc50/dataset_0/n02102040/16.png
 create mode 100644 results/nette_baseline_ipc50/dataset_0/n02102040/17.png
 create mode 100644 results/nette_baseline_ipc50/dataset_0/n02102040/18.png
 create mode 100644 results/nette_baseline_ipc50/dataset_0/n02102040/19.png
 create mode 100644 results/nette_baseline_ipc50/dataset_0/n02102040/2.png
 create mode 100644 results/nette_baseline_ipc50/dataset_0/n02102040/20.png
 create mode 100644 results/nette_baseline_ipc50/dataset_0/n02102040/21.png
 create mode 100644 results/nette_baseline_ipc50/dataset_0/n02102040/22.png
 create mode 100644 results/nette_baseline_ipc50/dataset_0/n02102040/23.png
 create mode 100644 results/nette_baseline_ipc50/dataset_0/n02102040/24.png
 create mode 100644 results/nette_baseline_ipc50/dataset_0/n02102040/25.png
 create mode 100644 results/nette_baseline_ipc50/dataset_0/n02102040/26.png
 create mode 100644 results/nette_baseline_ipc50/dataset_0/n02102040/27.png
 create mode 100644 results/nette_baseline_ipc50/dataset_0/n02102040/28.png
 create mode 100644 results/nette_baseline_ipc50/dataset_0/n02102040/29.png
 create mode 100644 results/nette_baseline_ipc50/dataset_0/n02102040/3.png
 create mode 100644 results/nette_baseline_ipc50/dataset_0/n02102040/30.png
 create mode 100644 results/nette_baseline_ipc50/dataset_0/n02102040/31.png
 create mode 100644 results/nette_baseline_ipc50/dataset_0/n02102040/32.png
 create mode 100644 results/nette_baseline_ipc50/dataset_0/n02102040/33.png
 create mode 100644 results/nette_baseline_ipc50/dataset_0/n02102040/34.png
 create mode 100644 results/nette_baseline_ipc50/dataset_0/n02102040/35.png
 create mode 100644 results/nette_baseline_ipc50/dataset_0/n02102040/36.png
 create mode 100644 results/nette_baseline_ipc50/dataset_0/n02102040/37.png
 create mode 100644 results/nette_baseline_ipc50/dataset_0/n02102040/38.png
 create mode 100644 results/nette_baseline_ipc50/dataset_0/n02102040/39.png
 create mode 100644 results/nette_baseline_ipc50/dataset_0/n02102040/4.png
 create mode 100644 results/nette_baseline_ipc50/dataset_0/n02102040/40.png
 create mode 100644 results/nette_baseline_ipc50/dataset_0/n02102040/41.png
 create mode 100644 results/nette_baseline_ipc50/dataset_0/n02102040/42.png
 create mode 100644 results/nette_baseline_ipc50/dataset_0/n02102040/43.png
 create mode 100644 results/nette_baseline_ipc50/dataset_0/n02102040/44.png
 create mode 100644 results/nette_baseline_ipc50/dataset_0/n02102040/45.png
 create mode 100644 results/nette_baseline_ipc50/dataset_0/n02102040/46.png
 create mode 100644 results/nette_baseline_ipc50/dataset_0/n02102040/47.png
 create mode 100644 results/nette_baseline_ipc50/dataset_0/n02102040/48.png
 create mode 100644 results/nette_baseline_ipc50/dataset_0/n02102040/49.png
 create mode 100644 results/nette_baseline_ipc50/dataset_0/n02102040/5.png
 create mode 100644 results/nette_baseline_ipc50/dataset_0/n02102040/6.png
 create mode 100644 results/nette_baseline_ipc50/dataset_0/n02102040/7.png
 create mode 100644 results/nette_baseline_ipc50/dataset_0/n02102040/8.png
 create mode 100644 results/nette_baseline_ipc50/dataset_0/n02102040/9.png
 create mode 100644 results/nette_baseline_ipc50/dataset_0/n02979186/0.png
 create mode 100644 results/nette_baseline_ipc50/dataset_0/n02979186/1.png
 create mode 100644 results/nette_baseline_ipc50/dataset_0/n02979186/10.png
 create mode 100644 results/nette_baseline_ipc50/dataset_0/n02979186/11.png
 create mode 100644 results/nette_baseline_ipc50/dataset_0/n02979186/12.png
 create mode 100644 results/nette_baseline_ipc50/dataset_0/n02979186/13.png
 create mode 100644 results/nette_baseline_ipc50/dataset_0/n02979186/14.png
 create mode 100644 results/nette_baseline_ipc50/dataset_0/n02979186/15.png
 create mode 100644 results/nette_baseline_ipc50/dataset_0/n02979186/16.png
 create mode 100644 results/nette_baseline_ipc50/dataset_0/n02979186/17.png
 create mode 100644 results/nette_baseline_ipc50/dataset_0/n02979186/18.png
 create mode 100644 results/nette_baseline_ipc50/dataset_0/n02979186/19.png
 create mode 100644 results/nette_baseline_ipc50/dataset_0/n02979186/2.png
 create mode 100644 results/nette_baseline_ipc50/dataset_0/n02979186/20.png
 create mode 100644 results/nette_baseline_ipc50/dataset_0/n02979186/21.png
 create mode 100644 results/nette_baseline_ipc50/dataset_0/n02979186/22.png
 create mode 100644 results/nette_baseline_ipc50/dataset_0/n02979186/23.png
 create mode 100644 results/nette_baseline_ipc50/dataset_0/n02979186/24.png
 create mode 100644 results/nette_baseline_ipc50/dataset_0/n02979186/25.png
 create mode 100644 results/nette_baseline_ipc50/dataset_0/n02979186/26.png
 create mode 100644 results/nette_baseline_ipc50/dataset_0/n02979186/27.png
 create mode 100644 results/nette_baseline_ipc50/dataset_0/n02979186/28.png
 create mode 100644 results/nette_baseline_ipc50/dataset_0/n02979186/29.png
 create mode 100644 results/nette_baseline_ipc50/dataset_0/n02979186/3.png
 create mode 100644 results/nette_baseline_ipc50/dataset_0/n02979186/30.png
 create mode 100644 results/nette_baseline_ipc50/dataset_0/n02979186/31.png
 create mode 100644 results/nette_baseline_ipc50/dataset_0/n02979186/32.png
 create mode 100644 results/nette_baseline_ipc50/dataset_0/n02979186/33.png
 create mode 100644 results/nette_baseline_ipc50/dataset_0/n02979186/34.png
 create mode 100644 results/nette_baseline_ipc50/dataset_0/n02979186/35.png
 create mode 100644 results/nette_baseline_ipc50/dataset_0/n02979186/36.png
 create mode 100644 results/nette_baseline_ipc50/dataset_0/n02979186/37.png
 create mode 100644 results/nette_baseline_ipc50/dataset_0/n02979186/38.png
 create mode 100644 results/nette_baseline_ipc50/dataset_0/n02979186/39.png
 create mode 100644 results/nette_baseline_ipc50/dataset_0/n02979186/4.png
 create mode 100644 results/nette_baseline_ipc50/dataset_0/n02979186/40.png
 create mode 100644 results/nette_baseline_ipc50/dataset_0/n02979186/41.png
 create mode 100644 results/nette_baseline_ipc50/dataset_0/n02979186/42.png
 create mode 100644 results/nette_baseline_ipc50/dataset_0/n02979186/43.png
 create mode 100644 results/nette_baseline_ipc50/dataset_0/n02979186/44.png
 create mode 100644 results/nette_baseline_ipc50/dataset_0/n02979186/45.png
 create mode 100644 results/nette_baseline_ipc50/dataset_0/n02979186/46.png
 create mode 100644 results/nette_baseline_ipc50/dataset_0/n02979186/47.png
 create mode 100644 results/nette_baseline_ipc50/dataset_0/n02979186/48.png
 create mode 100644 results/nette_baseline_ipc50/dataset_0/n02979186/49.png
 create mode 100644 results/nette_baseline_ipc50/dataset_0/n02979186/5.png
 create mode 100644 results/nette_baseline_ipc50/dataset_0/n02979186/6.png
 create mode 100644 results/nette_baseline_ipc50/dataset_0/n02979186/7.png
 create mode 100644 results/nette_baseline_ipc50/dataset_0/n02979186/8.png
 create mode 100644 results/nette_baseline_ipc50/dataset_0/n02979186/9.png
 create mode 100644 results/nette_baseline_ipc50/dataset_0/n03000684/0.png
 create mode 100644 results/nette_baseline_ipc50/dataset_0/n03000684/1.png
 create mode 100644 results/nette_baseline_ipc50/dataset_0/n03000684/10.png
 create mode 100644 results/nette_baseline_ipc50/dataset_0/n03000684/11.png
 create mode 100644 results/nette_baseline_ipc50/dataset_0/n03000684/12.png
 create mode 100644 results/nette_baseline_ipc50/dataset_0/n03000684/13.png
 create mode 100644 results/nette_baseline_ipc50/dataset_0/n03000684/14.png
 create mode 100644 results/nette_baseline_ipc50/dataset_0/n03000684/15.png
 create mode 100644 results/nette_baseline_ipc50/dataset_0/n03000684/16.png
 create mode 100644 results/nette_baseline_ipc50/dataset_0/n03000684/17.png
 create mode 100644 results/nette_baseline_ipc50/dataset_0/n03000684/18.png
 create mode 100644 results/nette_baseline_ipc50/dataset_0/n03000684/19.png
 create mode 100644 results/nette_baseline_ipc50/dataset_0/n03000684/2.png
 create mode 100644 results/nette_baseline_ipc50/dataset_0/n03000684/20.png
 create mode 100644 results/nette_baseline_ipc50/dataset_0/n03000684/21.png
 create mode 100644 results/nette_baseline_ipc50/dataset_0/n03000684/22.png
 create mode 100644 results/nette_baseline_ipc50/dataset_0/n03000684/23.png
 create mode 100644 results/nette_baseline_ipc50/dataset_0/n03000684/24.png
 create mode 100644 results/nette_baseline_ipc50/dataset_0/n03000684/25.png
 create mode 100644 results/nette_baseline_ipc50/dataset_0/n03000684/26.png
 create mode 100644 results/nette_baseline_ipc50/dataset_0/n03000684/27.png
 create mode 100644 results/nette_baseline_ipc50/dataset_0/n03000684/28.png
 create mode 100644 results/nette_baseline_ipc50/dataset_0/n03000684/29.png
 create mode 100644 results/nette_baseline_ipc50/dataset_0/n03000684/3.png
 create mode 100644 results/nette_baseline_ipc50/dataset_0/n03000684/30.png
 create mode 100644 results/nette_baseline_ipc50/dataset_0/n03000684/31.png
 create mode 100644 results/nette_baseline_ipc50/dataset_0/n03000684/32.png
 create mode 100644 results/nette_baseline_ipc50/dataset_0/n03000684/33.png
 create mode 100644 results/nette_baseline_ipc50/dataset_0/n03000684/34.png
 create mode 100644 results/nette_baseline_ipc50/dataset_0/n03000684/35.png
 create mode 100644 results/nette_baseline_ipc50/dataset_0/n03000684/36.png
 create mode 100644 results/nette_baseline_ipc50/dataset_0/n03000684/37.png
 create mode 100644 results/nette_baseline_ipc50/dataset_0/n03000684/38.png
 create mode 100644 results/nette_baseline_ipc50/dataset_0/n03000684/39.png
 create mode 100644 results/nette_baseline_ipc50/dataset_0/n03000684/4.png
 create mode 100644 results/nette_baseline_ipc50/dataset_0/n03000684/40.png
 create mode 100644 results/nette_baseline_ipc50/dataset_0/n03000684/41.png
 create mode 100644 results/nette_baseline_ipc50/dataset_0/n03000684/42.png
 create mode 100644 results/nette_baseline_ipc50/dataset_0/n03000684/43.png
 create mode 100644 results/nette_baseline_ipc50/dataset_0/n03000684/44.png
 create mode 100644 results/nette_baseline_ipc50/dataset_0/n03000684/45.png
 create mode 100644 results/nette_baseline_ipc50/dataset_0/n03000684/46.png
 create mode 100644 results/nette_baseline_ipc50/dataset_0/n03000684/47.png
 create mode 100644 results/nette_baseline_ipc50/dataset_0/n03000684/48.png
 create mode 100644 results/nette_baseline_ipc50/dataset_0/n03000684/49.png
 create mode 100644 results/nette_baseline_ipc50/dataset_0/n03000684/5.png
 create mode 100644 results/nette_baseline_ipc50/dataset_0/n03000684/6.png
 create mode 100644 results/nette_baseline_ipc50/dataset_0/n03000684/7.png
 create mode 100644 results/nette_baseline_ipc50/dataset_0/n03000684/8.png
 create mode 100644 results/nette_baseline_ipc50/dataset_0/n03000684/9.png
 create mode 100644 results/nette_baseline_ipc50/dataset_0/n03028079/0.png
 create mode 100644 results/nette_baseline_ipc50/dataset_0/n03028079/1.png
 create mode 100644 results/nette_baseline_ipc50/dataset_0/n03028079/10.png
 create mode 100644 results/nette_baseline_ipc50/dataset_0/n03028079/11.png
 create mode 100644 results/nette_baseline_ipc50/dataset_0/n03028079/12.png
 create mode 100644 results/nette_baseline_ipc50/dataset_0/n03028079/13.png
 create mode 100644 results/nette_baseline_ipc50/dataset_0/n03028079/14.png
 create mode 100644 results/nette_baseline_ipc50/dataset_0/n03028079/15.png
 create mode 100644 results/nette_baseline_ipc50/dataset_0/n03028079/16.png
 create mode 100644 results/nette_baseline_ipc50/dataset_0/n03028079/17.png
 create mode 100644 results/nette_baseline_ipc50/dataset_0/n03028079/18.png
 create mode 100644 results/nette_baseline_ipc50/dataset_0/n03028079/19.png
 create mode 100644 results/nette_baseline_ipc50/dataset_0/n03028079/2.png
 create mode 100644 results/nette_baseline_ipc50/dataset_0/n03028079/20.png
 create mode 100644 results/nette_baseline_ipc50/dataset_0/n03028079/21.png
 create mode 100644 results/nette_baseline_ipc50/dataset_0/n03028079/22.png
 create mode 100644 results/nette_baseline_ipc50/dataset_0/n03028079/23.png
 create mode 100644 results/nette_baseline_ipc50/dataset_0/n03028079/24.png
 create mode 100644 results/nette_baseline_ipc50/dataset_0/n03028079/25.png
 create mode 100644 results/nette_baseline_ipc50/dataset_0/n03028079/26.png
 create mode 100644 results/nette_baseline_ipc50/dataset_0/n03028079/27.png
 create mode 100644 results/nette_baseline_ipc50/dataset_0/n03028079/28.png
 create mode 100644 results/nette_baseline_ipc50/dataset_0/n03028079/29.png
 create mode 100644 results/nette_baseline_ipc50/dataset_0/n03028079/3.png
 create mode 100644 results/nette_baseline_ipc50/dataset_0/n03028079/30.png
 create mode 100644 results/nette_baseline_ipc50/dataset_0/n03028079/31.png
 create mode 100644 results/nette_baseline_ipc50/dataset_0/n03028079/32.png
 create mode 100644 results/nette_baseline_ipc50/dataset_0/n03028079/33.png
 create mode 100644 results/nette_baseline_ipc50/dataset_0/n03028079/34.png
 create mode 100644 results/nette_baseline_ipc50/dataset_0/n03028079/35.png
 create mode 100644 results/nette_baseline_ipc50/dataset_0/n03028079/36.png
 create mode 100644 results/nette_baseline_ipc50/dataset_0/n03028079/37.png
 create mode 100644 results/nette_baseline_ipc50/dataset_0/n03028079/38.png
 create mode 100644 results/nette_baseline_ipc50/dataset_0/n03028079/39.png
 create mode 100644 results/nette_baseline_ipc50/dataset_0/n03028079/4.png
 create mode 100644 results/nette_baseline_ipc50/dataset_0/n03028079/40.png
 create mode 100644 results/nette_baseline_ipc50/dataset_0/n03028079/41.png
 create mode 100644 results/nette_baseline_ipc50/dataset_0/n03028079/42.png
 create mode 100644 results/nette_baseline_ipc50/dataset_0/n03028079/43.png
 create mode 100644 results/nette_baseline_ipc50/dataset_0/n03028079/44.png
 create mode 100644 results/nette_baseline_ipc50/dataset_0/n03028079/45.png
 create mode 100644 results/nette_baseline_ipc50/dataset_0/n03028079/46.png
 create mode 100644 results/nette_baseline_ipc50/dataset_0/n03028079/47.png
 create mode 100644 results/nette_baseline_ipc50/dataset_0/n03028079/48.png
 create mode 100644 results/nette_baseline_ipc50/dataset_0/n03028079/49.png
 create mode 100644 results/nette_baseline_ipc50/dataset_0/n03028079/5.png
 create mode 100644 results/nette_baseline_ipc50/dataset_0/n03028079/6.png
 create mode 100644 results/nette_baseline_ipc50/dataset_0/n03028079/7.png
 create mode 100644 results/nette_baseline_ipc50/dataset_0/n03028079/8.png
 create mode 100644 results/nette_baseline_ipc50/dataset_0/n03028079/9.png
 create mode 100644 results/nette_baseline_ipc50/dataset_0/n03394916/0.png
 create mode 100644 results/nette_baseline_ipc50/dataset_0/n03394916/1.png
 create mode 100644 results/nette_baseline_ipc50/dataset_0/n03394916/10.png
 create mode 100644 results/nette_baseline_ipc50/dataset_0/n03394916/11.png
 create mode 100644 results/nette_baseline_ipc50/dataset_0/n03394916/12.png
 create mode 100644 results/nette_baseline_ipc50/dataset_0/n03394916/13.png
 create mode 100644 results/nette_baseline_ipc50/dataset_0/n03394916/14.png
 create mode 100644 results/nette_baseline_ipc50/dataset_0/n03394916/15.png
 create mode 100644 results/nette_baseline_ipc50/dataset_0/n03394916/16.png
 create mode 100644 results/nette_baseline_ipc50/dataset_0/n03394916/17.png
 create mode 100644 results/nette_baseline_ipc50/dataset_0/n03394916/18.png
 create mode 100644 results/nette_baseline_ipc50/dataset_0/n03394916/19.png
 create mode 100644 results/nette_baseline_ipc50/dataset_0/n03394916/2.png
 create mode 100644 results/nette_baseline_ipc50/dataset_0/n03394916/20.png
 create mode 100644 results/nette_baseline_ipc50/dataset_0/n03394916/21.png
 create mode 100644 results/nette_baseline_ipc50/dataset_0/n03394916/22.png
 create mode 100644 results/nette_baseline_ipc50/dataset_0/n03394916/23.png
 create mode 100644 results/nette_baseline_ipc50/dataset_0/n03394916/24.png
 create mode 100644 results/nette_baseline_ipc50/dataset_0/n03394916/25.png
 create mode 100644 results/nette_baseline_ipc50/dataset_0/n03394916/26.png
 create mode 100644 results/nette_baseline_ipc50/dataset_0/n03394916/27.png
 create mode 100644 results/nette_baseline_ipc50/dataset_0/n03394916/28.png
 create mode 100644 results/nette_baseline_ipc50/dataset_0/n03394916/29.png
 create mode 100644 results/nette_baseline_ipc50/dataset_0/n03394916/3.png
 create mode 100644 results/nette_baseline_ipc50/dataset_0/n03394916/30.png
 create mode 100644 results/nette_baseline_ipc50/dataset_0/n03394916/31.png
 create mode 100644 results/nette_baseline_ipc50/dataset_0/n03394916/32.png
 create mode 100644 results/nette_baseline_ipc50/dataset_0/n03394916/33.png
 create mode 100644 results/nette_baseline_ipc50/dataset_0/n03394916/34.png
 create mode 100644 results/nette_baseline_ipc50/dataset_0/n03394916/35.png
 create mode 100644 results/nette_baseline_ipc50/dataset_0/n03394916/36.png
 create mode 100644 results/nette_baseline_ipc50/dataset_0/n03394916/37.png
 create mode 100644 results/nette_baseline_ipc50/dataset_0/n03394916/38.png
 create mode 100644 results/nette_baseline_ipc50/dataset_0/n03394916/39.png
 create mode 100644 results/nette_baseline_ipc50/dataset_0/n03394916/4.png
 create mode 100644 results/nette_baseline_ipc50/dataset_0/n03394916/40.png
 create mode 100644 results/nette_baseline_ipc50/dataset_0/n03394916/41.png
 create mode 100644 results/nette_baseline_ipc50/dataset_0/n03394916/42.png
 create mode 100644 results/nette_baseline_ipc50/dataset_0/n03394916/43.png
 create mode 100644 results/nette_baseline_ipc50/dataset_0/n03394916/44.png
 create mode 100644 results/nette_baseline_ipc50/dataset_0/n03394916/45.png
 create mode 100644 results/nette_baseline_ipc50/dataset_0/n03394916/46.png
 create mode 100644 results/nette_baseline_ipc50/dataset_0/n03394916/47.png
 create mode 100644 results/nette_baseline_ipc50/dataset_0/n03394916/48.png
 create mode 100644 results/nette_baseline_ipc50/dataset_0/n03394916/49.png
 create mode 100644 results/nette_baseline_ipc50/dataset_0/n03394916/5.png
 create mode 100644 results/nette_baseline_ipc50/dataset_0/n03394916/6.png
 create mode 100644 results/nette_baseline_ipc50/dataset_0/n03394916/7.png
 create mode 100644 results/nette_baseline_ipc50/dataset_0/n03394916/8.png
 create mode 100644 results/nette_baseline_ipc50/dataset_0/n03394916/9.png
 create mode 100644 results/nette_baseline_ipc50/dataset_0/n03417042/0.png
 create mode 100644 results/nette_baseline_ipc50/dataset_0/n03417042/1.png
 create mode 100644 results/nette_baseline_ipc50/dataset_0/n03417042/10.png
 create mode 100644 results/nette_baseline_ipc50/dataset_0/n03417042/11.png
 create mode 100644 results/nette_baseline_ipc50/dataset_0/n03417042/12.png
 create mode 100644 results/nette_baseline_ipc50/dataset_0/n03417042/13.png
 create mode 100644 results/nette_baseline_ipc50/dataset_0/n03417042/14.png
 create mode 100644 results/nette_baseline_ipc50/dataset_0/n03417042/15.png
 create mode 100644 results/nette_baseline_ipc50/dataset_0/n03417042/16.png
 create mode 100644 results/nette_baseline_ipc50/dataset_0/n03417042/17.png
 create mode 100644 results/nette_baseline_ipc50/dataset_0/n03417042/18.png
 create mode 100644 results/nette_baseline_ipc50/dataset_0/n03417042/19.png
 create mode 100644 results/nette_baseline_ipc50/dataset_0/n03417042/2.png
 create mode 100644 results/nette_baseline_ipc50/dataset_0/n03417042/20.png
 create mode 100644 results/nette_baseline_ipc50/dataset_0/n03417042/21.png
 create mode 100644 results/nette_baseline_ipc50/dataset_0/n03417042/22.png
 create mode 100644 results/nette_baseline_ipc50/dataset_0/n03417042/23.png
 create mode 100644 results/nette_baseline_ipc50/dataset_0/n03417042/24.png
 create mode 100644 results/nette_baseline_ipc50/dataset_0/n03417042/25.png
 create mode 100644 results/nette_baseline_ipc50/dataset_0/n03417042/26.png
 create mode 100644 results/nette_baseline_ipc50/dataset_0/n03417042/27.png
 create mode 100644 results/nette_baseline_ipc50/dataset_0/n03417042/28.png
 create mode 100644 results/nette_baseline_ipc50/dataset_0/n03417042/29.png
 create mode 100644 results/nette_baseline_ipc50/dataset_0/n03417042/3.png
 create mode 100644 results/nette_baseline_ipc50/dataset_0/n03417042/30.png
 create mode 100644 results/nette_baseline_ipc50/dataset_0/n03417042/31.png
 create mode 100644 results/nette_baseline_ipc50/dataset_0/n03417042/32.png
 create mode 100644 results/nette_baseline_ipc50/dataset_0/n03417042/33.png
 create mode 100644 results/nette_baseline_ipc50/dataset_0/n03417042/34.png
 create mode 100644 results/nette_baseline_ipc50/dataset_0/n03417042/35.png
 create mode 100644 results/nette_baseline_ipc50/dataset_0/n03417042/36.png
 create mode 100644 results/nette_baseline_ipc50/dataset_0/n03417042/37.png
 create mode 100644 results/nette_baseline_ipc50/dataset_0/n03417042/38.png
 create mode 100644 results/nette_baseline_ipc50/dataset_0/n03417042/39.png
 create mode 100644 results/nette_baseline_ipc50/dataset_0/n03417042/4.png
 create mode 100644 results/nette_baseline_ipc50/dataset_0/n03417042/40.png
 create mode 100644 results/nette_baseline_ipc50/dataset_0/n03417042/41.png
 create mode 100644 results/nette_baseline_ipc50/dataset_0/n03417042/42.png
 create mode 100644 results/nette_baseline_ipc50/dataset_0/n03417042/43.png
 create mode 100644 results/nette_baseline_ipc50/dataset_0/n03417042/44.png
 create mode 100644 results/nette_baseline_ipc50/dataset_0/n03417042/45.png
 create mode 100644 results/nette_baseline_ipc50/dataset_0/n03417042/46.png
 create mode 100644 results/nette_baseline_ipc50/dataset_0/n03417042/47.png
 create mode 100644 results/nette_baseline_ipc50/dataset_0/n03417042/48.png
 create mode 100644 results/nette_baseline_ipc50/dataset_0/n03417042/49.png
 create mode 100644 results/nette_baseline_ipc50/dataset_0/n03417042/5.png
 create mode 100644 results/nette_baseline_ipc50/dataset_0/n03417042/6.png
 create mode 100644 results/nette_baseline_ipc50/dataset_0/n03417042/7.png
 create mode 100644 results/nette_baseline_ipc50/dataset_0/n03417042/8.png
 create mode 100644 results/nette_baseline_ipc50/dataset_0/n03417042/9.png
 create mode 100644 results/nette_baseline_ipc50/dataset_0/n03425413/0.png
 create mode 100644 results/nette_baseline_ipc50/dataset_0/n03425413/1.png
 create mode 100644 results/nette_baseline_ipc50/dataset_0/n03425413/10.png
 create mode 100644 results/nette_baseline_ipc50/dataset_0/n03425413/11.png
 create mode 100644 results/nette_baseline_ipc50/dataset_0/n03425413/12.png
 create mode 100644 results/nette_baseline_ipc50/dataset_0/n03425413/13.png
 create mode 100644 results/nette_baseline_ipc50/dataset_0/n03425413/14.png
 create mode 100644 results/nette_baseline_ipc50/dataset_0/n03425413/15.png
 create mode 100644 results/nette_baseline_ipc50/dataset_0/n03425413/16.png
 create mode 100644 results/nette_baseline_ipc50/dataset_0/n03425413/17.png
 create mode 100644 results/nette_baseline_ipc50/dataset_0/n03425413/18.png
 create mode 100644 results/nette_baseline_ipc50/dataset_0/n03425413/19.png
 create mode 100644 results/nette_baseline_ipc50/dataset_0/n03425413/2.png
 create mode 100644 results/nette_baseline_ipc50/dataset_0/n03425413/20.png
 create mode 100644 results/nette_baseline_ipc50/dataset_0/n03425413/21.png
 create mode 100644 results/nette_baseline_ipc50/dataset_0/n03425413/22.png
 create mode 100644 results/nette_baseline_ipc50/dataset_0/n03425413/23.png
 create mode 100644 results/nette_baseline_ipc50/dataset_0/n03425413/24.png
 create mode 100644 results/nette_baseline_ipc50/dataset_0/n03425413/25.png
 create mode 100644 results/nette_baseline_ipc50/dataset_0/n03425413/26.png
 create mode 100644 results/nette_baseline_ipc50/dataset_0/n03425413/27.png
 create mode 100644 results/nette_baseline_ipc50/dataset_0/n03425413/28.png
 create mode 100644 results/nette_baseline_ipc50/dataset_0/n03425413/29.png
 create mode 100644 results/nette_baseline_ipc50/dataset_0/n03425413/3.png
 create mode 100644 results/nette_baseline_ipc50/dataset_0/n03425413/30.png
 create mode 100644 results/nette_baseline_ipc50/dataset_0/n03425413/31.png
 create mode 100644 results/nette_baseline_ipc50/dataset_0/n03425413/32.png
 create mode 100644 results/nette_baseline_ipc50/dataset_0/n03425413/33.png
 create mode 100644 results/nette_baseline_ipc50/dataset_0/n03425413/34.png
 create mode 100644 results/nette_baseline_ipc50/dataset_0/n03425413/35.png
 create mode 100644 results/nette_baseline_ipc50/dataset_0/n03425413/36.png
 create mode 100644 results/nette_baseline_ipc50/dataset_0/n03425413/37.png
 create mode 100644 results/nette_baseline_ipc50/dataset_0/n03425413/38.png
 create mode 100644 results/nette_baseline_ipc50/dataset_0/n03425413/39.png
 create mode 100644 results/nette_baseline_ipc50/dataset_0/n03425413/4.png
 create mode 100644 results/nette_baseline_ipc50/dataset_0/n03425413/40.png
 create mode 100644 results/nette_baseline_ipc50/dataset_0/n03425413/41.png
 create mode 100644 results/nette_baseline_ipc50/dataset_0/n03425413/42.png
 create mode 100644 results/nette_baseline_ipc50/dataset_0/n03425413/43.png
 create mode 100644 results/nette_baseline_ipc50/dataset_0/n03425413/44.png
 create mode 100644 results/nette_baseline_ipc50/dataset_0/n03425413/45.png
 create mode 100644 results/nette_baseline_ipc50/dataset_0/n03425413/46.png
 create mode 100644 results/nette_baseline_ipc50/dataset_0/n03425413/47.png
 create mode 100644 results/nette_baseline_ipc50/dataset_0/n03425413/48.png
 create mode 100644 results/nette_baseline_ipc50/dataset_0/n03425413/49.png
 create mode 100644 results/nette_baseline_ipc50/dataset_0/n03425413/5.png
 create mode 100644 results/nette_baseline_ipc50/dataset_0/n03425413/6.png
 create mode 100644 results/nette_baseline_ipc50/dataset_0/n03425413/7.png
 create mode 100644 results/nette_baseline_ipc50/dataset_0/n03425413/8.png
 create mode 100644 results/nette_baseline_ipc50/dataset_0/n03425413/9.png
 create mode 100644 results/nette_baseline_ipc50/dataset_0/n03445777/0.png
 create mode 100644 results/nette_baseline_ipc50/dataset_0/n03445777/1.png
 create mode 100644 results/nette_baseline_ipc50/dataset_0/n03445777/10.png
 create mode 100644 results/nette_baseline_ipc50/dataset_0/n03445777/11.png
 create mode 100644 results/nette_baseline_ipc50/dataset_0/n03445777/12.png
 create mode 100644 results/nette_baseline_ipc50/dataset_0/n03445777/13.png
 create mode 100644 results/nette_baseline_ipc50/dataset_0/n03445777/14.png
 create mode 100644 results/nette_baseline_ipc50/dataset_0/n03445777/15.png
 create mode 100644 results/nette_baseline_ipc50/dataset_0/n03445777/16.png
 create mode 100644 results/nette_baseline_ipc50/dataset_0/n03445777/17.png
 create mode 100644 results/nette_baseline_ipc50/dataset_0/n03445777/18.png
 create mode 100644 results/nette_baseline_ipc50/dataset_0/n03445777/19.png
 create mode 100644 results/nette_baseline_ipc50/dataset_0/n03445777/2.png
 create mode 100644 results/nette_baseline_ipc50/dataset_0/n03445777/20.png
 create mode 100644 results/nette_baseline_ipc50/dataset_0/n03445777/21.png
 create mode 100644 results/nette_baseline_ipc50/dataset_0/n03445777/22.png
 create mode 100644 results/nette_baseline_ipc50/dataset_0/n03445777/23.png
 create mode 100644 results/nette_baseline_ipc50/dataset_0/n03445777/24.png
 create mode 100644 results/nette_baseline_ipc50/dataset_0/n03445777/25.png
 create mode 100644 results/nette_baseline_ipc50/dataset_0/n03445777/26.png
 create mode 100644 results/nette_baseline_ipc50/dataset_0/n03445777/27.png
 create mode 100644 results/nette_baseline_ipc50/dataset_0/n03445777/28.png
 create mode 100644 results/nette_baseline_ipc50/dataset_0/n03445777/29.png
 create mode 100644 results/nette_baseline_ipc50/dataset_0/n03445777/3.png
 create mode 100644 results/nette_baseline_ipc50/dataset_0/n03445777/30.png
 create mode 100644 results/nette_baseline_ipc50/dataset_0/n03445777/31.png
 create mode 100644 results/nette_baseline_ipc50/dataset_0/n03445777/32.png
 create mode 100644 results/nette_baseline_ipc50/dataset_0/n03445777/33.png
 create mode 100644 results/nette_baseline_ipc50/dataset_0/n03445777/34.png
 create mode 100644 results/nette_baseline_ipc50/dataset_0/n03445777/35.png
 create mode 100644 results/nette_baseline_ipc50/dataset_0/n03445777/36.png
 create mode 100644 results/nette_baseline_ipc50/dataset_0/n03445777/37.png
 create mode 100644 results/nette_baseline_ipc50/dataset_0/n03445777/38.png
 create mode 100644 results/nette_baseline_ipc50/dataset_0/n03445777/39.png
 create mode 100644 results/nette_baseline_ipc50/dataset_0/n03445777/4.png
 create mode 100644 results/nette_baseline_ipc50/dataset_0/n03445777/40.png
 create mode 100644 results/nette_baseline_ipc50/dataset_0/n03445777/41.png
 create mode 100644 results/nette_baseline_ipc50/dataset_0/n03445777/42.png
 create mode 100644 results/nette_baseline_ipc50/dataset_0/n03445777/43.png
 create mode 100644 results/nette_baseline_ipc50/dataset_0/n03445777/44.png
 create mode 100644 results/nette_baseline_ipc50/dataset_0/n03445777/45.png
 create mode 100644 results/nette_baseline_ipc50/dataset_0/n03445777/46.png
 create mode 100644 results/nette_baseline_ipc50/dataset_0/n03445777/47.png
 create mode 100644 results/nette_baseline_ipc50/dataset_0/n03445777/48.png
 create mode 100644 results/nette_baseline_ipc50/dataset_0/n03445777/49.png
 create mode 100644 results/nette_baseline_ipc50/dataset_0/n03445777/5.png
 create mode 100644 results/nette_baseline_ipc50/dataset_0/n03445777/6.png
 create mode 100644 results/nette_baseline_ipc50/dataset_0/n03445777/7.png
 create mode 100644 results/nette_baseline_ipc50/dataset_0/n03445777/8.png
 create mode 100644 results/nette_baseline_ipc50/dataset_0/n03445777/9.png
 create mode 100644 results/nette_baseline_ipc50/dataset_0/n03888257/0.png
 create mode 100644 results/nette_baseline_ipc50/dataset_0/n03888257/1.png
 create mode 100644 results/nette_baseline_ipc50/dataset_0/n03888257/10.png
 create mode 100644 results/nette_baseline_ipc50/dataset_0/n03888257/11.png
 create mode 100644 results/nette_baseline_ipc50/dataset_0/n03888257/12.png
 create mode 100644 results/nette_baseline_ipc50/dataset_0/n03888257/13.png
 create mode 100644 results/nette_baseline_ipc50/dataset_0/n03888257/14.png
 create mode 100644 results/nette_baseline_ipc50/dataset_0/n03888257/15.png
 create mode 100644 results/nette_baseline_ipc50/dataset_0/n03888257/16.png
 create mode 100644 results/nette_baseline_ipc50/dataset_0/n03888257/17.png
 create mode 100644 results/nette_baseline_ipc50/dataset_0/n03888257/18.png
 create mode 100644 results/nette_baseline_ipc50/dataset_0/n03888257/19.png
 create mode 100644 results/nette_baseline_ipc50/dataset_0/n03888257/2.png
 create mode 100644 results/nette_baseline_ipc50/dataset_0/n03888257/20.png
 create mode 100644 results/nette_baseline_ipc50/dataset_0/n03888257/21.png
 create mode 100644 results/nette_baseline_ipc50/dataset_0/n03888257/22.png
 create mode 100644 results/nette_baseline_ipc50/dataset_0/n03888257/23.png
 create mode 100644 results/nette_baseline_ipc50/dataset_0/n03888257/24.png
 create mode 100644 results/nette_baseline_ipc50/dataset_0/n03888257/25.png
 create mode 100644 results/nette_baseline_ipc50/dataset_0/n03888257/26.png
 create mode 100644 results/nette_baseline_ipc50/dataset_0/n03888257/27.png
 create mode 100644 results/nette_baseline_ipc50/dataset_0/n03888257/28.png
 create mode 100644 results/nette_baseline_ipc50/dataset_0/n03888257/29.png
 create mode 100644 results/nette_baseline_ipc50/dataset_0/n03888257/3.png
 create mode 100644 results/nette_baseline_ipc50/dataset_0/n03888257/30.png
 create mode 100644 results/nette_baseline_ipc50/dataset_0/n03888257/31.png
 create mode 100644 results/nette_baseline_ipc50/dataset_0/n03888257/32.png
 create mode 100644 results/nette_baseline_ipc50/dataset_0/n03888257/33.png
 create mode 100644 results/nette_baseline_ipc50/dataset_0/n03888257/34.png
 create mode 100644 results/nette_baseline_ipc50/dataset_0/n03888257/35.png
 create mode 100644 results/nette_baseline_ipc50/dataset_0/n03888257/36.png
 create mode 100644 results/nette_baseline_ipc50/dataset_0/n03888257/37.png
 create mode 100644 results/nette_baseline_ipc50/dataset_0/n03888257/38.png
 create mode 100644 results/nette_baseline_ipc50/dataset_0/n03888257/39.png
 create mode 100644 results/nette_baseline_ipc50/dataset_0/n03888257/4.png
 create mode 100644 results/nette_baseline_ipc50/dataset_0/n03888257/40.png
 create mode 100644 results/nette_baseline_ipc50/dataset_0/n03888257/41.png
 create mode 100644 results/nette_baseline_ipc50/dataset_0/n03888257/42.png
 create mode 100644 results/nette_baseline_ipc50/dataset_0/n03888257/43.png
 create mode 100644 results/nette_baseline_ipc50/dataset_0/n03888257/44.png
 create mode 100644 results/nette_baseline_ipc50/dataset_0/n03888257/45.png
 create mode 100644 results/nette_baseline_ipc50/dataset_0/n03888257/46.png
 create mode 100644 results/nette_baseline_ipc50/dataset_0/n03888257/47.png
 create mode 100644 results/nette_baseline_ipc50/dataset_0/n03888257/48.png
 create mode 100644 results/nette_baseline_ipc50/dataset_0/n03888257/49.png
 create mode 100644 results/nette_baseline_ipc50/dataset_0/n03888257/5.png
 create mode 100644 results/nette_baseline_ipc50/dataset_0/n03888257/6.png
 create mode 100644 results/nette_baseline_ipc50/dataset_0/n03888257/7.png
 create mode 100644 results/nette_baseline_ipc50/dataset_0/n03888257/8.png
 create mode 100644 results/nette_baseline_ipc50/dataset_0/n03888257/9.png
 create mode 100644 results/nette_baseline_ipc50/dataset_1/n01440764/0.png
 create mode 100644 results/nette_baseline_ipc50/dataset_1/n01440764/1.png
 create mode 100644 results/nette_baseline_ipc50/dataset_1/n01440764/10.png
 create mode 100644 results/nette_baseline_ipc50/dataset_1/n01440764/11.png
 create mode 100644 results/nette_baseline_ipc50/dataset_1/n01440764/12.png
 create mode 100644 results/nette_baseline_ipc50/dataset_1/n01440764/13.png
 create mode 100644 results/nette_baseline_ipc50/dataset_1/n01440764/14.png
 create mode 100644 results/nette_baseline_ipc50/dataset_1/n01440764/15.png
 create mode 100644 results/nette_baseline_ipc50/dataset_1/n01440764/16.png
 create mode 100644 results/nette_baseline_ipc50/dataset_1/n01440764/17.png
 create mode 100644 results/nette_baseline_ipc50/dataset_1/n01440764/18.png
 create mode 100644 results/nette_baseline_ipc50/dataset_1/n01440764/19.png
 create mode 100644 results/nette_baseline_ipc50/dataset_1/n01440764/2.png
 create mode 100644 results/nette_baseline_ipc50/dataset_1/n01440764/20.png
 create mode 100644 results/nette_baseline_ipc50/dataset_1/n01440764/21.png
 create mode 100644 results/nette_baseline_ipc50/dataset_1/n01440764/22.png
 create mode 100644 results/nette_baseline_ipc50/dataset_1/n01440764/23.png
 create mode 100644 results/nette_baseline_ipc50/dataset_1/n01440764/24.png
 create mode 100644 results/nette_baseline_ipc50/dataset_1/n01440764/25.png
 create mode 100644 results/nette_baseline_ipc50/dataset_1/n01440764/26.png
 create mode 100644 results/nette_baseline_ipc50/dataset_1/n01440764/27.png
 create mode 100644 results/nette_baseline_ipc50/dataset_1/n01440764/28.png
 create mode 100644 results/nette_baseline_ipc50/dataset_1/n01440764/29.png
 create mode 100644 results/nette_baseline_ipc50/dataset_1/n01440764/3.png
 create mode 100644 results/nette_baseline_ipc50/dataset_1/n01440764/30.png
 create mode 100644 results/nette_baseline_ipc50/dataset_1/n01440764/31.png
 create mode 100644 results/nette_baseline_ipc50/dataset_1/n01440764/32.png
 create mode 100644 results/nette_baseline_ipc50/dataset_1/n01440764/33.png
 create mode 100644 results/nette_baseline_ipc50/dataset_1/n01440764/34.png
 create mode 100644 results/nette_baseline_ipc50/dataset_1/n01440764/35.png
 create mode 100644 results/nette_baseline_ipc50/dataset_1/n01440764/36.png
 create mode 100644 results/nette_baseline_ipc50/dataset_1/n01440764/37.png
 create mode 100644 results/nette_baseline_ipc50/dataset_1/n01440764/38.png
 create mode 100644 results/nette_baseline_ipc50/dataset_1/n01440764/39.png
 create mode 100644 results/nette_baseline_ipc50/dataset_1/n01440764/4.png
 create mode 100644 results/nette_baseline_ipc50/dataset_1/n01440764/40.png
 create mode 100644 results/nette_baseline_ipc50/dataset_1/n01440764/41.png
 create mode 100644 results/nette_baseline_ipc50/dataset_1/n01440764/42.png
 create mode 100644 results/nette_baseline_ipc50/dataset_1/n01440764/43.png
 create mode 100644 results/nette_baseline_ipc50/dataset_1/n01440764/44.png
 create mode 100644 results/nette_baseline_ipc50/dataset_1/n01440764/45.png
 create mode 100644 results/nette_baseline_ipc50/dataset_1/n01440764/46.png
 create mode 100644 results/nette_baseline_ipc50/dataset_1/n01440764/47.png
 create mode 100644 results/nette_baseline_ipc50/dataset_1/n01440764/48.png
 create mode 100644 results/nette_baseline_ipc50/dataset_1/n01440764/49.png
 create mode 100644 results/nette_baseline_ipc50/dataset_1/n01440764/5.png
 create mode 100644 results/nette_baseline_ipc50/dataset_1/n01440764/6.png
 create mode 100644 results/nette_baseline_ipc50/dataset_1/n01440764/7.png
 create mode 100644 results/nette_baseline_ipc50/dataset_1/n01440764/8.png
 create mode 100644 results/nette_baseline_ipc50/dataset_1/n01440764/9.png
 create mode 100644 results/nette_baseline_ipc50/dataset_1/n02102040/0.png
 create mode 100644 results/nette_baseline_ipc50/dataset_1/n02102040/1.png
 create mode 100644 results/nette_baseline_ipc50/dataset_1/n02102040/10.png
 create mode 100644 results/nette_baseline_ipc50/dataset_1/n02102040/11.png
 create mode 100644 results/nette_baseline_ipc50/dataset_1/n02102040/12.png
 create mode 100644 results/nette_baseline_ipc50/dataset_1/n02102040/13.png
 create mode 100644 results/nette_baseline_ipc50/dataset_1/n02102040/14.png
 create mode 100644 results/nette_baseline_ipc50/dataset_1/n02102040/15.png
 create mode 100644 results/nette_baseline_ipc50/dataset_1/n02102040/16.png
 create mode 100644 results/nette_baseline_ipc50/dataset_1/n02102040/17.png
 create mode 100644 results/nette_baseline_ipc50/dataset_1/n02102040/18.png
 create mode 100644 results/nette_baseline_ipc50/dataset_1/n02102040/19.png
 create mode 100644 results/nette_baseline_ipc50/dataset_1/n02102040/2.png
 create mode 100644 results/nette_baseline_ipc50/dataset_1/n02102040/20.png
 create mode 100644 results/nette_baseline_ipc50/dataset_1/n02102040/21.png
 create mode 100644 results/nette_baseline_ipc50/dataset_1/n02102040/22.png
 create mode 100644 results/nette_baseline_ipc50/dataset_1/n02102040/23.png
 create mode 100644 results/nette_baseline_ipc50/dataset_1/n02102040/24.png
 create mode 100644 results/nette_baseline_ipc50/dataset_1/n02102040/25.png
 create mode 100644 results/nette_baseline_ipc50/dataset_1/n02102040/26.png
 create mode 100644 results/nette_baseline_ipc50/dataset_1/n02102040/27.png
 create mode 100644 results/nette_baseline_ipc50/dataset_1/n02102040/28.png
 create mode 100644 results/nette_baseline_ipc50/dataset_1/n02102040/29.png
 create mode 100644 results/nette_baseline_ipc50/dataset_1/n02102040/3.png
 create mode 100644 results/nette_baseline_ipc50/dataset_1/n02102040/30.png
 create mode 100644 results/nette_baseline_ipc50/dataset_1/n02102040/31.png
 create mode 100644 results/nette_baseline_ipc50/dataset_1/n02102040/32.png
 create mode 100644 results/nette_baseline_ipc50/dataset_1/n02102040/33.png
 create mode 100644 results/nette_baseline_ipc50/dataset_1/n02102040/34.png
 create mode 100644 results/nette_baseline_ipc50/dataset_1/n02102040/35.png
 create mode 100644 results/nette_baseline_ipc50/dataset_1/n02102040/36.png
 create mode 100644 results/nette_baseline_ipc50/dataset_1/n02102040/37.png
 create mode 100644 results/nette_baseline_ipc50/dataset_1/n02102040/38.png
 create mode 100644 results/nette_baseline_ipc50/dataset_1/n02102040/39.png
 create mode 100644 results/nette_baseline_ipc50/dataset_1/n02102040/4.png
 create mode 100644 results/nette_baseline_ipc50/dataset_1/n02102040/40.png
 create mode 100644 results/nette_baseline_ipc50/dataset_1/n02102040/41.png
 create mode 100644 results/nette_baseline_ipc50/dataset_1/n02102040/42.png
 create mode 100644 results/nette_baseline_ipc50/dataset_1/n02102040/43.png
 create mode 100644 results/nette_baseline_ipc50/dataset_1/n02102040/44.png
 create mode 100644 results/nette_baseline_ipc50/dataset_1/n02102040/45.png
 create mode 100644 results/nette_baseline_ipc50/dataset_1/n02102040/46.png
 create mode 100644 results/nette_baseline_ipc50/dataset_1/n02102040/47.png
 create mode 100644 results/nette_baseline_ipc50/dataset_1/n02102040/48.png
 create mode 100644 results/nette_baseline_ipc50/dataset_1/n02102040/49.png
 create mode 100644 results/nette_baseline_ipc50/dataset_1/n02102040/5.png
 create mode 100644 results/nette_baseline_ipc50/dataset_1/n02102040/6.png
 create mode 100644 results/nette_baseline_ipc50/dataset_1/n02102040/7.png
 create mode 100644 results/nette_baseline_ipc50/dataset_1/n02102040/8.png
 create mode 100644 results/nette_baseline_ipc50/dataset_1/n02102040/9.png
 create mode 100644 results/nette_baseline_ipc50/dataset_1/n02979186/0.png
 create mode 100644 results/nette_baseline_ipc50/dataset_1/n02979186/1.png
 create mode 100644 results/nette_baseline_ipc50/dataset_1/n02979186/10.png
 create mode 100644 results/nette_baseline_ipc50/dataset_1/n02979186/11.png
 create mode 100644 results/nette_baseline_ipc50/dataset_1/n02979186/12.png
 create mode 100644 results/nette_baseline_ipc50/dataset_1/n02979186/13.png
 create mode 100644 results/nette_baseline_ipc50/dataset_1/n02979186/14.png
 create mode 100644 results/nette_baseline_ipc50/dataset_1/n02979186/15.png
 create mode 100644 results/nette_baseline_ipc50/dataset_1/n02979186/16.png
 create mode 100644 results/nette_baseline_ipc50/dataset_1/n02979186/17.png
 create mode 100644 results/nette_baseline_ipc50/dataset_1/n02979186/18.png
 create mode 100644 results/nette_baseline_ipc50/dataset_1/n02979186/19.png
 create mode 100644 results/nette_baseline_ipc50/dataset_1/n02979186/2.png
 create mode 100644 results/nette_baseline_ipc50/dataset_1/n02979186/20.png
 create mode 100644 results/nette_baseline_ipc50/dataset_1/n02979186/21.png
 create mode 100644 results/nette_baseline_ipc50/dataset_1/n02979186/22.png
 create mode 100644 results/nette_baseline_ipc50/dataset_1/n02979186/23.png
 create mode 100644 results/nette_baseline_ipc50/dataset_1/n02979186/24.png
 create mode 100644 results/nette_baseline_ipc50/dataset_1/n02979186/25.png
 create mode 100644 results/nette_baseline_ipc50/dataset_1/n02979186/26.png
 create mode 100644 results/nette_baseline_ipc50/dataset_1/n02979186/27.png
 create mode 100644 results/nette_baseline_ipc50/dataset_1/n02979186/28.png
 create mode 100644 results/nette_baseline_ipc50/dataset_1/n02979186/29.png
 create mode 100644 results/nette_baseline_ipc50/dataset_1/n02979186/3.png
 create mode 100644 results/nette_baseline_ipc50/dataset_1/n02979186/30.png
 create mode 100644 results/nette_baseline_ipc50/dataset_1/n02979186/31.png
 create mode 100644 results/nette_baseline_ipc50/dataset_1/n02979186/32.png
 create mode 100644 results/nette_baseline_ipc50/dataset_1/n02979186/33.png
 create mode 100644 results/nette_baseline_ipc50/dataset_1/n02979186/34.png
 create mode 100644 results/nette_baseline_ipc50/dataset_1/n02979186/35.png
 create mode 100644 results/nette_baseline_ipc50/dataset_1/n02979186/36.png
 create mode 100644 results/nette_baseline_ipc50/dataset_1/n02979186/37.png
 create mode 100644 results/nette_baseline_ipc50/dataset_1/n02979186/38.png
 create mode 100644 results/nette_baseline_ipc50/dataset_1/n02979186/39.png
 create mode 100644 results/nette_baseline_ipc50/dataset_1/n02979186/4.png
 create mode 100644 results/nette_baseline_ipc50/dataset_1/n02979186/40.png
 create mode 100644 results/nette_baseline_ipc50/dataset_1/n02979186/41.png
 create mode 100644 results/nette_baseline_ipc50/dataset_1/n02979186/42.png
 create mode 100644 results/nette_baseline_ipc50/dataset_1/n02979186/43.png
 create mode 100644 results/nette_baseline_ipc50/dataset_1/n02979186/44.png
 create mode 100644 results/nette_baseline_ipc50/dataset_1/n02979186/45.png
 create mode 100644 results/nette_baseline_ipc50/dataset_1/n02979186/46.png
 create mode 100644 results/nette_baseline_ipc50/dataset_1/n02979186/47.png
 create mode 100644 results/nette_baseline_ipc50/dataset_1/n02979186/48.png
 create mode 100644 results/nette_baseline_ipc50/dataset_1/n02979186/49.png
 create mode 100644 results/nette_baseline_ipc50/dataset_1/n02979186/5.png
 create mode 100644 results/nette_baseline_ipc50/dataset_1/n02979186/6.png
 create mode 100644 results/nette_baseline_ipc50/dataset_1/n02979186/7.png
 create mode 100644 results/nette_baseline_ipc50/dataset_1/n02979186/8.png
 create mode 100644 results/nette_baseline_ipc50/dataset_1/n02979186/9.png
 create mode 100644 results/nette_baseline_ipc50/dataset_1/n03000684/0.png
 create mode 100644 results/nette_baseline_ipc50/dataset_1/n03000684/1.png
 create mode 100644 results/nette_baseline_ipc50/dataset_1/n03000684/10.png
 create mode 100644 results/nette_baseline_ipc50/dataset_1/n03000684/11.png
 create mode 100644 results/nette_baseline_ipc50/dataset_1/n03000684/12.png
 create mode 100644 results/nette_baseline_ipc50/dataset_1/n03000684/13.png
 create mode 100644 results/nette_baseline_ipc50/dataset_1/n03000684/14.png
 create mode 100644 results/nette_baseline_ipc50/dataset_1/n03000684/15.png
 create mode 100644 results/nette_baseline_ipc50/dataset_1/n03000684/16.png
 create mode 100644 results/nette_baseline_ipc50/dataset_1/n03000684/17.png
 create mode 100644 results/nette_baseline_ipc50/dataset_1/n03000684/18.png
 create mode 100644 results/nette_baseline_ipc50/dataset_1/n03000684/19.png
 create mode 100644 results/nette_baseline_ipc50/dataset_1/n03000684/2.png
 create mode 100644 results/nette_baseline_ipc50/dataset_1/n03000684/20.png
 create mode 100644 results/nette_baseline_ipc50/dataset_1/n03000684/21.png
 create mode 100644 results/nette_baseline_ipc50/dataset_1/n03000684/22.png
 create mode 100644 results/nette_baseline_ipc50/dataset_1/n03000684/23.png
 create mode 100644 results/nette_baseline_ipc50/dataset_1/n03000684/24.png
 create mode 100644 results/nette_baseline_ipc50/dataset_1/n03000684/25.png
 create mode 100644 results/nette_baseline_ipc50/dataset_1/n03000684/26.png
 create mode 100644 results/nette_baseline_ipc50/dataset_1/n03000684/27.png
 create mode 100644 results/nette_baseline_ipc50/dataset_1/n03000684/28.png
 create mode 100644 results/nette_baseline_ipc50/dataset_1/n03000684/29.png
 create mode 100644 results/nette_baseline_ipc50/dataset_1/n03000684/3.png
 create mode 100644 results/nette_baseline_ipc50/dataset_1/n03000684/30.png
 create mode 100644 results/nette_baseline_ipc50/dataset_1/n03000684/31.png
 create mode 100644 results/nette_baseline_ipc50/dataset_1/n03000684/32.png
 create mode 100644 results/nette_baseline_ipc50/dataset_1/n03000684/33.png
 create mode 100644 results/nette_baseline_ipc50/dataset_1/n03000684/34.png
 create mode 100644 results/nette_baseline_ipc50/dataset_1/n03000684/35.png
 create mode 100644 results/nette_baseline_ipc50/dataset_1/n03000684/36.png
 create mode 100644 results/nette_baseline_ipc50/dataset_1/n03000684/37.png
 create mode 100644 results/nette_baseline_ipc50/dataset_1/n03000684/38.png
 create mode 100644 results/nette_baseline_ipc50/dataset_1/n03000684/39.png
 create mode 100644 results/nette_baseline_ipc50/dataset_1/n03000684/4.png
 create mode 100644 results/nette_baseline_ipc50/dataset_1/n03000684/40.png
 create mode 100644 results/nette_baseline_ipc50/dataset_1/n03000684/41.png
 create mode 100644 results/nette_baseline_ipc50/dataset_1/n03000684/42.png
 create mode 100644 results/nette_baseline_ipc50/dataset_1/n03000684/43.png
 create mode 100644 results/nette_baseline_ipc50/dataset_1/n03000684/44.png
 create mode 100644 results/nette_baseline_ipc50/dataset_1/n03000684/45.png
 create mode 100644 results/nette_baseline_ipc50/dataset_1/n03000684/46.png
 create mode 100644 results/nette_baseline_ipc50/dataset_1/n03000684/47.png
 create mode 100644 results/nette_baseline_ipc50/dataset_1/n03000684/48.png
 create mode 100644 results/nette_baseline_ipc50/dataset_1/n03000684/49.png
 create mode 100644 results/nette_baseline_ipc50/dataset_1/n03000684/5.png
 create mode 100644 results/nette_baseline_ipc50/dataset_1/n03000684/6.png
 create mode 100644 results/nette_baseline_ipc50/dataset_1/n03000684/7.png
 create mode 100644 results/nette_baseline_ipc50/dataset_1/n03000684/8.png
 create mode 100644 results/nette_baseline_ipc50/dataset_1/n03000684/9.png
 create mode 100644 results/nette_baseline_ipc50/dataset_1/n03028079/0.png
 create mode 100644 results/nette_baseline_ipc50/dataset_1/n03028079/1.png
 create mode 100644 results/nette_baseline_ipc50/dataset_1/n03028079/10.png
 create mode 100644 results/nette_baseline_ipc50/dataset_1/n03028079/11.png
 create mode 100644 results/nette_baseline_ipc50/dataset_1/n03028079/12.png
 create mode 100644 results/nette_baseline_ipc50/dataset_1/n03028079/13.png
 create mode 100644 results/nette_baseline_ipc50/dataset_1/n03028079/14.png
 create mode 100644 results/nette_baseline_ipc50/dataset_1/n03028079/15.png
 create mode 100644 results/nette_baseline_ipc50/dataset_1/n03028079/16.png
 create mode 100644 results/nette_baseline_ipc50/dataset_1/n03028079/17.png
 create mode 100644 results/nette_baseline_ipc50/dataset_1/n03028079/18.png
 create mode 100644 results/nette_baseline_ipc50/dataset_1/n03028079/19.png
 create mode 100644 results/nette_baseline_ipc50/dataset_1/n03028079/2.png
 create mode 100644 results/nette_baseline_ipc50/dataset_1/n03028079/20.png
 create mode 100644 results/nette_baseline_ipc50/dataset_1/n03028079/21.png
 create mode 100644 results/nette_baseline_ipc50/dataset_1/n03028079/22.png
 create mode 100644 results/nette_baseline_ipc50/dataset_1/n03028079/23.png
 create mode 100644 results/nette_baseline_ipc50/dataset_1/n03028079/24.png
 create mode 100644 results/nette_baseline_ipc50/dataset_1/n03028079/25.png
 create mode 100644 results/nette_baseline_ipc50/dataset_1/n03028079/26.png
 create mode 100644 results/nette_baseline_ipc50/dataset_1/n03028079/27.png
 create mode 100644 results/nette_baseline_ipc50/dataset_1/n03028079/28.png
 create mode 100644 results/nette_baseline_ipc50/dataset_1/n03028079/29.png
 create mode 100644 results/nette_baseline_ipc50/dataset_1/n03028079/3.png
 create mode 100644 results/nette_baseline_ipc50/dataset_1/n03028079/30.png
 create mode 100644 results/nette_baseline_ipc50/dataset_1/n03028079/31.png
 create mode 100644 results/nette_baseline_ipc50/dataset_1/n03028079/32.png
 create mode 100644 results/nette_baseline_ipc50/dataset_1/n03028079/33.png
 create mode 100644 results/nette_baseline_ipc50/dataset_1/n03028079/34.png
 create mode 100644 results/nette_baseline_ipc50/dataset_1/n03028079/35.png
 create mode 100644 results/nette_baseline_ipc50/dataset_1/n03028079/36.png
 create mode 100644 results/nette_baseline_ipc50/dataset_1/n03028079/37.png
 create mode 100644 results/nette_baseline_ipc50/dataset_1/n03028079/38.png
 create mode 100644 results/nette_baseline_ipc50/dataset_1/n03028079/39.png
 create mode 100644 results/nette_baseline_ipc50/dataset_1/n03028079/4.png
 create mode 100644 results/nette_baseline_ipc50/dataset_1/n03028079/40.png
 create mode 100644 results/nette_baseline_ipc50/dataset_1/n03028079/41.png
 create mode 100644 results/nette_baseline_ipc50/dataset_1/n03028079/42.png
 create mode 100644 results/nette_baseline_ipc50/dataset_1/n03028079/43.png
 create mode 100644 results/nette_baseline_ipc50/dataset_1/n03028079/44.png
 create mode 100644 results/nette_baseline_ipc50/dataset_1/n03028079/45.png
 create mode 100644 results/nette_baseline_ipc50/dataset_1/n03028079/46.png
 create mode 100644 results/nette_baseline_ipc50/dataset_1/n03028079/47.png
 create mode 100644 results/nette_baseline_ipc50/dataset_1/n03028079/48.png
 create mode 100644 results/nette_baseline_ipc50/dataset_1/n03028079/49.png
 create mode 100644 results/nette_baseline_ipc50/dataset_1/n03028079/5.png
 create mode 100644 results/nette_baseline_ipc50/dataset_1/n03028079/6.png
 create mode 100644 results/nette_baseline_ipc50/dataset_1/n03028079/7.png
 create mode 100644 results/nette_baseline_ipc50/dataset_1/n03028079/8.png
 create mode 100644 results/nette_baseline_ipc50/dataset_1/n03028079/9.png
 create mode 100644 results/nette_baseline_ipc50/dataset_1/n03394916/0.png
 create mode 100644 results/nette_baseline_ipc50/dataset_1/n03394916/1.png
 create mode 100644 results/nette_baseline_ipc50/dataset_1/n03394916/10.png
 create mode 100644 results/nette_baseline_ipc50/dataset_1/n03394916/11.png
 create mode 100644 results/nette_baseline_ipc50/dataset_1/n03394916/12.png
 create mode 100644 results/nette_baseline_ipc50/dataset_1/n03394916/13.png
 create mode 100644 results/nette_baseline_ipc50/dataset_1/n03394916/14.png
 create mode 100644 results/nette_baseline_ipc50/dataset_1/n03394916/15.png
 create mode 100644 results/nette_baseline_ipc50/dataset_1/n03394916/16.png
 create mode 100644 results/nette_baseline_ipc50/dataset_1/n03394916/17.png
 create mode 100644 results/nette_baseline_ipc50/dataset_1/n03394916/18.png
 create mode 100644 results/nette_baseline_ipc50/dataset_1/n03394916/19.png
 create mode 100644 results/nette_baseline_ipc50/dataset_1/n03394916/2.png
 create mode 100644 results/nette_baseline_ipc50/dataset_1/n03394916/20.png
 create mode 100644 results/nette_baseline_ipc50/dataset_1/n03394916/21.png
 create mode 100644 results/nette_baseline_ipc50/dataset_1/n03394916/22.png
 create mode 100644 results/nette_baseline_ipc50/dataset_1/n03394916/23.png
 create mode 100644 results/nette_baseline_ipc50/dataset_1/n03394916/24.png
 create mode 100644 results/nette_baseline_ipc50/dataset_1/n03394916/25.png
 create mode 100644 results/nette_baseline_ipc50/dataset_1/n03394916/26.png
 create mode 100644 results/nette_baseline_ipc50/dataset_1/n03394916/27.png
 create mode 100644 results/nette_baseline_ipc50/dataset_1/n03394916/28.png
 create mode 100644 results/nette_baseline_ipc50/dataset_1/n03394916/29.png
 create mode 100644 results/nette_baseline_ipc50/dataset_1/n03394916/3.png
 create mode 100644 results/nette_baseline_ipc50/dataset_1/n03394916/30.png
 create mode 100644 results/nette_baseline_ipc50/dataset_1/n03394916/31.png
 create mode 100644 results/nette_baseline_ipc50/dataset_1/n03394916/32.png
 create mode 100644 results/nette_baseline_ipc50/dataset_1/n03394916/33.png
 create mode 100644 results/nette_baseline_ipc50/dataset_1/n03394916/34.png
 create mode 100644 results/nette_baseline_ipc50/dataset_1/n03394916/35.png
 create mode 100644 results/nette_baseline_ipc50/dataset_1/n03394916/36.png
 create mode 100644 results/nette_baseline_ipc50/dataset_1/n03394916/37.png
 create mode 100644 results/nette_baseline_ipc50/dataset_1/n03394916/38.png
 create mode 100644 results/nette_baseline_ipc50/dataset_1/n03394916/39.png
 create mode 100644 results/nette_baseline_ipc50/dataset_1/n03394916/4.png
 create mode 100644 results/nette_baseline_ipc50/dataset_1/n03394916/40.png
 create mode 100644 results/nette_baseline_ipc50/dataset_1/n03394916/41.png
 create mode 100644 results/nette_baseline_ipc50/dataset_1/n03394916/42.png
 create mode 100644 results/nette_baseline_ipc50/dataset_1/n03394916/43.png
 create mode 100644 results/nette_baseline_ipc50/dataset_1/n03394916/44.png
 create mode 100644 results/nette_baseline_ipc50/dataset_1/n03394916/45.png
 create mode 100644 results/nette_baseline_ipc50/dataset_1/n03394916/46.png
 create mode 100644 results/nette_baseline_ipc50/dataset_1/n03394916/47.png
 create mode 100644 results/nette_baseline_ipc50/dataset_1/n03394916/48.png
 create mode 100644 results/nette_baseline_ipc50/dataset_1/n03394916/49.png
 create mode 100644 results/nette_baseline_ipc50/dataset_1/n03394916/5.png
 create mode 100644 results/nette_baseline_ipc50/dataset_1/n03394916/6.png
 create mode 100644 results/nette_baseline_ipc50/dataset_1/n03394916/7.png
 create mode 100644 results/nette_baseline_ipc50/dataset_1/n03394916/8.png
 create mode 100644 results/nette_baseline_ipc50/dataset_1/n03394916/9.png
 create mode 100644 results/nette_baseline_ipc50/dataset_1/n03417042/0.png
 create mode 100644 results/nette_baseline_ipc50/dataset_1/n03417042/1.png
 create mode 100644 results/nette_baseline_ipc50/dataset_1/n03417042/10.png
 create mode 100644 results/nette_baseline_ipc50/dataset_1/n03417042/11.png
 create mode 100644 results/nette_baseline_ipc50/dataset_1/n03417042/12.png
 create mode 100644 results/nette_baseline_ipc50/dataset_1/n03417042/13.png
 create mode 100644 results/nette_baseline_ipc50/dataset_1/n03417042/14.png
 create mode 100644 results/nette_baseline_ipc50/dataset_1/n03417042/15.png
 create mode 100644 results/nette_baseline_ipc50/dataset_1/n03417042/16.png
 create mode 100644 results/nette_baseline_ipc50/dataset_1/n03417042/17.png
 create mode 100644 results/nette_baseline_ipc50/dataset_1/n03417042/18.png
 create mode 100644 results/nette_baseline_ipc50/dataset_1/n03417042/19.png
 create mode 100644 results/nette_baseline_ipc50/dataset_1/n03417042/2.png
 create mode 100644 results/nette_baseline_ipc50/dataset_1/n03417042/20.png
 create mode 100644 results/nette_baseline_ipc50/dataset_1/n03417042/21.png
 create mode 100644 results/nette_baseline_ipc50/dataset_1/n03417042/22.png
 create mode 100644 results/nette_baseline_ipc50/dataset_1/n03417042/23.png
 create mode 100644 results/nette_baseline_ipc50/dataset_1/n03417042/24.png
 create mode 100644 results/nette_baseline_ipc50/dataset_1/n03417042/25.png
 create mode 100644 results/nette_baseline_ipc50/dataset_1/n03417042/26.png
 create mode 100644 results/nette_baseline_ipc50/dataset_1/n03417042/27.png
 create mode 100644 results/nette_baseline_ipc50/dataset_1/n03417042/28.png
 create mode 100644 results/nette_baseline_ipc50/dataset_1/n03417042/29.png
 create mode 100644 results/nette_baseline_ipc50/dataset_1/n03417042/3.png
 create mode 100644 results/nette_baseline_ipc50/dataset_1/n03417042/30.png
 create mode 100644 results/nette_baseline_ipc50/dataset_1/n03417042/31.png
 create mode 100644 results/nette_baseline_ipc50/dataset_1/n03417042/32.png
 create mode 100644 results/nette_baseline_ipc50/dataset_1/n03417042/33.png
 create mode 100644 results/nette_baseline_ipc50/dataset_1/n03417042/34.png
 create mode 100644 results/nette_baseline_ipc50/dataset_1/n03417042/35.png
 create mode 100644 results/nette_baseline_ipc50/dataset_1/n03417042/36.png
 create mode 100644 results/nette_baseline_ipc50/dataset_1/n03417042/37.png
 create mode 100644 results/nette_baseline_ipc50/dataset_1/n03417042/38.png
 create mode 100644 results/nette_baseline_ipc50/dataset_1/n03417042/39.png
 create mode 100644 results/nette_baseline_ipc50/dataset_1/n03417042/4.png
 create mode 100644 results/nette_baseline_ipc50/dataset_1/n03417042/40.png
 create mode 100644 results/nette_baseline_ipc50/dataset_1/n03417042/41.png
 create mode 100644 results/nette_baseline_ipc50/dataset_1/n03417042/42.png
 create mode 100644 results/nette_baseline_ipc50/dataset_1/n03417042/43.png
 create mode 100644 results/nette_baseline_ipc50/dataset_1/n03417042/44.png
 create mode 100644 results/nette_baseline_ipc50/dataset_1/n03417042/45.png
 create mode 100644 results/nette_baseline_ipc50/dataset_1/n03417042/46.png
 create mode 100644 results/nette_baseline_ipc50/dataset_1/n03417042/47.png
 create mode 100644 results/nette_baseline_ipc50/dataset_1/n03417042/48.png
 create mode 100644 results/nette_baseline_ipc50/dataset_1/n03417042/49.png
 create mode 100644 results/nette_baseline_ipc50/dataset_1/n03417042/5.png
 create mode 100644 results/nette_baseline_ipc50/dataset_1/n03417042/6.png
 create mode 100644 results/nette_baseline_ipc50/dataset_1/n03417042/7.png
 create mode 100644 results/nette_baseline_ipc50/dataset_1/n03417042/8.png
 create mode 100644 results/nette_baseline_ipc50/dataset_1/n03417042/9.png
 create mode 100644 results/nette_baseline_ipc50/dataset_1/n03425413/0.png
 create mode 100644 results/nette_baseline_ipc50/dataset_1/n03425413/1.png
 create mode 100644 results/nette_baseline_ipc50/dataset_1/n03425413/10.png
 create mode 100644 results/nette_baseline_ipc50/dataset_1/n03425413/11.png
 create mode 100644 results/nette_baseline_ipc50/dataset_1/n03425413/12.png
 create mode 100644 results/nette_baseline_ipc50/dataset_1/n03425413/13.png
 create mode 100644 results/nette_baseline_ipc50/dataset_1/n03425413/14.png
 create mode 100644 results/nette_baseline_ipc50/dataset_1/n03425413/15.png
 create mode 100644 results/nette_baseline_ipc50/dataset_1/n03425413/16.png
 create mode 100644 results/nette_baseline_ipc50/dataset_1/n03425413/17.png
 create mode 100644 results/nette_baseline_ipc50/dataset_1/n03425413/18.png
 create mode 100644 results/nette_baseline_ipc50/dataset_1/n03425413/19.png
 create mode 100644 results/nette_baseline_ipc50/dataset_1/n03425413/2.png
 create mode 100644 results/nette_baseline_ipc50/dataset_1/n03425413/20.png
 create mode 100644 results/nette_baseline_ipc50/dataset_1/n03425413/21.png
 create mode 100644 results/nette_baseline_ipc50/dataset_1/n03425413/22.png
 create mode 100644 results/nette_baseline_ipc50/dataset_1/n03425413/23.png
 create mode 100644 results/nette_baseline_ipc50/dataset_1/n03425413/24.png
 create mode 100644 results/nette_baseline_ipc50/dataset_1/n03425413/25.png
 create mode 100644 results/nette_baseline_ipc50/dataset_1/n03425413/26.png
 create mode 100644 results/nette_baseline_ipc50/dataset_1/n03425413/27.png
 create mode 100644 results/nette_baseline_ipc50/dataset_1/n03425413/28.png
 create mode 100644 results/nette_baseline_ipc50/dataset_1/n03425413/29.png
 create mode 100644 results/nette_baseline_ipc50/dataset_1/n03425413/3.png
 create mode 100644 results/nette_baseline_ipc50/dataset_1/n03425413/30.png
 create mode 100644 results/nette_baseline_ipc50/dataset_1/n03425413/31.png
 create mode 100644 results/nette_baseline_ipc50/dataset_1/n03425413/32.png
 create mode 100644 results/nette_baseline_ipc50/dataset_1/n03425413/33.png
 create mode 100644 results/nette_baseline_ipc50/dataset_1/n03425413/34.png
 create mode 100644 results/nette_baseline_ipc50/dataset_1/n03425413/35.png
 create mode 100644 results/nette_baseline_ipc50/dataset_1/n03425413/36.png
 create mode 100644 results/nette_baseline_ipc50/dataset_1/n03425413/37.png
 create mode 100644 results/nette_baseline_ipc50/dataset_1/n03425413/38.png
 create mode 100644 results/nette_baseline_ipc50/dataset_1/n03425413/39.png
 create mode 100644 results/nette_baseline_ipc50/dataset_1/n03425413/4.png
 create mode 100644 results/nette_baseline_ipc50/dataset_1/n03425413/40.png
 create mode 100644 results/nette_baseline_ipc50/dataset_1/n03425413/41.png
 create mode 100644 results/nette_baseline_ipc50/dataset_1/n03425413/42.png
 create mode 100644 results/nette_baseline_ipc50/dataset_1/n03425413/43.png
 create mode 100644 results/nette_baseline_ipc50/dataset_1/n03425413/44.png
 create mode 100644 results/nette_baseline_ipc50/dataset_1/n03425413/45.png
 create mode 100644 results/nette_baseline_ipc50/dataset_1/n03425413/46.png
 create mode 100644 results/nette_baseline_ipc50/dataset_1/n03425413/47.png
 create mode 100644 results/nette_baseline_ipc50/dataset_1/n03425413/48.png
 create mode 100644 results/nette_baseline_ipc50/dataset_1/n03425413/49.png
 create mode 100644 results/nette_baseline_ipc50/dataset_1/n03425413/5.png
 create mode 100644 results/nette_baseline_ipc50/dataset_1/n03425413/6.png
 create mode 100644 results/nette_baseline_ipc50/dataset_1/n03425413/7.png
 create mode 100644 results/nette_baseline_ipc50/dataset_1/n03425413/8.png
 create mode 100644 results/nette_baseline_ipc50/dataset_1/n03425413/9.png
 create mode 100644 results/nette_baseline_ipc50/dataset_1/n03445777/0.png
 create mode 100644 results/nette_baseline_ipc50/dataset_1/n03445777/1.png
 create mode 100644 results/nette_baseline_ipc50/dataset_1/n03445777/10.png
 create mode 100644 results/nette_baseline_ipc50/dataset_1/n03445777/11.png
 create mode 100644 results/nette_baseline_ipc50/dataset_1/n03445777/12.png
 create mode 100644 results/nette_baseline_ipc50/dataset_1/n03445777/13.png
 create mode 100644 results/nette_baseline_ipc50/dataset_1/n03445777/14.png
 create mode 100644 results/nette_baseline_ipc50/dataset_1/n03445777/15.png
 create mode 100644 results/nette_baseline_ipc50/dataset_1/n03445777/16.png
 create mode 100644 results/nette_baseline_ipc50/dataset_1/n03445777/17.png
 create mode 100644 results/nette_baseline_ipc50/dataset_1/n03445777/18.png
 create mode 100644 results/nette_baseline_ipc50/dataset_1/n03445777/19.png
 create mode 100644 results/nette_baseline_ipc50/dataset_1/n03445777/2.png
 create mode 100644 results/nette_baseline_ipc50/dataset_1/n03445777/20.png
 create mode 100644 results/nette_baseline_ipc50/dataset_1/n03445777/21.png
 create mode 100644 results/nette_baseline_ipc50/dataset_1/n03445777/22.png
 create mode 100644 results/nette_baseline_ipc50/dataset_1/n03445777/23.png
 create mode 100644 results/nette_baseline_ipc50/dataset_1/n03445777/24.png
 create mode 100644 results/nette_baseline_ipc50/dataset_1/n03445777/25.png
 create mode 100644 results/nette_baseline_ipc50/dataset_1/n03445777/26.png
 create mode 100644 results/nette_baseline_ipc50/dataset_1/n03445777/27.png
 create mode 100644 results/nette_baseline_ipc50/dataset_1/n03445777/28.png
 create mode 100644 results/nette_baseline_ipc50/dataset_1/n03445777/29.png
 create mode 100644 results/nette_baseline_ipc50/dataset_1/n03445777/3.png
 create mode 100644 results/nette_baseline_ipc50/dataset_1/n03445777/30.png
 create mode 100644 results/nette_baseline_ipc50/dataset_1/n03445777/31.png
 create mode 100644 results/nette_baseline_ipc50/dataset_1/n03445777/32.png
 create mode 100644 results/nette_baseline_ipc50/dataset_1/n03445777/33.png
 create mode 100644 results/nette_baseline_ipc50/dataset_1/n03445777/34.png
 create mode 100644 results/nette_baseline_ipc50/dataset_1/n03445777/35.png
 create mode 100644 results/nette_baseline_ipc50/dataset_1/n03445777/36.png
 create mode 100644 results/nette_baseline_ipc50/dataset_1/n03445777/37.png
 create mode 100644 results/nette_baseline_ipc50/dataset_1/n03445777/38.png
 create mode 100644 results/nette_baseline_ipc50/dataset_1/n03445777/39.png
 create mode 100644 results/nette_baseline_ipc50/dataset_1/n03445777/4.png
 create mode 100644 results/nette_baseline_ipc50/dataset_1/n03445777/40.png
 create mode 100644 results/nette_baseline_ipc50/dataset_1/n03445777/41.png
 create mode 100644 results/nette_baseline_ipc50/dataset_1/n03445777/42.png
 create mode 100644 results/nette_baseline_ipc50/dataset_1/n03445777/43.png
 create mode 100644 results/nette_baseline_ipc50/dataset_1/n03445777/44.png
 create mode 100644 results/nette_baseline_ipc50/dataset_1/n03445777/45.png
 create mode 100644 results/nette_baseline_ipc50/dataset_1/n03445777/46.png
 create mode 100644 results/nette_baseline_ipc50/dataset_1/n03445777/47.png
 create mode 100644 results/nette_baseline_ipc50/dataset_1/n03445777/48.png
 create mode 100644 results/nette_baseline_ipc50/dataset_1/n03445777/49.png
 create mode 100644 results/nette_baseline_ipc50/dataset_1/n03445777/5.png
 create mode 100644 results/nette_baseline_ipc50/dataset_1/n03445777/6.png
 create mode 100644 results/nette_baseline_ipc50/dataset_1/n03445777/7.png
 create mode 100644 results/nette_baseline_ipc50/dataset_1/n03445777/8.png
 create mode 100644 results/nette_baseline_ipc50/dataset_1/n03445777/9.png
 create mode 100644 results/nette_baseline_ipc50/dataset_1/n03888257/0.png
 create mode 100644 results/nette_baseline_ipc50/dataset_1/n03888257/1.png
 create mode 100644 results/nette_baseline_ipc50/dataset_1/n03888257/10.png
 create mode 100644 results/nette_baseline_ipc50/dataset_1/n03888257/11.png
 create mode 100644 results/nette_baseline_ipc50/dataset_1/n03888257/12.png
 create mode 100644 results/nette_baseline_ipc50/dataset_1/n03888257/13.png
 create mode 100644 results/nette_baseline_ipc50/dataset_1/n03888257/14.png
 create mode 100644 results/nette_baseline_ipc50/dataset_1/n03888257/15.png
 create mode 100644 results/nette_baseline_ipc50/dataset_1/n03888257/16.png
 create mode 100644 results/nette_baseline_ipc50/dataset_1/n03888257/17.png
 create mode 100644 results/nette_baseline_ipc50/dataset_1/n03888257/18.png
 create mode 100644 results/nette_baseline_ipc50/dataset_1/n03888257/19.png
 create mode 100644 results/nette_baseline_ipc50/dataset_1/n03888257/2.png
 create mode 100644 results/nette_baseline_ipc50/dataset_1/n03888257/20.png
 create mode 100644 results/nette_baseline_ipc50/dataset_1/n03888257/21.png
 create mode 100644 results/nette_baseline_ipc50/dataset_1/n03888257/22.png
 create mode 100644 results/nette_baseline_ipc50/dataset_1/n03888257/23.png
 create mode 100644 results/nette_baseline_ipc50/dataset_1/n03888257/24.png
 create mode 100644 results/nette_baseline_ipc50/dataset_1/n03888257/25.png
 create mode 100644 results/nette_baseline_ipc50/dataset_1/n03888257/26.png
 create mode 100644 results/nette_baseline_ipc50/dataset_1/n03888257/27.png
 create mode 100644 results/nette_baseline_ipc50/dataset_1/n03888257/28.png
 create mode 100644 results/nette_baseline_ipc50/dataset_1/n03888257/29.png
 create mode 100644 results/nette_baseline_ipc50/dataset_1/n03888257/3.png
 create mode 100644 results/nette_baseline_ipc50/dataset_1/n03888257/30.png
 create mode 100644 results/nette_baseline_ipc50/dataset_1/n03888257/31.png
 create mode 100644 results/nette_baseline_ipc50/dataset_1/n03888257/32.png
 create mode 100644 results/nette_baseline_ipc50/dataset_1/n03888257/33.png
 create mode 100644 results/nette_baseline_ipc50/dataset_1/n03888257/34.png
 create mode 100644 results/nette_baseline_ipc50/dataset_1/n03888257/35.png
 create mode 100644 results/nette_baseline_ipc50/dataset_1/n03888257/36.png
 create mode 100644 results/nette_baseline_ipc50/dataset_1/n03888257/37.png
 create mode 100644 results/nette_baseline_ipc50/dataset_1/n03888257/38.png
 create mode 100644 results/nette_baseline_ipc50/dataset_1/n03888257/39.png
 create mode 100644 results/nette_baseline_ipc50/dataset_1/n03888257/4.png
 create mode 100644 results/nette_baseline_ipc50/dataset_1/n03888257/40.png
 create mode 100644 results/nette_baseline_ipc50/dataset_1/n03888257/41.png
 create mode 100644 results/nette_baseline_ipc50/dataset_1/n03888257/42.png
 create mode 100644 results/nette_baseline_ipc50/dataset_1/n03888257/43.png
 create mode 100644 results/nette_baseline_ipc50/dataset_1/n03888257/44.png
 create mode 100644 results/nette_baseline_ipc50/dataset_1/n03888257/45.png
 create mode 100644 results/nette_baseline_ipc50/dataset_1/n03888257/46.png
 create mode 100644 results/nette_baseline_ipc50/dataset_1/n03888257/47.png
 create mode 100644 results/nette_baseline_ipc50/dataset_1/n03888257/48.png
 create mode 100644 results/nette_baseline_ipc50/dataset_1/n03888257/49.png
 create mode 100644 results/nette_baseline_ipc50/dataset_1/n03888257/5.png
 create mode 100644 results/nette_baseline_ipc50/dataset_1/n03888257/6.png
 create mode 100644 results/nette_baseline_ipc50/dataset_1/n03888257/7.png
 create mode 100644 results/nette_baseline_ipc50/dataset_1/n03888257/8.png
 create mode 100644 results/nette_baseline_ipc50/dataset_1/n03888257/9.png
 create mode 100644 results/nette_baseline_ipc50/dataset_2/n01440764/0.png
 create mode 100644 results/nette_baseline_ipc50/dataset_2/n01440764/1.png
 create mode 100644 results/nette_baseline_ipc50/dataset_2/n01440764/10.png
 create mode 100644 results/nette_baseline_ipc50/dataset_2/n01440764/11.png
 create mode 100644 results/nette_baseline_ipc50/dataset_2/n01440764/12.png
 create mode 100644 results/nette_baseline_ipc50/dataset_2/n01440764/13.png
 create mode 100644 results/nette_baseline_ipc50/dataset_2/n01440764/14.png
 create mode 100644 results/nette_baseline_ipc50/dataset_2/n01440764/15.png
 create mode 100644 results/nette_baseline_ipc50/dataset_2/n01440764/16.png
 create mode 100644 results/nette_baseline_ipc50/dataset_2/n01440764/17.png
 create mode 100644 results/nette_baseline_ipc50/dataset_2/n01440764/18.png
 create mode 100644 results/nette_baseline_ipc50/dataset_2/n01440764/19.png
 create mode 100644 results/nette_baseline_ipc50/dataset_2/n01440764/2.png
 create mode 100644 results/nette_baseline_ipc50/dataset_2/n01440764/20.png
 create mode 100644 results/nette_baseline_ipc50/dataset_2/n01440764/21.png
 create mode 100644 results/nette_baseline_ipc50/dataset_2/n01440764/22.png
 create mode 100644 results/nette_baseline_ipc50/dataset_2/n01440764/23.png
 create mode 100644 results/nette_baseline_ipc50/dataset_2/n01440764/24.png
 create mode 100644 results/nette_baseline_ipc50/dataset_2/n01440764/25.png
 create mode 100644 results/nette_baseline_ipc50/dataset_2/n01440764/26.png
 create mode 100644 results/nette_baseline_ipc50/dataset_2/n01440764/27.png
 create mode 100644 results/nette_baseline_ipc50/dataset_2/n01440764/28.png
 create mode 100644 results/nette_baseline_ipc50/dataset_2/n01440764/29.png
 create mode 100644 results/nette_baseline_ipc50/dataset_2/n01440764/3.png
 create mode 100644 results/nette_baseline_ipc50/dataset_2/n01440764/30.png
 create mode 100644 results/nette_baseline_ipc50/dataset_2/n01440764/31.png
 create mode 100644 results/nette_baseline_ipc50/dataset_2/n01440764/32.png
 create mode 100644 results/nette_baseline_ipc50/dataset_2/n01440764/33.png
 create mode 100644 results/nette_baseline_ipc50/dataset_2/n01440764/34.png
 create mode 100644 results/nette_baseline_ipc50/dataset_2/n01440764/35.png
 create mode 100644 results/nette_baseline_ipc50/dataset_2/n01440764/36.png
 create mode 100644 results/nette_baseline_ipc50/dataset_2/n01440764/37.png
 create mode 100644 results/nette_baseline_ipc50/dataset_2/n01440764/38.png
 create mode 100644 results/nette_baseline_ipc50/dataset_2/n01440764/39.png
 create mode 100644 results/nette_baseline_ipc50/dataset_2/n01440764/4.png
 create mode 100644 results/nette_baseline_ipc50/dataset_2/n01440764/40.png
 create mode 100644 results/nette_baseline_ipc50/dataset_2/n01440764/41.png
 create mode 100644 results/nette_baseline_ipc50/dataset_2/n01440764/42.png
 create mode 100644 results/nette_baseline_ipc50/dataset_2/n01440764/43.png
 create mode 100644 results/nette_baseline_ipc50/dataset_2/n01440764/44.png
 create mode 100644 results/nette_baseline_ipc50/dataset_2/n01440764/45.png
 create mode 100644 results/nette_baseline_ipc50/dataset_2/n01440764/46.png
 create mode 100644 results/nette_baseline_ipc50/dataset_2/n01440764/47.png
 create mode 100644 results/nette_baseline_ipc50/dataset_2/n01440764/48.png
 create mode 100644 results/nette_baseline_ipc50/dataset_2/n01440764/49.png
 create mode 100644 results/nette_baseline_ipc50/dataset_2/n01440764/5.png
 create mode 100644 results/nette_baseline_ipc50/dataset_2/n01440764/6.png
 create mode 100644 results/nette_baseline_ipc50/dataset_2/n01440764/7.png
 create mode 100644 results/nette_baseline_ipc50/dataset_2/n01440764/8.png
 create mode 100644 results/nette_baseline_ipc50/dataset_2/n01440764/9.png
 create mode 100644 results/nette_baseline_ipc50/dataset_2/n02102040/0.png
 create mode 100644 results/nette_baseline_ipc50/dataset_2/n02102040/1.png
 create mode 100644 results/nette_baseline_ipc50/dataset_2/n02102040/10.png
 create mode 100644 results/nette_baseline_ipc50/dataset_2/n02102040/11.png
 create mode 100644 results/nette_baseline_ipc50/dataset_2/n02102040/12.png
 create mode 100644 results/nette_baseline_ipc50/dataset_2/n02102040/13.png
 create mode 100644 results/nette_baseline_ipc50/dataset_2/n02102040/14.png
 create mode 100644 results/nette_baseline_ipc50/dataset_2/n02102040/15.png
 create mode 100644 results/nette_baseline_ipc50/dataset_2/n02102040/16.png
 create mode 100644 results/nette_baseline_ipc50/dataset_2/n02102040/17.png
 create mode 100644 results/nette_baseline_ipc50/dataset_2/n02102040/18.png
 create mode 100644 results/nette_baseline_ipc50/dataset_2/n02102040/19.png
 create mode 100644 results/nette_baseline_ipc50/dataset_2/n02102040/2.png
 create mode 100644 results/nette_baseline_ipc50/dataset_2/n02102040/20.png
 create mode 100644 results/nette_baseline_ipc50/dataset_2/n02102040/21.png
 create mode 100644 results/nette_baseline_ipc50/dataset_2/n02102040/22.png
 create mode 100644 results/nette_baseline_ipc50/dataset_2/n02102040/23.png
 create mode 100644 results/nette_baseline_ipc50/dataset_2/n02102040/24.png
 create mode 100644 results/nette_baseline_ipc50/dataset_2/n02102040/25.png
 create mode 100644 results/nette_baseline_ipc50/dataset_2/n02102040/26.png
 create mode 100644 results/nette_baseline_ipc50/dataset_2/n02102040/27.png
 create mode 100644 results/nette_baseline_ipc50/dataset_2/n02102040/28.png
 create mode 100644 results/nette_baseline_ipc50/dataset_2/n02102040/29.png
 create mode 100644 results/nette_baseline_ipc50/dataset_2/n02102040/3.png
 create mode 100644 results/nette_baseline_ipc50/dataset_2/n02102040/30.png
 create mode 100644 results/nette_baseline_ipc50/dataset_2/n02102040/31.png
 create mode 100644 results/nette_baseline_ipc50/dataset_2/n02102040/32.png
 create mode 100644 results/nette_baseline_ipc50/dataset_2/n02102040/33.png
 create mode 100644 results/nette_baseline_ipc50/dataset_2/n02102040/34.png
 create mode 100644 results/nette_baseline_ipc50/dataset_2/n02102040/35.png
 create mode 100644 results/nette_baseline_ipc50/dataset_2/n02102040/36.png
 create mode 100644 results/nette_baseline_ipc50/dataset_2/n02102040/37.png
 create mode 100644 results/nette_baseline_ipc50/dataset_2/n02102040/38.png
 create mode 100644 results/nette_baseline_ipc50/dataset_2/n02102040/39.png
 create mode 100644 results/nette_baseline_ipc50/dataset_2/n02102040/4.png
 create mode 100644 results/nette_baseline_ipc50/dataset_2/n02102040/40.png
 create mode 100644 results/nette_baseline_ipc50/dataset_2/n02102040/41.png
 create mode 100644 results/nette_baseline_ipc50/dataset_2/n02102040/42.png
 create mode 100644 results/nette_baseline_ipc50/dataset_2/n02102040/43.png
 create mode 100644 results/nette_baseline_ipc50/dataset_2/n02102040/44.png
 create mode 100644 results/nette_baseline_ipc50/dataset_2/n02102040/45.png
 create mode 100644 results/nette_baseline_ipc50/dataset_2/n02102040/46.png
 create mode 100644 results/nette_baseline_ipc50/dataset_2/n02102040/47.png
 create mode 100644 results/nette_baseline_ipc50/dataset_2/n02102040/48.png
 create mode 100644 results/nette_baseline_ipc50/dataset_2/n02102040/49.png
 create mode 100644 results/nette_baseline_ipc50/dataset_2/n02102040/5.png
 create mode 100644 results/nette_baseline_ipc50/dataset_2/n02102040/6.png
 create mode 100644 results/nette_baseline_ipc50/dataset_2/n02102040/7.png
 create mode 100644 results/nette_baseline_ipc50/dataset_2/n02102040/8.png
 create mode 100644 results/nette_baseline_ipc50/dataset_2/n02102040/9.png
 create mode 100644 results/nette_baseline_ipc50/dataset_2/n02979186/0.png
 create mode 100644 results/nette_baseline_ipc50/dataset_2/n02979186/1.png
 create mode 100644 results/nette_baseline_ipc50/dataset_2/n02979186/10.png
 create mode 100644 results/nette_baseline_ipc50/dataset_2/n02979186/11.png
 create mode 100644 results/nette_baseline_ipc50/dataset_2/n02979186/12.png
 create mode 100644 results/nette_baseline_ipc50/dataset_2/n02979186/13.png
 create mode 100644 results/nette_baseline_ipc50/dataset_2/n02979186/14.png
 create mode 100644 results/nette_baseline_ipc50/dataset_2/n02979186/15.png
 create mode 100644 results/nette_baseline_ipc50/dataset_2/n02979186/16.png
 create mode 100644 results/nette_baseline_ipc50/dataset_2/n02979186/17.png
 create mode 100644 results/nette_baseline_ipc50/dataset_2/n02979186/18.png
 create mode 100644 results/nette_baseline_ipc50/dataset_2/n02979186/19.png
 create mode 100644 results/nette_baseline_ipc50/dataset_2/n02979186/2.png
 create mode 100644 results/nette_baseline_ipc50/dataset_2/n02979186/20.png
 create mode 100644 results/nette_baseline_ipc50/dataset_2/n02979186/21.png
 create mode 100644 results/nette_baseline_ipc50/dataset_2/n02979186/22.png
 create mode 100644 results/nette_baseline_ipc50/dataset_2/n02979186/23.png
 create mode 100644 results/nette_baseline_ipc50/dataset_2/n02979186/24.png
 create mode 100644 results/nette_baseline_ipc50/dataset_2/n02979186/25.png
 create mode 100644 results/nette_baseline_ipc50/dataset_2/n02979186/26.png
 create mode 100644 results/nette_baseline_ipc50/dataset_2/n02979186/27.png
 create mode 100644 results/nette_baseline_ipc50/dataset_2/n02979186/28.png
 create mode 100644 results/nette_baseline_ipc50/dataset_2/n02979186/29.png
 create mode 100644 results/nette_baseline_ipc50/dataset_2/n02979186/3.png
 create mode 100644 results/nette_baseline_ipc50/dataset_2/n02979186/30.png
 create mode 100644 results/nette_baseline_ipc50/dataset_2/n02979186/31.png
 create mode 100644 results/nette_baseline_ipc50/dataset_2/n02979186/32.png
 create mode 100644 results/nette_baseline_ipc50/dataset_2/n02979186/33.png
 create mode 100644 results/nette_baseline_ipc50/dataset_2/n02979186/34.png
 create mode 100644 results/nette_baseline_ipc50/dataset_2/n02979186/35.png
 create mode 100644 results/nette_baseline_ipc50/dataset_2/n02979186/36.png
 create mode 100644 results/nette_baseline_ipc50/dataset_2/n02979186/37.png
 create mode 100644 results/nette_baseline_ipc50/dataset_2/n02979186/38.png
 create mode 100644 results/nette_baseline_ipc50/dataset_2/n02979186/39.png
 create mode 100644 results/nette_baseline_ipc50/dataset_2/n02979186/4.png
 create mode 100644 results/nette_baseline_ipc50/dataset_2/n02979186/40.png
 create mode 100644 results/nette_baseline_ipc50/dataset_2/n02979186/41.png
 create mode 100644 results/nette_baseline_ipc50/dataset_2/n02979186/42.png
 create mode 100644 results/nette_baseline_ipc50/dataset_2/n02979186/43.png
 create mode 100644 results/nette_baseline_ipc50/dataset_2/n02979186/44.png
 create mode 100644 results/nette_baseline_ipc50/dataset_2/n02979186/45.png
 create mode 100644 results/nette_baseline_ipc50/dataset_2/n02979186/46.png
 create mode 100644 results/nette_baseline_ipc50/dataset_2/n02979186/47.png
 create mode 100644 results/nette_baseline_ipc50/dataset_2/n02979186/48.png
 create mode 100644 results/nette_baseline_ipc50/dataset_2/n02979186/49.png
 create mode 100644 results/nette_baseline_ipc50/dataset_2/n02979186/5.png
 create mode 100644 results/nette_baseline_ipc50/dataset_2/n02979186/6.png
 create mode 100644 results/nette_baseline_ipc50/dataset_2/n02979186/7.png
 create mode 100644 results/nette_baseline_ipc50/dataset_2/n02979186/8.png
 create mode 100644 results/nette_baseline_ipc50/dataset_2/n02979186/9.png
 create mode 100644 results/nette_baseline_ipc50/dataset_2/n03000684/0.png
 create mode 100644 results/nette_baseline_ipc50/dataset_2/n03000684/1.png
 create mode 100644 results/nette_baseline_ipc50/dataset_2/n03000684/10.png
 create mode 100644 results/nette_baseline_ipc50/dataset_2/n03000684/11.png
 create mode 100644 results/nette_baseline_ipc50/dataset_2/n03000684/12.png
 create mode 100644 results/nette_baseline_ipc50/dataset_2/n03000684/13.png
 create mode 100644 results/nette_baseline_ipc50/dataset_2/n03000684/14.png
 create mode 100644 results/nette_baseline_ipc50/dataset_2/n03000684/15.png
 create mode 100644 results/nette_baseline_ipc50/dataset_2/n03000684/16.png
 create mode 100644 results/nette_baseline_ipc50/dataset_2/n03000684/17.png
 create mode 100644 results/nette_baseline_ipc50/dataset_2/n03000684/18.png
 create mode 100644 results/nette_baseline_ipc50/dataset_2/n03000684/19.png
 create mode 100644 results/nette_baseline_ipc50/dataset_2/n03000684/2.png
 create mode 100644 results/nette_baseline_ipc50/dataset_2/n03000684/20.png
 create mode 100644 results/nette_baseline_ipc50/dataset_2/n03000684/21.png
 create mode 100644 results/nette_baseline_ipc50/dataset_2/n03000684/22.png
 create mode 100644 results/nette_baseline_ipc50/dataset_2/n03000684/23.png
 create mode 100644 results/nette_baseline_ipc50/dataset_2/n03000684/24.png
 create mode 100644 results/nette_baseline_ipc50/dataset_2/n03000684/25.png
 create mode 100644 results/nette_baseline_ipc50/dataset_2/n03000684/26.png
 create mode 100644 results/nette_baseline_ipc50/dataset_2/n03000684/27.png
 create mode 100644 results/nette_baseline_ipc50/dataset_2/n03000684/28.png
 create mode 100644 results/nette_baseline_ipc50/dataset_2/n03000684/29.png
 create mode 100644 results/nette_baseline_ipc50/dataset_2/n03000684/3.png
 create mode 100644 results/nette_baseline_ipc50/dataset_2/n03000684/30.png
 create mode 100644 results/nette_baseline_ipc50/dataset_2/n03000684/31.png
 create mode 100644 results/nette_baseline_ipc50/dataset_2/n03000684/32.png
 create mode 100644 results/nette_baseline_ipc50/dataset_2/n03000684/33.png
 create mode 100644 results/nette_baseline_ipc50/dataset_2/n03000684/34.png
 create mode 100644 results/nette_baseline_ipc50/dataset_2/n03000684/35.png
 create mode 100644 results/nette_baseline_ipc50/dataset_2/n03000684/36.png
 create mode 100644 results/nette_baseline_ipc50/dataset_2/n03000684/37.png
 create mode 100644 results/nette_baseline_ipc50/dataset_2/n03000684/38.png
 create mode 100644 results/nette_baseline_ipc50/dataset_2/n03000684/39.png
 create mode 100644 results/nette_baseline_ipc50/dataset_2/n03000684/4.png
 create mode 100644 results/nette_baseline_ipc50/dataset_2/n03000684/40.png
 create mode 100644 results/nette_baseline_ipc50/dataset_2/n03000684/41.png
 create mode 100644 results/nette_baseline_ipc50/dataset_2/n03000684/42.png
 create mode 100644 results/nette_baseline_ipc50/dataset_2/n03000684/43.png
 create mode 100644 results/nette_baseline_ipc50/dataset_2/n03000684/44.png
 create mode 100644 results/nette_baseline_ipc50/dataset_2/n03000684/45.png
 create mode 100644 results/nette_baseline_ipc50/dataset_2/n03000684/46.png
 create mode 100644 results/nette_baseline_ipc50/dataset_2/n03000684/47.png
 create mode 100644 results/nette_baseline_ipc50/dataset_2/n03000684/48.png
 create mode 100644 results/nette_baseline_ipc50/dataset_2/n03000684/49.png
 create mode 100644 results/nette_baseline_ipc50/dataset_2/n03000684/5.png
 create mode 100644 results/nette_baseline_ipc50/dataset_2/n03000684/6.png
 create mode 100644 results/nette_baseline_ipc50/dataset_2/n03000684/7.png
 create mode 100644 results/nette_baseline_ipc50/dataset_2/n03000684/8.png
 create mode 100644 results/nette_baseline_ipc50/dataset_2/n03000684/9.png
 create mode 100644 results/nette_baseline_ipc50/dataset_2/n03028079/0.png
 create mode 100644 results/nette_baseline_ipc50/dataset_2/n03028079/1.png
 create mode 100644 results/nette_baseline_ipc50/dataset_2/n03028079/10.png
 create mode 100644 results/nette_baseline_ipc50/dataset_2/n03028079/11.png
 create mode 100644 results/nette_baseline_ipc50/dataset_2/n03028079/12.png
 create mode 100644 results/nette_baseline_ipc50/dataset_2/n03028079/13.png
 create mode 100644 results/nette_baseline_ipc50/dataset_2/n03028079/14.png
 create mode 100644 results/nette_baseline_ipc50/dataset_2/n03028079/15.png
 create mode 100644 results/nette_baseline_ipc50/dataset_2/n03028079/16.png
 create mode 100644 results/nette_baseline_ipc50/dataset_2/n03028079/17.png
 create mode 100644 results/nette_baseline_ipc50/dataset_2/n03028079/18.png
 create mode 100644 results/nette_baseline_ipc50/dataset_2/n03028079/19.png
 create mode 100644 results/nette_baseline_ipc50/dataset_2/n03028079/2.png
 create mode 100644 results/nette_baseline_ipc50/dataset_2/n03028079/20.png
 create mode 100644 results/nette_baseline_ipc50/dataset_2/n03028079/21.png
 create mode 100644 results/nette_baseline_ipc50/dataset_2/n03028079/22.png
 create mode 100644 results/nette_baseline_ipc50/dataset_2/n03028079/23.png
 create mode 100644 results/nette_baseline_ipc50/dataset_2/n03028079/24.png
 create mode 100644 results/nette_baseline_ipc50/dataset_2/n03028079/25.png
 create mode 100644 results/nette_baseline_ipc50/dataset_2/n03028079/26.png
 create mode 100644 results/nette_baseline_ipc50/dataset_2/n03028079/27.png
 create mode 100644 results/nette_baseline_ipc50/dataset_2/n03028079/28.png
 create mode 100644 results/nette_baseline_ipc50/dataset_2/n03028079/29.png
 create mode 100644 results/nette_baseline_ipc50/dataset_2/n03028079/3.png
 create mode 100644 results/nette_baseline_ipc50/dataset_2/n03028079/30.png
 create mode 100644 results/nette_baseline_ipc50/dataset_2/n03028079/31.png
 create mode 100644 results/nette_baseline_ipc50/dataset_2/n03028079/32.png
 create mode 100644 results/nette_baseline_ipc50/dataset_2/n03028079/33.png
 create mode 100644 results/nette_baseline_ipc50/dataset_2/n03028079/34.png
 create mode 100644 results/nette_baseline_ipc50/dataset_2/n03028079/35.png
 create mode 100644 results/nette_baseline_ipc50/dataset_2/n03028079/36.png
 create mode 100644 results/nette_baseline_ipc50/dataset_2/n03028079/37.png
 create mode 100644 results/nette_baseline_ipc50/dataset_2/n03028079/38.png
 create mode 100644 results/nette_baseline_ipc50/dataset_2/n03028079/39.png
 create mode 100644 results/nette_baseline_ipc50/dataset_2/n03028079/4.png
 create mode 100644 results/nette_baseline_ipc50/dataset_2/n03028079/40.png
 create mode 100644 results/nette_baseline_ipc50/dataset_2/n03028079/41.png
 create mode 100644 results/nette_baseline_ipc50/dataset_2/n03028079/42.png
 create mode 100644 results/nette_baseline_ipc50/dataset_2/n03028079/43.png
 create mode 100644 results/nette_baseline_ipc50/dataset_2/n03028079/44.png
 create mode 100644 results/nette_baseline_ipc50/dataset_2/n03028079/45.png
 create mode 100644 results/nette_baseline_ipc50/dataset_2/n03028079/46.png
 create mode 100644 results/nette_baseline_ipc50/dataset_2/n03028079/47.png
 create mode 100644 results/nette_baseline_ipc50/dataset_2/n03028079/48.png
 create mode 100644 results/nette_baseline_ipc50/dataset_2/n03028079/49.png
 create mode 100644 results/nette_baseline_ipc50/dataset_2/n03028079/5.png
 create mode 100644 results/nette_baseline_ipc50/dataset_2/n03028079/6.png
 create mode 100644 results/nette_baseline_ipc50/dataset_2/n03028079/7.png
 create mode 100644 results/nette_baseline_ipc50/dataset_2/n03028079/8.png
 create mode 100644 results/nette_baseline_ipc50/dataset_2/n03028079/9.png
 create mode 100644 results/nette_baseline_ipc50/dataset_2/n03394916/0.png
 create mode 100644 results/nette_baseline_ipc50/dataset_2/n03394916/1.png
 create mode 100644 results/nette_baseline_ipc50/dataset_2/n03394916/10.png
 create mode 100644 results/nette_baseline_ipc50/dataset_2/n03394916/11.png
 create mode 100644 results/nette_baseline_ipc50/dataset_2/n03394916/12.png
 create mode 100644 results/nette_baseline_ipc50/dataset_2/n03394916/13.png
 create mode 100644 results/nette_baseline_ipc50/dataset_2/n03394916/14.png
 create mode 100644 results/nette_baseline_ipc50/dataset_2/n03394916/15.png
 create mode 100644 results/nette_baseline_ipc50/dataset_2/n03394916/16.png
 create mode 100644 results/nette_baseline_ipc50/dataset_2/n03394916/17.png
 create mode 100644 results/nette_baseline_ipc50/dataset_2/n03394916/18.png
 create mode 100644 results/nette_baseline_ipc50/dataset_2/n03394916/19.png
 create mode 100644 results/nette_baseline_ipc50/dataset_2/n03394916/2.png
 create mode 100644 results/nette_baseline_ipc50/dataset_2/n03394916/20.png
 create mode 100644 results/nette_baseline_ipc50/dataset_2/n03394916/21.png
 create mode 100644 results/nette_baseline_ipc50/dataset_2/n03394916/22.png
 create mode 100644 results/nette_baseline_ipc50/dataset_2/n03394916/23.png
 create mode 100644 results/nette_baseline_ipc50/dataset_2/n03394916/24.png
 create mode 100644 results/nette_baseline_ipc50/dataset_2/n03394916/25.png
 create mode 100644 results/nette_baseline_ipc50/dataset_2/n03394916/26.png
 create mode 100644 results/nette_baseline_ipc50/dataset_2/n03394916/27.png
 create mode 100644 results/nette_baseline_ipc50/dataset_2/n03394916/28.png
 create mode 100644 results/nette_baseline_ipc50/dataset_2/n03394916/29.png
 create mode 100644 results/nette_baseline_ipc50/dataset_2/n03394916/3.png
 create mode 100644 results/nette_baseline_ipc50/dataset_2/n03394916/30.png
 create mode 100644 results/nette_baseline_ipc50/dataset_2/n03394916/31.png
 create mode 100644 results/nette_baseline_ipc50/dataset_2/n03394916/32.png
 create mode 100644 results/nette_baseline_ipc50/dataset_2/n03394916/33.png
 create mode 100644 results/nette_baseline_ipc50/dataset_2/n03394916/34.png
 create mode 100644 results/nette_baseline_ipc50/dataset_2/n03394916/35.png
 create mode 100644 results/nette_baseline_ipc50/dataset_2/n03394916/36.png
 create mode 100644 results/nette_baseline_ipc50/dataset_2/n03394916/37.png
 create mode 100644 results/nette_baseline_ipc50/dataset_2/n03394916/38.png
 create mode 100644 results/nette_baseline_ipc50/dataset_2/n03394916/39.png
 create mode 100644 results/nette_baseline_ipc50/dataset_2/n03394916/4.png
 create mode 100644 results/nette_baseline_ipc50/dataset_2/n03394916/40.png
 create mode 100644 results/nette_baseline_ipc50/dataset_2/n03394916/41.png
 create mode 100644 results/nette_baseline_ipc50/dataset_2/n03394916/42.png
 create mode 100644 results/nette_baseline_ipc50/dataset_2/n03394916/43.png
 create mode 100644 results/nette_baseline_ipc50/dataset_2/n03394916/44.png
 create mode 100644 results/nette_baseline_ipc50/dataset_2/n03394916/45.png
 create mode 100644 results/nette_baseline_ipc50/dataset_2/n03394916/46.png
 create mode 100644 results/nette_baseline_ipc50/dataset_2/n03394916/47.png
 create mode 100644 results/nette_baseline_ipc50/dataset_2/n03394916/48.png
 create mode 100644 results/nette_baseline_ipc50/dataset_2/n03394916/49.png
 create mode 100644 results/nette_baseline_ipc50/dataset_2/n03394916/5.png
 create mode 100644 results/nette_baseline_ipc50/dataset_2/n03394916/6.png
 create mode 100644 results/nette_baseline_ipc50/dataset_2/n03394916/7.png
 create mode 100644 results/nette_baseline_ipc50/dataset_2/n03394916/8.png
 create mode 100644 results/nette_baseline_ipc50/dataset_2/n03394916/9.png
 create mode 100644 results/nette_baseline_ipc50/dataset_2/n03417042/0.png
 create mode 100644 results/nette_baseline_ipc50/dataset_2/n03417042/1.png
 create mode 100644 results/nette_baseline_ipc50/dataset_2/n03417042/10.png
 create mode 100644 results/nette_baseline_ipc50/dataset_2/n03417042/11.png
 create mode 100644 results/nette_baseline_ipc50/dataset_2/n03417042/12.png
 create mode 100644 results/nette_baseline_ipc50/dataset_2/n03417042/13.png
 create mode 100644 results/nette_baseline_ipc50/dataset_2/n03417042/14.png
 create mode 100644 results/nette_baseline_ipc50/dataset_2/n03417042/15.png
 create mode 100644 results/nette_baseline_ipc50/dataset_2/n03417042/16.png
 create mode 100644 results/nette_baseline_ipc50/dataset_2/n03417042/17.png
 create mode 100644 results/nette_baseline_ipc50/dataset_2/n03417042/18.png
 create mode 100644 results/nette_baseline_ipc50/dataset_2/n03417042/19.png
 create mode 100644 results/nette_baseline_ipc50/dataset_2/n03417042/2.png
 create mode 100644 results/nette_baseline_ipc50/dataset_2/n03417042/20.png
 create mode 100644 results/nette_baseline_ipc50/dataset_2/n03417042/21.png
 create mode 100644 results/nette_baseline_ipc50/dataset_2/n03417042/22.png
 create mode 100644 results/nette_baseline_ipc50/dataset_2/n03417042/23.png
 create mode 100644 results/nette_baseline_ipc50/dataset_2/n03417042/24.png
 create mode 100644 results/nette_baseline_ipc50/dataset_2/n03417042/25.png
 create mode 100644 results/nette_baseline_ipc50/dataset_2/n03417042/26.png
 create mode 100644 results/nette_baseline_ipc50/dataset_2/n03417042/27.png
 create mode 100644 results/nette_baseline_ipc50/dataset_2/n03417042/28.png
 create mode 100644 results/nette_baseline_ipc50/dataset_2/n03417042/29.png
 create mode 100644 results/nette_baseline_ipc50/dataset_2/n03417042/3.png
 create mode 100644 results/nette_baseline_ipc50/dataset_2/n03417042/30.png
 create mode 100644 results/nette_baseline_ipc50/dataset_2/n03417042/31.png
 create mode 100644 results/nette_baseline_ipc50/dataset_2/n03417042/32.png
 create mode 100644 results/nette_baseline_ipc50/dataset_2/n03417042/33.png
 create mode 100644 results/nette_baseline_ipc50/dataset_2/n03417042/34.png
 create mode 100644 results/nette_baseline_ipc50/dataset_2/n03417042/35.png
 create mode 100644 results/nette_baseline_ipc50/dataset_2/n03417042/36.png
 create mode 100644 results/nette_baseline_ipc50/dataset_2/n03417042/37.png
 create mode 100644 results/nette_baseline_ipc50/dataset_2/n03417042/38.png
 create mode 100644 results/nette_baseline_ipc50/dataset_2/n03417042/39.png
 create mode 100644 results/nette_baseline_ipc50/dataset_2/n03417042/4.png
 create mode 100644 results/nette_baseline_ipc50/dataset_2/n03417042/40.png
 create mode 100644 results/nette_baseline_ipc50/dataset_2/n03417042/41.png
 create mode 100644 results/nette_baseline_ipc50/dataset_2/n03417042/42.png
 create mode 100644 results/nette_baseline_ipc50/dataset_2/n03417042/43.png
 create mode 100644 results/nette_baseline_ipc50/dataset_2/n03417042/44.png
 create mode 100644 results/nette_baseline_ipc50/dataset_2/n03417042/45.png
 create mode 100644 results/nette_baseline_ipc50/dataset_2/n03417042/46.png
 create mode 100644 results/nette_baseline_ipc50/dataset_2/n03417042/47.png
 create mode 100644 results/nette_baseline_ipc50/dataset_2/n03417042/48.png
 create mode 100644 results/nette_baseline_ipc50/dataset_2/n03417042/49.png
 create mode 100644 results/nette_baseline_ipc50/dataset_2/n03417042/5.png
 create mode 100644 results/nette_baseline_ipc50/dataset_2/n03417042/6.png
 create mode 100644 results/nette_baseline_ipc50/dataset_2/n03417042/7.png
 create mode 100644 results/nette_baseline_ipc50/dataset_2/n03417042/8.png
 create mode 100644 results/nette_baseline_ipc50/dataset_2/n03417042/9.png
 create mode 100644 results/nette_baseline_ipc50/dataset_2/n03425413/0.png
 create mode 100644 results/nette_baseline_ipc50/dataset_2/n03425413/1.png
 create mode 100644 results/nette_baseline_ipc50/dataset_2/n03425413/10.png
 create mode 100644 results/nette_baseline_ipc50/dataset_2/n03425413/11.png
 create mode 100644 results/nette_baseline_ipc50/dataset_2/n03425413/12.png
 create mode 100644 results/nette_baseline_ipc50/dataset_2/n03425413/13.png
 create mode 100644 results/nette_baseline_ipc50/dataset_2/n03425413/14.png
 create mode 100644 results/nette_baseline_ipc50/dataset_2/n03425413/15.png
 create mode 100644 results/nette_baseline_ipc50/dataset_2/n03425413/16.png
 create mode 100644 results/nette_baseline_ipc50/dataset_2/n03425413/17.png
 create mode 100644 results/nette_baseline_ipc50/dataset_2/n03425413/18.png
 create mode 100644 results/nette_baseline_ipc50/dataset_2/n03425413/19.png
 create mode 100644 results/nette_baseline_ipc50/dataset_2/n03425413/2.png
 create mode 100644 results/nette_baseline_ipc50/dataset_2/n03425413/20.png
 create mode 100644 results/nette_baseline_ipc50/dataset_2/n03425413/21.png
 create mode 100644 results/nette_baseline_ipc50/dataset_2/n03425413/22.png
 create mode 100644 results/nette_baseline_ipc50/dataset_2/n03425413/23.png
 create mode 100644 results/nette_baseline_ipc50/dataset_2/n03425413/24.png
 create mode 100644 results/nette_baseline_ipc50/dataset_2/n03425413/25.png
 create mode 100644 results/nette_baseline_ipc50/dataset_2/n03425413/26.png
 create mode 100644 results/nette_baseline_ipc50/dataset_2/n03425413/27.png
 create mode 100644 results/nette_baseline_ipc50/dataset_2/n03425413/28.png
 create mode 100644 results/nette_baseline_ipc50/dataset_2/n03425413/29.png
 create mode 100644 results/nette_baseline_ipc50/dataset_2/n03425413/3.png
 create mode 100644 results/nette_baseline_ipc50/dataset_2/n03425413/30.png
 create mode 100644 results/nette_baseline_ipc50/dataset_2/n03425413/31.png
 create mode 100644 results/nette_baseline_ipc50/dataset_2/n03425413/32.png
 create mode 100644 results/nette_baseline_ipc50/dataset_2/n03425413/33.png
 create mode 100644 results/nette_baseline_ipc50/dataset_2/n03425413/34.png
 create mode 100644 results/nette_baseline_ipc50/dataset_2/n03425413/35.png
 create mode 100644 results/nette_baseline_ipc50/dataset_2/n03425413/36.png
 create mode 100644 results/nette_baseline_ipc50/dataset_2/n03425413/37.png
 create mode 100644 results/nette_baseline_ipc50/dataset_2/n03425413/38.png
 create mode 100644 results/nette_baseline_ipc50/dataset_2/n03425413/39.png
 create mode 100644 results/nette_baseline_ipc50/dataset_2/n03425413/4.png
 create mode 100644 results/nette_baseline_ipc50/dataset_2/n03425413/40.png
 create mode 100644 results/nette_baseline_ipc50/dataset_2/n03425413/41.png
 create mode 100644 results/nette_baseline_ipc50/dataset_2/n03425413/42.png
 create mode 100644 results/nette_baseline_ipc50/dataset_2/n03425413/43.png
 create mode 100644 results/nette_baseline_ipc50/dataset_2/n03425413/44.png
 create mode 100644 results/nette_baseline_ipc50/dataset_2/n03425413/45.png
 create mode 100644 results/nette_baseline_ipc50/dataset_2/n03425413/46.png
 create mode 100644 results/nette_baseline_ipc50/dataset_2/n03425413/47.png
 create mode 100644 results/nette_baseline_ipc50/dataset_2/n03425413/48.png
 create mode 100644 results/nette_baseline_ipc50/dataset_2/n03425413/49.png
 create mode 100644 results/nette_baseline_ipc50/dataset_2/n03425413/5.png
 create mode 100644 results/nette_baseline_ipc50/dataset_2/n03425413/6.png
 create mode 100644 results/nette_baseline_ipc50/dataset_2/n03425413/7.png
 create mode 100644 results/nette_baseline_ipc50/dataset_2/n03425413/8.png
 create mode 100644 results/nette_baseline_ipc50/dataset_2/n03425413/9.png
 create mode 100644 results/nette_baseline_ipc50/dataset_2/n03445777/0.png
 create mode 100644 results/nette_baseline_ipc50/dataset_2/n03445777/1.png
 create mode 100644 results/nette_baseline_ipc50/dataset_2/n03445777/10.png
 create mode 100644 results/nette_baseline_ipc50/dataset_2/n03445777/11.png
 create mode 100644 results/nette_baseline_ipc50/dataset_2/n03445777/12.png
 create mode 100644 results/nette_baseline_ipc50/dataset_2/n03445777/13.png
 create mode 100644 results/nette_baseline_ipc50/dataset_2/n03445777/14.png
 create mode 100644 results/nette_baseline_ipc50/dataset_2/n03445777/15.png
 create mode 100644 results/nette_baseline_ipc50/dataset_2/n03445777/16.png
 create mode 100644 results/nette_baseline_ipc50/dataset_2/n03445777/17.png
 create mode 100644 results/nette_baseline_ipc50/dataset_2/n03445777/18.png
 create mode 100644 results/nette_baseline_ipc50/dataset_2/n03445777/19.png
 create mode 100644 results/nette_baseline_ipc50/dataset_2/n03445777/2.png
 create mode 100644 results/nette_baseline_ipc50/dataset_2/n03445777/20.png
 create mode 100644 results/nette_baseline_ipc50/dataset_2/n03445777/21.png
 create mode 100644 results/nette_baseline_ipc50/dataset_2/n03445777/22.png
 create mode 100644 results/nette_baseline_ipc50/dataset_2/n03445777/23.png
 create mode 100644 results/nette_baseline_ipc50/dataset_2/n03445777/24.png
 create mode 100644 results/nette_baseline_ipc50/dataset_2/n03445777/25.png
 create mode 100644 results/nette_baseline_ipc50/dataset_2/n03445777/26.png
 create mode 100644 results/nette_baseline_ipc50/dataset_2/n03445777/27.png
 create mode 100644 results/nette_baseline_ipc50/dataset_2/n03445777/28.png
 create mode 100644 results/nette_baseline_ipc50/dataset_2/n03445777/29.png
 create mode 100644 results/nette_baseline_ipc50/dataset_2/n03445777/3.png
 create mode 100644 results/nette_baseline_ipc50/dataset_2/n03445777/30.png
 create mode 100644 results/nette_baseline_ipc50/dataset_2/n03445777/31.png
 create mode 100644 results/nette_baseline_ipc50/dataset_2/n03445777/32.png
 create mode 100644 results/nette_baseline_ipc50/dataset_2/n03445777/33.png
 create mode 100644 results/nette_baseline_ipc50/dataset_2/n03445777/34.png
 create mode 100644 results/nette_baseline_ipc50/dataset_2/n03445777/35.png
 create mode 100644 results/nette_baseline_ipc50/dataset_2/n03445777/36.png
 create mode 100644 results/nette_baseline_ipc50/dataset_2/n03445777/37.png
 create mode 100644 results/nette_baseline_ipc50/dataset_2/n03445777/38.png
 create mode 100644 results/nette_baseline_ipc50/dataset_2/n03445777/39.png
 create mode 100644 results/nette_baseline_ipc50/dataset_2/n03445777/4.png
 create mode 100644 results/nette_baseline_ipc50/dataset_2/n03445777/40.png
 create mode 100644 results/nette_baseline_ipc50/dataset_2/n03445777/41.png
 create mode 100644 results/nette_baseline_ipc50/dataset_2/n03445777/42.png
 create mode 100644 results/nette_baseline_ipc50/dataset_2/n03445777/43.png
 create mode 100644 results/nette_baseline_ipc50/dataset_2/n03445777/44.png
 create mode 100644 results/nette_baseline_ipc50/dataset_2/n03445777/45.png
 create mode 100644 results/nette_baseline_ipc50/dataset_2/n03445777/46.png
 create mode 100644 results/nette_baseline_ipc50/dataset_2/n03445777/47.png
 create mode 100644 results/nette_baseline_ipc50/dataset_2/n03445777/48.png
 create mode 100644 results/nette_baseline_ipc50/dataset_2/n03445777/49.png
 create mode 100644 results/nette_baseline_ipc50/dataset_2/n03445777/5.png
 create mode 100644 results/nette_baseline_ipc50/dataset_2/n03445777/6.png
 create mode 100644 results/nette_baseline_ipc50/dataset_2/n03445777/7.png
 create mode 100644 results/nette_baseline_ipc50/dataset_2/n03445777/8.png
 create mode 100644 results/nette_baseline_ipc50/dataset_2/n03445777/9.png
 create mode 100644 results/nette_baseline_ipc50/dataset_2/n03888257/0.png
 create mode 100644 results/nette_baseline_ipc50/dataset_2/n03888257/1.png
 create mode 100644 results/nette_baseline_ipc50/dataset_2/n03888257/10.png
 create mode 100644 results/nette_baseline_ipc50/dataset_2/n03888257/11.png
 create mode 100644 results/nette_baseline_ipc50/dataset_2/n03888257/12.png
 create mode 100644 results/nette_baseline_ipc50/dataset_2/n03888257/13.png
 create mode 100644 results/nette_baseline_ipc50/dataset_2/n03888257/14.png
 create mode 100644 results/nette_baseline_ipc50/dataset_2/n03888257/15.png
 create mode 100644 results/nette_baseline_ipc50/dataset_2/n03888257/16.png
 create mode 100644 results/nette_baseline_ipc50/dataset_2/n03888257/17.png
 create mode 100644 results/nette_baseline_ipc50/dataset_2/n03888257/18.png
 create mode 100644 results/nette_baseline_ipc50/dataset_2/n03888257/19.png
 create mode 100644 results/nette_baseline_ipc50/dataset_2/n03888257/2.png
 create mode 100644 results/nette_baseline_ipc50/dataset_2/n03888257/20.png
 create mode 100644 results/nette_baseline_ipc50/dataset_2/n03888257/21.png
 create mode 100644 results/nette_baseline_ipc50/dataset_2/n03888257/22.png
 create mode 100644 results/nette_baseline_ipc50/dataset_2/n03888257/23.png
 create mode 100644 results/nette_baseline_ipc50/dataset_2/n03888257/24.png
 create mode 100644 results/nette_baseline_ipc50/dataset_2/n03888257/25.png
 create mode 100644 results/nette_baseline_ipc50/dataset_2/n03888257/26.png
 create mode 100644 results/nette_baseline_ipc50/dataset_2/n03888257/27.png
 create mode 100644 results/nette_baseline_ipc50/dataset_2/n03888257/28.png
 create mode 100644 results/nette_baseline_ipc50/dataset_2/n03888257/29.png
 create mode 100644 results/nette_baseline_ipc50/dataset_2/n03888257/3.png
 create mode 100644 results/nette_baseline_ipc50/dataset_2/n03888257/30.png
 create mode 100644 results/nette_baseline_ipc50/dataset_2/n03888257/31.png
 create mode 100644 results/nette_baseline_ipc50/dataset_2/n03888257/32.png
 create mode 100644 results/nette_baseline_ipc50/dataset_2/n03888257/33.png
 create mode 100644 results/nette_baseline_ipc50/dataset_2/n03888257/34.png
 create mode 100644 results/nette_baseline_ipc50/dataset_2/n03888257/35.png
 create mode 100644 results/nette_baseline_ipc50/dataset_2/n03888257/36.png
 create mode 100644 results/nette_baseline_ipc50/dataset_2/n03888257/37.png
 create mode 100644 results/nette_baseline_ipc50/dataset_2/n03888257/38.png
 create mode 100644 results/nette_baseline_ipc50/dataset_2/n03888257/39.png
 create mode 100644 results/nette_baseline_ipc50/dataset_2/n03888257/4.png
 create mode 100644 results/nette_baseline_ipc50/dataset_2/n03888257/40.png
 create mode 100644 results/nette_baseline_ipc50/dataset_2/n03888257/41.png
 create mode 100644 results/nette_baseline_ipc50/dataset_2/n03888257/42.png
 create mode 100644 results/nette_baseline_ipc50/dataset_2/n03888257/43.png
 create mode 100644 results/nette_baseline_ipc50/dataset_2/n03888257/44.png
 create mode 100644 results/nette_baseline_ipc50/dataset_2/n03888257/45.png
 create mode 100644 results/nette_baseline_ipc50/dataset_2/n03888257/46.png
 create mode 100644 results/nette_baseline_ipc50/dataset_2/n03888257/47.png
 create mode 100644 results/nette_baseline_ipc50/dataset_2/n03888257/48.png
 create mode 100644 results/nette_baseline_ipc50/dataset_2/n03888257/49.png
 create mode 100644 results/nette_baseline_ipc50/dataset_2/n03888257/5.png
 create mode 100644 results/nette_baseline_ipc50/dataset_2/n03888257/6.png
 create mode 100644 results/nette_baseline_ipc50/dataset_2/n03888257/7.png
 create mode 100644 results/nette_baseline_ipc50/dataset_2/n03888257/8.png
 create mode 100644 results/nette_baseline_ipc50/dataset_2/n03888257/9.png
 create mode 100644 results/nette_baseline_ipc50/experiment_config.json
 create mode 100644 results/nette_cags_iast_ipc10/ags_config.pkl
 create mode 100644 results/nette_cags_iast_ipc10/dataset_0/n01440764/0.png
 create mode 100644 results/nette_cags_iast_ipc10/dataset_0/n01440764/1.png
 create mode 100644 results/nette_cags_iast_ipc10/dataset_0/n01440764/2.png
 create mode 100644 results/nette_cags_iast_ipc10/dataset_0/n01440764/3.png
 create mode 100644 results/nette_cags_iast_ipc10/dataset_0/n01440764/4.png
 create mode 100644 results/nette_cags_iast_ipc10/dataset_0/n01440764/5.png
 create mode 100644 results/nette_cags_iast_ipc10/dataset_0/n01440764/6.png
 create mode 100644 results/nette_cags_iast_ipc10/dataset_0/n01440764/7.png
 create mode 100644 results/nette_cags_iast_ipc10/dataset_0/n01440764/8.png
 create mode 100644 results/nette_cags_iast_ipc10/dataset_0/n01440764/9.png
 create mode 100644 results/nette_cags_iast_ipc10/dataset_0/n02102040/0.png
 create mode 100644 results/nette_cags_iast_ipc10/dataset_0/n02102040/1.png
 create mode 100644 results/nette_cags_iast_ipc10/dataset_0/n02102040/2.png
 create mode 100644 results/nette_cags_iast_ipc10/dataset_0/n02102040/3.png
 create mode 100644 results/nette_cags_iast_ipc10/dataset_0/n02102040/4.png
 create mode 100644 results/nette_cags_iast_ipc10/dataset_0/n02102040/5.png
 create mode 100644 results/nette_cags_iast_ipc10/dataset_0/n02102040/6.png
 create mode 100644 results/nette_cags_iast_ipc10/dataset_0/n02102040/7.png
 create mode 100644 results/nette_cags_iast_ipc10/dataset_0/n02102040/8.png
 create mode 100644 results/nette_cags_iast_ipc10/dataset_0/n02102040/9.png
 create mode 100644 results/nette_cags_iast_ipc10/dataset_0/n02979186/0.png
 create mode 100644 results/nette_cags_iast_ipc10/dataset_0/n02979186/1.png
 create mode 100644 results/nette_cags_iast_ipc10/dataset_0/n02979186/2.png
 create mode 100644 results/nette_cags_iast_ipc10/dataset_0/n02979186/3.png
 create mode 100644 results/nette_cags_iast_ipc10/dataset_0/n02979186/4.png
 create mode 100644 results/nette_cags_iast_ipc10/dataset_0/n02979186/5.png
 create mode 100644 results/nette_cags_iast_ipc10/dataset_0/n02979186/6.png
 create mode 100644 results/nette_cags_iast_ipc10/dataset_0/n02979186/7.png
 create mode 100644 results/nette_cags_iast_ipc10/dataset_0/n02979186/8.png
 create mode 100644 results/nette_cags_iast_ipc10/dataset_0/n02979186/9.png
 create mode 100644 results/nette_cags_iast_ipc10/dataset_0/n03000684/0.png
 create mode 100644 results/nette_cags_iast_ipc10/dataset_0/n03000684/1.png
 create mode 100644 results/nette_cags_iast_ipc10/dataset_0/n03000684/2.png
 create mode 100644 results/nette_cags_iast_ipc10/dataset_0/n03000684/3.png
 create mode 100644 results/nette_cags_iast_ipc10/dataset_0/n03000684/4.png
 create mode 100644 results/nette_cags_iast_ipc10/dataset_0/n03000684/5.png
 create mode 100644 results/nette_cags_iast_ipc10/dataset_0/n03000684/6.png
 create mode 100644 results/nette_cags_iast_ipc10/dataset_0/n03000684/7.png
 create mode 100644 results/nette_cags_iast_ipc10/dataset_0/n03000684/8.png
 create mode 100644 results/nette_cags_iast_ipc10/dataset_0/n03000684/9.png
 create mode 100644 results/nette_cags_iast_ipc10/dataset_0/n03028079/0.png
 create mode 100644 results/nette_cags_iast_ipc10/dataset_0/n03028079/1.png
 create mode 100644 results/nette_cags_iast_ipc10/dataset_0/n03028079/2.png
 create mode 100644 results/nette_cags_iast_ipc10/dataset_0/n03028079/3.png
 create mode 100644 results/nette_cags_iast_ipc10/dataset_0/n03028079/4.png
 create mode 100644 results/nette_cags_iast_ipc10/dataset_0/n03028079/5.png
 create mode 100644 results/nette_cags_iast_ipc10/dataset_0/n03028079/6.png
 create mode 100644 results/nette_cags_iast_ipc10/dataset_0/n03028079/7.png
 create mode 100644 results/nette_cags_iast_ipc10/dataset_0/n03028079/8.png
 create mode 100644 results/nette_cags_iast_ipc10/dataset_0/n03028079/9.png
 create mode 100644 results/nette_cags_iast_ipc10/dataset_0/n03394916/0.png
 create mode 100644 results/nette_cags_iast_ipc10/dataset_0/n03394916/1.png
 create mode 100644 results/nette_cags_iast_ipc10/dataset_0/n03394916/2.png
 create mode 100644 results/nette_cags_iast_ipc10/dataset_0/n03394916/3.png
 create mode 100644 results/nette_cags_iast_ipc10/dataset_0/n03394916/4.png
 create mode 100644 results/nette_cags_iast_ipc10/dataset_0/n03394916/5.png
 create mode 100644 results/nette_cags_iast_ipc10/dataset_0/n03394916/6.png
 create mode 100644 results/nette_cags_iast_ipc10/dataset_0/n03394916/7.png
 create mode 100644 results/nette_cags_iast_ipc10/dataset_0/n03394916/8.png
 create mode 100644 results/nette_cags_iast_ipc10/dataset_0/n03394916/9.png
 create mode 100644 results/nette_cags_iast_ipc10/dataset_0/n03417042/0.png
 create mode 100644 results/nette_cags_iast_ipc10/dataset_0/n03417042/1.png
 create mode 100644 results/nette_cags_iast_ipc10/dataset_0/n03417042/2.png
 create mode 100644 results/nette_cags_iast_ipc10/dataset_0/n03417042/3.png
 create mode 100644 results/nette_cags_iast_ipc10/dataset_0/n03417042/4.png
 create mode 100644 results/nette_cags_iast_ipc10/dataset_0/n03417042/5.png
 create mode 100644 results/nette_cags_iast_ipc10/dataset_0/n03417042/6.png
 create mode 100644 results/nette_cags_iast_ipc10/dataset_0/n03417042/7.png
 create mode 100644 results/nette_cags_iast_ipc10/dataset_0/n03417042/8.png
 create mode 100644 results/nette_cags_iast_ipc10/dataset_0/n03417042/9.png
 create mode 100644 results/nette_cags_iast_ipc10/dataset_0/n03425413/0.png
 create mode 100644 results/nette_cags_iast_ipc10/dataset_0/n03425413/1.png
 create mode 100644 results/nette_cags_iast_ipc10/dataset_0/n03425413/2.png
 create mode 100644 results/nette_cags_iast_ipc10/dataset_0/n03425413/3.png
 create mode 100644 results/nette_cags_iast_ipc10/dataset_0/n03425413/4.png
 create mode 100644 results/nette_cags_iast_ipc10/dataset_0/n03425413/5.png
 create mode 100644 results/nette_cags_iast_ipc10/dataset_0/n03425413/6.png
 create mode 100644 results/nette_cags_iast_ipc10/dataset_0/n03425413/7.png
 create mode 100644 results/nette_cags_iast_ipc10/dataset_0/n03425413/8.png
 create mode 100644 results/nette_cags_iast_ipc10/dataset_0/n03425413/9.png
 create mode 100644 results/nette_cags_iast_ipc10/dataset_0/n03445777/0.png
 create mode 100644 results/nette_cags_iast_ipc10/dataset_0/n03445777/1.png
 create mode 100644 results/nette_cags_iast_ipc10/dataset_0/n03445777/2.png
 create mode 100644 results/nette_cags_iast_ipc10/dataset_0/n03445777/3.png
 create mode 100644 results/nette_cags_iast_ipc10/dataset_0/n03445777/4.png
 create mode 100644 results/nette_cags_iast_ipc10/dataset_0/n03445777/5.png
 create mode 100644 results/nette_cags_iast_ipc10/dataset_0/n03445777/6.png
 create mode 100644 results/nette_cags_iast_ipc10/dataset_0/n03445777/7.png
 create mode 100644 results/nette_cags_iast_ipc10/dataset_0/n03445777/8.png
 create mode 100644 results/nette_cags_iast_ipc10/dataset_0/n03445777/9.png
 create mode 100644 results/nette_cags_iast_ipc10/dataset_0/n03888257/0.png
 create mode 100644 results/nette_cags_iast_ipc10/dataset_0/n03888257/1.png
 create mode 100644 results/nette_cags_iast_ipc10/dataset_0/n03888257/2.png
 create mode 100644 results/nette_cags_iast_ipc10/dataset_0/n03888257/3.png
 create mode 100644 results/nette_cags_iast_ipc10/dataset_0/n03888257/4.png
 create mode 100644 results/nette_cags_iast_ipc10/dataset_0/n03888257/5.png
 create mode 100644 results/nette_cags_iast_ipc10/dataset_0/n03888257/6.png
 create mode 100644 results/nette_cags_iast_ipc10/dataset_0/n03888257/7.png
 create mode 100644 results/nette_cags_iast_ipc10/dataset_0/n03888257/8.png
 create mode 100644 results/nette_cags_iast_ipc10/dataset_0/n03888257/9.png
 create mode 100644 results/nette_cags_iast_ipc10/experiment_config.json
 create mode 100644 results/nette_cags_only_ipc10/ags_config.pkl
 create mode 100644 results/nette_cags_only_ipc10/dataset_0/n01440764/0.png
 create mode 100644 results/nette_cags_only_ipc10/dataset_0/n01440764/1.png
 create mode 100644 results/nette_cags_only_ipc10/dataset_0/n01440764/2.png
 create mode 100644 results/nette_cags_only_ipc10/dataset_0/n01440764/3.png
 create mode 100644 results/nette_cags_only_ipc10/dataset_0/n01440764/4.png
 create mode 100644 results/nette_cags_only_ipc10/dataset_0/n01440764/5.png
 create mode 100644 results/nette_cags_only_ipc10/dataset_0/n01440764/6.png
 create mode 100644 results/nette_cags_only_ipc10/dataset_0/n01440764/7.png
 create mode 100644 results/nette_cags_only_ipc10/dataset_0/n01440764/8.png
 create mode 100644 results/nette_cags_only_ipc10/dataset_0/n01440764/9.png
 create mode 100644 results/nette_cags_only_ipc10/dataset_0/n02102040/0.png
 create mode 100644 results/nette_cags_only_ipc10/dataset_0/n02102040/1.png
 create mode 100644 results/nette_cags_only_ipc10/dataset_0/n02102040/2.png
 create mode 100644 results/nette_cags_only_ipc10/dataset_0/n02102040/3.png
 create mode 100644 results/nette_cags_only_ipc10/dataset_0/n02102040/4.png
 create mode 100644 results/nette_cags_only_ipc10/dataset_0/n02102040/5.png
 create mode 100644 results/nette_cags_only_ipc10/dataset_0/n02102040/6.png
 create mode 100644 results/nette_cags_only_ipc10/dataset_0/n02102040/7.png
 create mode 100644 results/nette_cags_only_ipc10/dataset_0/n02102040/8.png
 create mode 100644 results/nette_cags_only_ipc10/dataset_0/n02102040/9.png
 create mode 100644 results/nette_cags_only_ipc10/dataset_0/n02979186/0.png
 create mode 100644 results/nette_cags_only_ipc10/dataset_0/n02979186/1.png
 create mode 100644 results/nette_cags_only_ipc10/dataset_0/n02979186/2.png
 create mode 100644 results/nette_cags_only_ipc10/dataset_0/n02979186/3.png
 create mode 100644 results/nette_cags_only_ipc10/dataset_0/n02979186/4.png
 create mode 100644 results/nette_cags_only_ipc10/dataset_0/n02979186/5.png
 create mode 100644 results/nette_cags_only_ipc10/dataset_0/n02979186/6.png
 create mode 100644 results/nette_cags_only_ipc10/dataset_0/n02979186/7.png
 create mode 100644 results/nette_cags_only_ipc10/dataset_0/n02979186/8.png
 create mode 100644 results/nette_cags_only_ipc10/dataset_0/n02979186/9.png
 create mode 100644 results/nette_cags_only_ipc10/dataset_0/n03000684/0.png
 create mode 100644 results/nette_cags_only_ipc10/dataset_0/n03000684/1.png
 create mode 100644 results/nette_cags_only_ipc10/dataset_0/n03000684/2.png
 create mode 100644 results/nette_cags_only_ipc10/dataset_0/n03000684/3.png
 create mode 100644 results/nette_cags_only_ipc10/dataset_0/n03000684/4.png
 create mode 100644 results/nette_cags_only_ipc10/dataset_0/n03000684/5.png
 create mode 100644 results/nette_cags_only_ipc10/dataset_0/n03000684/6.png
 create mode 100644 results/nette_cags_only_ipc10/dataset_0/n03000684/7.png
 create mode 100644 results/nette_cags_only_ipc10/dataset_0/n03000684/8.png
 create mode 100644 results/nette_cags_only_ipc10/dataset_0/n03000684/9.png
 create mode 100644 results/nette_cags_only_ipc10/dataset_0/n03028079/0.png
 create mode 100644 results/nette_cags_only_ipc10/dataset_0/n03028079/1.png
 create mode 100644 results/nette_cags_only_ipc10/dataset_0/n03028079/2.png
 create mode 100644 results/nette_cags_only_ipc10/dataset_0/n03028079/3.png
 create mode 100644 results/nette_cags_only_ipc10/dataset_0/n03028079/4.png
 create mode 100644 results/nette_cags_only_ipc10/dataset_0/n03028079/5.png
 create mode 100644 results/nette_cags_only_ipc10/dataset_0/n03028079/6.png
 create mode 100644 results/nette_cags_only_ipc10/dataset_0/n03028079/7.png
 create mode 100644 results/nette_cags_only_ipc10/dataset_0/n03028079/8.png
 create mode 100644 results/nette_cags_only_ipc10/dataset_0/n03028079/9.png
 create mode 100644 results/nette_cags_only_ipc10/dataset_0/n03394916/0.png
 create mode 100644 results/nette_cags_only_ipc10/dataset_0/n03394916/1.png
 create mode 100644 results/nette_cags_only_ipc10/dataset_0/n03394916/2.png
 create mode 100644 results/nette_cags_only_ipc10/dataset_0/n03394916/3.png
 create mode 100644 results/nette_cags_only_ipc10/dataset_0/n03394916/4.png
 create mode 100644 results/nette_cags_only_ipc10/dataset_0/n03394916/5.png
 create mode 100644 results/nette_cags_only_ipc10/dataset_0/n03394916/6.png
 create mode 100644 results/nette_cags_only_ipc10/dataset_0/n03394916/7.png
 create mode 100644 results/nette_cags_only_ipc10/dataset_0/n03394916/8.png
 create mode 100644 results/nette_cags_only_ipc10/dataset_0/n03394916/9.png
 create mode 100644 results/nette_cags_only_ipc10/dataset_0/n03417042/0.png
 create mode 100644 results/nette_cags_only_ipc10/dataset_0/n03417042/1.png
 create mode 100644 results/nette_cags_only_ipc10/dataset_0/n03417042/2.png
 create mode 100644 results/nette_cags_only_ipc10/dataset_0/n03417042/3.png
 create mode 100644 results/nette_cags_only_ipc10/dataset_0/n03417042/4.png
 create mode 100644 results/nette_cags_only_ipc10/dataset_0/n03417042/5.png
 create mode 100644 results/nette_cags_only_ipc10/dataset_0/n03417042/6.png
 create mode 100644 results/nette_cags_only_ipc10/dataset_0/n03417042/7.png
 create mode 100644 results/nette_cags_only_ipc10/dataset_0/n03417042/8.png
 create mode 100644 results/nette_cags_only_ipc10/dataset_0/n03417042/9.png
 create mode 100644 results/nette_cags_only_ipc10/dataset_0/n03425413/0.png
 create mode 100644 results/nette_cags_only_ipc10/dataset_0/n03425413/1.png
 create mode 100644 results/nette_cags_only_ipc10/dataset_0/n03425413/2.png
 create mode 100644 results/nette_cags_only_ipc10/dataset_0/n03425413/3.png
 create mode 100644 results/nette_cags_only_ipc10/dataset_0/n03425413/4.png
 create mode 100644 results/nette_cags_only_ipc10/dataset_0/n03425413/5.png
 create mode 100644 results/nette_cags_only_ipc10/dataset_0/n03425413/6.png
 create mode 100644 results/nette_cags_only_ipc10/dataset_0/n03425413/7.png
 create mode 100644 results/nette_cags_only_ipc10/dataset_0/n03425413/8.png
 create mode 100644 results/nette_cags_only_ipc10/dataset_0/n03425413/9.png
 create mode 100644 results/nette_cags_only_ipc10/dataset_0/n03445777/0.png
 create mode 100644 results/nette_cags_only_ipc10/dataset_0/n03445777/1.png
 create mode 100644 results/nette_cags_only_ipc10/dataset_0/n03445777/2.png
 create mode 100644 results/nette_cags_only_ipc10/dataset_0/n03445777/3.png
 create mode 100644 results/nette_cags_only_ipc10/dataset_0/n03445777/4.png
 create mode 100644 results/nette_cags_only_ipc10/dataset_0/n03445777/5.png
 create mode 100644 results/nette_cags_only_ipc10/dataset_0/n03445777/6.png
 create mode 100644 results/nette_cags_only_ipc10/dataset_0/n03445777/7.png
 create mode 100644 results/nette_cags_only_ipc10/dataset_0/n03445777/8.png
 create mode 100644 results/nette_cags_only_ipc10/dataset_0/n03445777/9.png
 create mode 100644 results/nette_cags_only_ipc10/dataset_0/n03888257/0.png
 create mode 100644 results/nette_cags_only_ipc10/dataset_0/n03888257/1.png
 create mode 100644 results/nette_cags_only_ipc10/dataset_0/n03888257/2.png
 create mode 100644 results/nette_cags_only_ipc10/dataset_0/n03888257/3.png
 create mode 100644 results/nette_cags_only_ipc10/dataset_0/n03888257/4.png
 create mode 100644 results/nette_cags_only_ipc10/dataset_0/n03888257/5.png
 create mode 100644 results/nette_cags_only_ipc10/dataset_0/n03888257/6.png
 create mode 100644 results/nette_cags_only_ipc10/dataset_0/n03888257/7.png
 create mode 100644 results/nette_cags_only_ipc10/dataset_0/n03888257/8.png
 create mode 100644 results/nette_cags_only_ipc10/dataset_0/n03888257/9.png
 create mode 100644 results/nette_cags_only_ipc10/experiment_config.json
 create mode 100644 results/nette_cags_tags_ipc10/ags_config.pkl
 create mode 100644 results/nette_cags_tags_ipc10/dataset_0/n01440764/0.png
 create mode 100644 results/nette_cags_tags_ipc10/dataset_0/n01440764/1.png
 create mode 100644 results/nette_cags_tags_ipc10/dataset_0/n01440764/2.png
 create mode 100644 results/nette_cags_tags_ipc10/dataset_0/n01440764/3.png
 create mode 100644 results/nette_cags_tags_ipc10/dataset_0/n01440764/4.png
 create mode 100644 results/nette_cags_tags_ipc10/dataset_0/n01440764/5.png
 create mode 100644 results/nette_cags_tags_ipc10/dataset_0/n01440764/6.png
 create mode 100644 results/nette_cags_tags_ipc10/dataset_0/n01440764/7.png
 create mode 100644 results/nette_cags_tags_ipc10/dataset_0/n01440764/8.png
 create mode 100644 results/nette_cags_tags_ipc10/dataset_0/n01440764/9.png
 create mode 100644 results/nette_cags_tags_ipc10/dataset_0/n02102040/0.png
 create mode 100644 results/nette_cags_tags_ipc10/dataset_0/n02102040/1.png
 create mode 100644 results/nette_cags_tags_ipc10/dataset_0/n02102040/2.png
 create mode 100644 results/nette_cags_tags_ipc10/dataset_0/n02102040/3.png
 create mode 100644 results/nette_cags_tags_ipc10/dataset_0/n02102040/4.png
 create mode 100644 results/nette_cags_tags_ipc10/dataset_0/n02102040/5.png
 create mode 100644 results/nette_cags_tags_ipc10/dataset_0/n02102040/6.png
 create mode 100644 results/nette_cags_tags_ipc10/dataset_0/n02102040/7.png
 create mode 100644 results/nette_cags_tags_ipc10/dataset_0/n02102040/8.png
 create mode 100644 results/nette_cags_tags_ipc10/dataset_0/n02102040/9.png
 create mode 100644 results/nette_cags_tags_ipc10/dataset_0/n02979186/0.png
 create mode 100644 results/nette_cags_tags_ipc10/dataset_0/n02979186/1.png
 create mode 100644 results/nette_cags_tags_ipc10/dataset_0/n02979186/2.png
 create mode 100644 results/nette_cags_tags_ipc10/dataset_0/n02979186/3.png
 create mode 100644 results/nette_cags_tags_ipc10/dataset_0/n02979186/4.png
 create mode 100644 results/nette_cags_tags_ipc10/dataset_0/n02979186/5.png
 create mode 100644 results/nette_cags_tags_ipc10/dataset_0/n02979186/6.png
 create mode 100644 results/nette_cags_tags_ipc10/dataset_0/n02979186/7.png
 create mode 100644 results/nette_cags_tags_ipc10/dataset_0/n02979186/8.png
 create mode 100644 results/nette_cags_tags_ipc10/dataset_0/n02979186/9.png
 create mode 100644 results/nette_cags_tags_ipc10/dataset_0/n03000684/0.png
 create mode 100644 results/nette_cags_tags_ipc10/dataset_0/n03000684/1.png
 create mode 100644 results/nette_cags_tags_ipc10/dataset_0/n03000684/2.png
 create mode 100644 results/nette_cags_tags_ipc10/dataset_0/n03000684/3.png
 create mode 100644 results/nette_cags_tags_ipc10/dataset_0/n03000684/4.png
 create mode 100644 results/nette_cags_tags_ipc10/dataset_0/n03000684/5.png
 create mode 100644 results/nette_cags_tags_ipc10/dataset_0/n03000684/6.png
 create mode 100644 results/nette_cags_tags_ipc10/dataset_0/n03000684/7.png
 create mode 100644 results/nette_cags_tags_ipc10/dataset_0/n03000684/8.png
 create mode 100644 results/nette_cags_tags_ipc10/dataset_0/n03000684/9.png
 create mode 100644 results/nette_cags_tags_ipc10/dataset_0/n03028079/0.png
 create mode 100644 results/nette_cags_tags_ipc10/dataset_0/n03028079/1.png
 create mode 100644 results/nette_cags_tags_ipc10/dataset_0/n03028079/2.png
 create mode 100644 results/nette_cags_tags_ipc10/dataset_0/n03028079/3.png
 create mode 100644 results/nette_cags_tags_ipc10/dataset_0/n03028079/4.png
 create mode 100644 results/nette_cags_tags_ipc10/dataset_0/n03028079/5.png
 create mode 100644 results/nette_cags_tags_ipc10/dataset_0/n03028079/6.png
 create mode 100644 results/nette_cags_tags_ipc10/dataset_0/n03028079/7.png
 create mode 100644 results/nette_cags_tags_ipc10/dataset_0/n03028079/8.png
 create mode 100644 results/nette_cags_tags_ipc10/dataset_0/n03028079/9.png
 create mode 100644 results/nette_cags_tags_ipc10/dataset_0/n03394916/0.png
 create mode 100644 results/nette_cags_tags_ipc10/dataset_0/n03394916/1.png
 create mode 100644 results/nette_cags_tags_ipc10/dataset_0/n03394916/2.png
 create mode 100644 results/nette_cags_tags_ipc10/dataset_0/n03394916/3.png
 create mode 100644 results/nette_cags_tags_ipc10/dataset_0/n03394916/4.png
 create mode 100644 results/nette_cags_tags_ipc10/dataset_0/n03394916/5.png
 create mode 100644 results/nette_cags_tags_ipc10/dataset_0/n03394916/6.png
 create mode 100644 results/nette_cags_tags_ipc10/dataset_0/n03394916/7.png
 create mode 100644 results/nette_cags_tags_ipc10/dataset_0/n03394916/8.png
 create mode 100644 results/nette_cags_tags_ipc10/dataset_0/n03394916/9.png
 create mode 100644 results/nette_cags_tags_ipc10/dataset_0/n03417042/0.png
 create mode 100644 results/nette_cags_tags_ipc10/dataset_0/n03417042/1.png
 create mode 100644 results/nette_cags_tags_ipc10/dataset_0/n03417042/2.png
 create mode 100644 results/nette_cags_tags_ipc10/dataset_0/n03417042/3.png
 create mode 100644 results/nette_cags_tags_ipc10/dataset_0/n03417042/4.png
 create mode 100644 results/nette_cags_tags_ipc10/dataset_0/n03417042/5.png
 create mode 100644 results/nette_cags_tags_ipc10/dataset_0/n03417042/6.png
 create mode 100644 results/nette_cags_tags_ipc10/dataset_0/n03417042/7.png
 create mode 100644 results/nette_cags_tags_ipc10/dataset_0/n03417042/8.png
 create mode 100644 results/nette_cags_tags_ipc10/dataset_0/n03417042/9.png
 create mode 100644 results/nette_cags_tags_ipc10/dataset_0/n03425413/0.png
 create mode 100644 results/nette_cags_tags_ipc10/dataset_0/n03425413/1.png
 create mode 100644 results/nette_cags_tags_ipc10/dataset_0/n03425413/2.png
 create mode 100644 results/nette_cags_tags_ipc10/dataset_0/n03425413/3.png
 create mode 100644 results/nette_cags_tags_ipc10/dataset_0/n03425413/4.png
 create mode 100644 results/nette_cags_tags_ipc10/dataset_0/n03425413/5.png
 create mode 100644 results/nette_cags_tags_ipc10/dataset_0/n03425413/6.png
 create mode 100644 results/nette_cags_tags_ipc10/dataset_0/n03425413/7.png
 create mode 100644 results/nette_cags_tags_ipc10/dataset_0/n03425413/8.png
 create mode 100644 results/nette_cags_tags_ipc10/dataset_0/n03425413/9.png
 create mode 100644 results/nette_cags_tags_ipc10/dataset_0/n03445777/0.png
 create mode 100644 results/nette_cags_tags_ipc10/dataset_0/n03445777/1.png
 create mode 100644 results/nette_cags_tags_ipc10/dataset_0/n03445777/2.png
 create mode 100644 results/nette_cags_tags_ipc10/dataset_0/n03445777/3.png
 create mode 100644 results/nette_cags_tags_ipc10/dataset_0/n03445777/4.png
 create mode 100644 results/nette_cags_tags_ipc10/dataset_0/n03445777/5.png
 create mode 100644 results/nette_cags_tags_ipc10/dataset_0/n03445777/6.png
 create mode 100644 results/nette_cags_tags_ipc10/dataset_0/n03445777/7.png
 create mode 100644 results/nette_cags_tags_ipc10/dataset_0/n03445777/8.png
 create mode 100644 results/nette_cags_tags_ipc10/dataset_0/n03445777/9.png
 create mode 100644 results/nette_cags_tags_ipc10/dataset_0/n03888257/0.png
 create mode 100644 results/nette_cags_tags_ipc10/dataset_0/n03888257/1.png
 create mode 100644 results/nette_cags_tags_ipc10/dataset_0/n03888257/2.png
 create mode 100644 results/nette_cags_tags_ipc10/dataset_0/n03888257/3.png
 create mode 100644 results/nette_cags_tags_ipc10/dataset_0/n03888257/4.png
 create mode 100644 results/nette_cags_tags_ipc10/dataset_0/n03888257/5.png
 create mode 100644 results/nette_cags_tags_ipc10/dataset_0/n03888257/6.png
 create mode 100644 results/nette_cags_tags_ipc10/dataset_0/n03888257/7.png
 create mode 100644 results/nette_cags_tags_ipc10/dataset_0/n03888257/8.png
 create mode 100644 results/nette_cags_tags_ipc10/dataset_0/n03888257/9.png
 create mode 100644 results/nette_cags_tags_ipc10/experiment_config.json
 create mode 100644 results/nette_cluster_cache.pkl
 create mode 100644 results/nette_iast_only_ipc10/ags_config.pkl
 create mode 100644 results/nette_iast_only_ipc10/dataset_0/n01440764/0.png
 create mode 100644 results/nette_iast_only_ipc10/dataset_0/n01440764/1.png
 create mode 100644 results/nette_iast_only_ipc10/dataset_0/n01440764/2.png
 create mode 100644 results/nette_iast_only_ipc10/dataset_0/n01440764/3.png
 create mode 100644 results/nette_iast_only_ipc10/dataset_0/n01440764/4.png
 create mode 100644 results/nette_iast_only_ipc10/dataset_0/n01440764/5.png
 create mode 100644 results/nette_iast_only_ipc10/dataset_0/n01440764/6.png
 create mode 100644 results/nette_iast_only_ipc10/dataset_0/n01440764/7.png
 create mode 100644 results/nette_iast_only_ipc10/dataset_0/n01440764/8.png
 create mode 100644 results/nette_iast_only_ipc10/dataset_0/n01440764/9.png
 create mode 100644 results/nette_iast_only_ipc10/dataset_0/n02102040/0.png
 create mode 100644 results/nette_iast_only_ipc10/dataset_0/n02102040/1.png
 create mode 100644 results/nette_iast_only_ipc10/dataset_0/n02102040/2.png
 create mode 100644 results/nette_iast_only_ipc10/dataset_0/n02102040/3.png
 create mode 100644 results/nette_iast_only_ipc10/dataset_0/n02102040/4.png
 create mode 100644 results/nette_iast_only_ipc10/dataset_0/n02102040/5.png
 create mode 100644 results/nette_iast_only_ipc10/dataset_0/n02102040/6.png
 create mode 100644 results/nette_iast_only_ipc10/dataset_0/n02102040/7.png
 create mode 100644 results/nette_iast_only_ipc10/dataset_0/n02102040/8.png
 create mode 100644 results/nette_iast_only_ipc10/dataset_0/n02102040/9.png
 create mode 100644 results/nette_iast_only_ipc10/dataset_0/n02979186/0.png
 create mode 100644 results/nette_iast_only_ipc10/dataset_0/n02979186/1.png
 create mode 100644 results/nette_iast_only_ipc10/dataset_0/n02979186/2.png
 create mode 100644 results/nette_iast_only_ipc10/dataset_0/n02979186/3.png
 create mode 100644 results/nette_iast_only_ipc10/dataset_0/n02979186/4.png
 create mode 100644 results/nette_iast_only_ipc10/dataset_0/n02979186/5.png
 create mode 100644 results/nette_iast_only_ipc10/dataset_0/n02979186/6.png
 create mode 100644 results/nette_iast_only_ipc10/dataset_0/n02979186/7.png
 create mode 100644 results/nette_iast_only_ipc10/dataset_0/n02979186/8.png
 create mode 100644 results/nette_iast_only_ipc10/dataset_0/n02979186/9.png
 create mode 100644 results/nette_iast_only_ipc10/dataset_0/n03000684/0.png
 create mode 100644 results/nette_iast_only_ipc10/dataset_0/n03000684/1.png
 create mode 100644 results/nette_iast_only_ipc10/dataset_0/n03000684/2.png
 create mode 100644 results/nette_iast_only_ipc10/dataset_0/n03000684/3.png
 create mode 100644 results/nette_iast_only_ipc10/dataset_0/n03000684/4.png
 create mode 100644 results/nette_iast_only_ipc10/dataset_0/n03000684/5.png
 create mode 100644 results/nette_iast_only_ipc10/dataset_0/n03000684/6.png
 create mode 100644 results/nette_iast_only_ipc10/dataset_0/n03000684/7.png
 create mode 100644 results/nette_iast_only_ipc10/dataset_0/n03000684/8.png
 create mode 100644 results/nette_iast_only_ipc10/dataset_0/n03000684/9.png
 create mode 100644 results/nette_iast_only_ipc10/dataset_0/n03028079/0.png
 create mode 100644 results/nette_iast_only_ipc10/dataset_0/n03028079/1.png
 create mode 100644 results/nette_iast_only_ipc10/dataset_0/n03028079/2.png
 create mode 100644 results/nette_iast_only_ipc10/dataset_0/n03028079/3.png
 create mode 100644 results/nette_iast_only_ipc10/dataset_0/n03028079/4.png
 create mode 100644 results/nette_iast_only_ipc10/dataset_0/n03028079/5.png
 create mode 100644 results/nette_iast_only_ipc10/dataset_0/n03028079/6.png
 create mode 100644 results/nette_iast_only_ipc10/dataset_0/n03028079/7.png
 create mode 100644 results/nette_iast_only_ipc10/dataset_0/n03028079/8.png
 create mode 100644 results/nette_iast_only_ipc10/dataset_0/n03028079/9.png
 create mode 100644 results/nette_iast_only_ipc10/dataset_0/n03394916/0.png
 create mode 100644 results/nette_iast_only_ipc10/dataset_0/n03394916/1.png
 create mode 100644 results/nette_iast_only_ipc10/dataset_0/n03394916/2.png
 create mode 100644 results/nette_iast_only_ipc10/dataset_0/n03394916/3.png
 create mode 100644 results/nette_iast_only_ipc10/dataset_0/n03394916/4.png
 create mode 100644 results/nette_iast_only_ipc10/dataset_0/n03394916/5.png
 create mode 100644 results/nette_iast_only_ipc10/dataset_0/n03394916/6.png
 create mode 100644 results/nette_iast_only_ipc10/dataset_0/n03394916/7.png
 create mode 100644 results/nette_iast_only_ipc10/dataset_0/n03394916/8.png
 create mode 100644 results/nette_iast_only_ipc10/dataset_0/n03394916/9.png
 create mode 100644 results/nette_iast_only_ipc10/dataset_0/n03417042/0.png
 create mode 100644 results/nette_iast_only_ipc10/dataset_0/n03417042/1.png
 create mode 100644 results/nette_iast_only_ipc10/dataset_0/n03417042/2.png
 create mode 100644 results/nette_iast_only_ipc10/dataset_0/n03417042/3.png
 create mode 100644 results/nette_iast_only_ipc10/dataset_0/n03417042/4.png
 create mode 100644 results/nette_iast_only_ipc10/dataset_0/n03417042/5.png
 create mode 100644 results/nette_iast_only_ipc10/dataset_0/n03417042/6.png
 create mode 100644 results/nette_iast_only_ipc10/dataset_0/n03417042/7.png
 create mode 100644 results/nette_iast_only_ipc10/dataset_0/n03417042/8.png
 create mode 100644 results/nette_iast_only_ipc10/dataset_0/n03417042/9.png
 create mode 100644 results/nette_iast_only_ipc10/dataset_0/n03425413/0.png
 create mode 100644 results/nette_iast_only_ipc10/dataset_0/n03425413/1.png
 create mode 100644 results/nette_iast_only_ipc10/dataset_0/n03425413/2.png
 create mode 100644 results/nette_iast_only_ipc10/dataset_0/n03425413/3.png
 create mode 100644 results/nette_iast_only_ipc10/dataset_0/n03425413/4.png
 create mode 100644 results/nette_iast_only_ipc10/dataset_0/n03425413/5.png
 create mode 100644 results/nette_iast_only_ipc10/dataset_0/n03425413/6.png
 create mode 100644 results/nette_iast_only_ipc10/dataset_0/n03425413/7.png
 create mode 100644 results/nette_iast_only_ipc10/dataset_0/n03425413/8.png
 create mode 100644 results/nette_iast_only_ipc10/dataset_0/n03425413/9.png
 create mode 100644 results/nette_iast_only_ipc10/dataset_0/n03445777/0.png
 create mode 100644 results/nette_iast_only_ipc10/dataset_0/n03445777/1.png
 create mode 100644 results/nette_iast_only_ipc10/dataset_0/n03445777/2.png
 create mode 100644 results/nette_iast_only_ipc10/dataset_0/n03445777/3.png
 create mode 100644 results/nette_iast_only_ipc10/dataset_0/n03445777/4.png
 create mode 100644 results/nette_iast_only_ipc10/dataset_0/n03445777/5.png
 create mode 100644 results/nette_iast_only_ipc10/dataset_0/n03445777/6.png
 create mode 100644 results/nette_iast_only_ipc10/dataset_0/n03445777/7.png
 create mode 100644 results/nette_iast_only_ipc10/dataset_0/n03445777/8.png
 create mode 100644 results/nette_iast_only_ipc10/dataset_0/n03445777/9.png
 create mode 100644 results/nette_iast_only_ipc10/dataset_0/n03888257/0.png
 create mode 100644 results/nette_iast_only_ipc10/dataset_0/n03888257/1.png
 create mode 100644 results/nette_iast_only_ipc10/dataset_0/n03888257/2.png
 create mode 100644 results/nette_iast_only_ipc10/dataset_0/n03888257/3.png
 create mode 100644 results/nette_iast_only_ipc10/dataset_0/n03888257/4.png
 create mode 100644 results/nette_iast_only_ipc10/dataset_0/n03888257/5.png
 create mode 100644 results/nette_iast_only_ipc10/dataset_0/n03888257/6.png
 create mode 100644 results/nette_iast_only_ipc10/dataset_0/n03888257/7.png
 create mode 100644 results/nette_iast_only_ipc10/dataset_0/n03888257/8.png
 create mode 100644 results/nette_iast_only_ipc10/dataset_0/n03888257/9.png
 create mode 100644 results/nette_iast_only_ipc10/experiment_config.json
 create mode 100644 results/nette_iast_tags_ipc10/ags_config.pkl
 create mode 100644 results/nette_iast_tags_ipc10/dataset_0/n01440764/0.png
 create mode 100644 results/nette_iast_tags_ipc10/dataset_0/n01440764/1.png
 create mode 100644 results/nette_iast_tags_ipc10/dataset_0/n01440764/2.png
 create mode 100644 results/nette_iast_tags_ipc10/dataset_0/n01440764/3.png
 create mode 100644 results/nette_iast_tags_ipc10/dataset_0/n01440764/4.png
 create mode 100644 results/nette_iast_tags_ipc10/dataset_0/n01440764/5.png
 create mode 100644 results/nette_iast_tags_ipc10/dataset_0/n01440764/6.png
 create mode 100644 results/nette_iast_tags_ipc10/dataset_0/n01440764/7.png
 create mode 100644 results/nette_iast_tags_ipc10/dataset_0/n01440764/8.png
 create mode 100644 results/nette_iast_tags_ipc10/dataset_0/n01440764/9.png
 create mode 100644 results/nette_iast_tags_ipc10/dataset_0/n02102040/0.png
 create mode 100644 results/nette_iast_tags_ipc10/dataset_0/n02102040/1.png
 create mode 100644 results/nette_iast_tags_ipc10/dataset_0/n02102040/2.png
 create mode 100644 results/nette_iast_tags_ipc10/dataset_0/n02102040/3.png
 create mode 100644 results/nette_iast_tags_ipc10/dataset_0/n02102040/4.png
 create mode 100644 results/nette_iast_tags_ipc10/dataset_0/n02102040/5.png
 create mode 100644 results/nette_iast_tags_ipc10/dataset_0/n02102040/6.png
 create mode 100644 results/nette_iast_tags_ipc10/dataset_0/n02102040/7.png
 create mode 100644 results/nette_iast_tags_ipc10/dataset_0/n02102040/8.png
 create mode 100644 results/nette_iast_tags_ipc10/dataset_0/n02102040/9.png
 create mode 100644 results/nette_iast_tags_ipc10/dataset_0/n02979186/0.png
 create mode 100644 results/nette_iast_tags_ipc10/dataset_0/n02979186/1.png
 create mode 100644 results/nette_iast_tags_ipc10/dataset_0/n02979186/2.png
 create mode 100644 results/nette_iast_tags_ipc10/dataset_0/n02979186/3.png
 create mode 100644 results/nette_iast_tags_ipc10/dataset_0/n02979186/4.png
 create mode 100644 results/nette_iast_tags_ipc10/dataset_0/n02979186/5.png
 create mode 100644 results/nette_iast_tags_ipc10/dataset_0/n02979186/6.png
 create mode 100644 results/nette_iast_tags_ipc10/dataset_0/n02979186/7.png
 create mode 100644 results/nette_iast_tags_ipc10/dataset_0/n02979186/8.png
 create mode 100644 results/nette_iast_tags_ipc10/dataset_0/n02979186/9.png
 create mode 100644 results/nette_iast_tags_ipc10/dataset_0/n03000684/0.png
 create mode 100644 results/nette_iast_tags_ipc10/dataset_0/n03000684/1.png
 create mode 100644 results/nette_iast_tags_ipc10/dataset_0/n03000684/2.png
 create mode 100644 results/nette_iast_tags_ipc10/dataset_0/n03000684/3.png
 create mode 100644 results/nette_iast_tags_ipc10/dataset_0/n03000684/4.png
 create mode 100644 results/nette_iast_tags_ipc10/dataset_0/n03000684/5.png
 create mode 100644 results/nette_iast_tags_ipc10/dataset_0/n03000684/6.png
 create mode 100644 results/nette_iast_tags_ipc10/dataset_0/n03000684/7.png
 create mode 100644 results/nette_iast_tags_ipc10/dataset_0/n03000684/8.png
 create mode 100644 results/nette_iast_tags_ipc10/dataset_0/n03000684/9.png
 create mode 100644 results/nette_iast_tags_ipc10/dataset_0/n03028079/0.png
 create mode 100644 results/nette_iast_tags_ipc10/dataset_0/n03028079/1.png
 create mode 100644 results/nette_iast_tags_ipc10/dataset_0/n03028079/2.png
 create mode 100644 results/nette_iast_tags_ipc10/dataset_0/n03028079/3.png
 create mode 100644 results/nette_iast_tags_ipc10/dataset_0/n03028079/4.png
 create mode 100644 results/nette_iast_tags_ipc10/dataset_0/n03028079/5.png
 create mode 100644 results/nette_iast_tags_ipc10/dataset_0/n03028079/6.png
 create mode 100644 results/nette_iast_tags_ipc10/dataset_0/n03028079/7.png
 create mode 100644 results/nette_iast_tags_ipc10/dataset_0/n03028079/8.png
 create mode 100644 results/nette_iast_tags_ipc10/dataset_0/n03028079/9.png
 create mode 100644 results/nette_iast_tags_ipc10/dataset_0/n03394916/0.png
 create mode 100644 results/nette_iast_tags_ipc10/dataset_0/n03394916/1.png
 create mode 100644 results/nette_iast_tags_ipc10/dataset_0/n03394916/2.png
 create mode 100644 results/nette_iast_tags_ipc10/dataset_0/n03394916/3.png
 create mode 100644 results/nette_iast_tags_ipc10/dataset_0/n03394916/4.png
 create mode 100644 results/nette_iast_tags_ipc10/dataset_0/n03394916/5.png
 create mode 100644 results/nette_iast_tags_ipc10/dataset_0/n03394916/6.png
 create mode 100644 results/nette_iast_tags_ipc10/dataset_0/n03394916/7.png
 create mode 100644 results/nette_iast_tags_ipc10/dataset_0/n03394916/8.png
 create mode 100644 results/nette_iast_tags_ipc10/dataset_0/n03394916/9.png
 create mode 100644 results/nette_iast_tags_ipc10/dataset_0/n03417042/0.png
 create mode 100644 results/nette_iast_tags_ipc10/dataset_0/n03417042/1.png
 create mode 100644 results/nette_iast_tags_ipc10/dataset_0/n03417042/2.png
 create mode 100644 results/nette_iast_tags_ipc10/dataset_0/n03417042/3.png
 create mode 100644 results/nette_iast_tags_ipc10/dataset_0/n03417042/4.png
 create mode 100644 results/nette_iast_tags_ipc10/dataset_0/n03417042/5.png
 create mode 100644 results/nette_iast_tags_ipc10/dataset_0/n03417042/6.png
 create mode 100644 results/nette_iast_tags_ipc10/dataset_0/n03417042/7.png
 create mode 100644 results/nette_iast_tags_ipc10/dataset_0/n03417042/8.png
 create mode 100644 results/nette_iast_tags_ipc10/dataset_0/n03417042/9.png
 create mode 100644 results/nette_iast_tags_ipc10/dataset_0/n03425413/0.png
 create mode 100644 results/nette_iast_tags_ipc10/dataset_0/n03425413/1.png
 create mode 100644 results/nette_iast_tags_ipc10/dataset_0/n03425413/2.png
 create mode 100644 results/nette_iast_tags_ipc10/dataset_0/n03425413/3.png
 create mode 100644 results/nette_iast_tags_ipc10/dataset_0/n03425413/4.png
 create mode 100644 results/nette_iast_tags_ipc10/dataset_0/n03425413/5.png
 create mode 100644 results/nette_iast_tags_ipc10/dataset_0/n03425413/6.png
 create mode 100644 results/nette_iast_tags_ipc10/dataset_0/n03425413/7.png
 create mode 100644 results/nette_iast_tags_ipc10/dataset_0/n03425413/8.png
 create mode 100644 results/nette_iast_tags_ipc10/dataset_0/n03425413/9.png
 create mode 100644 results/nette_iast_tags_ipc10/dataset_0/n03445777/0.png
 create mode 100644 results/nette_iast_tags_ipc10/dataset_0/n03445777/1.png
 create mode 100644 results/nette_iast_tags_ipc10/dataset_0/n03445777/2.png
 create mode 100644 results/nette_iast_tags_ipc10/dataset_0/n03445777/3.png
 create mode 100644 results/nette_iast_tags_ipc10/dataset_0/n03445777/4.png
 create mode 100644 results/nette_iast_tags_ipc10/dataset_0/n03445777/5.png
 create mode 100644 results/nette_iast_tags_ipc10/dataset_0/n03445777/6.png
 create mode 100644 results/nette_iast_tags_ipc10/dataset_0/n03445777/7.png
 create mode 100644 results/nette_iast_tags_ipc10/dataset_0/n03445777/8.png
 create mode 100644 results/nette_iast_tags_ipc10/dataset_0/n03445777/9.png
 create mode 100644 results/nette_iast_tags_ipc10/dataset_0/n03888257/0.png
 create mode 100644 results/nette_iast_tags_ipc10/dataset_0/n03888257/1.png
 create mode 100644 results/nette_iast_tags_ipc10/dataset_0/n03888257/2.png
 create mode 100644 results/nette_iast_tags_ipc10/dataset_0/n03888257/3.png
 create mode 100644 results/nette_iast_tags_ipc10/dataset_0/n03888257/4.png
 create mode 100644 results/nette_iast_tags_ipc10/dataset_0/n03888257/5.png
 create mode 100644 results/nette_iast_tags_ipc10/dataset_0/n03888257/6.png
 create mode 100644 results/nette_iast_tags_ipc10/dataset_0/n03888257/7.png
 create mode 100644 results/nette_iast_tags_ipc10/dataset_0/n03888257/8.png
 create mode 100644 results/nette_iast_tags_ipc10/dataset_0/n03888257/9.png
 create mode 100644 results/nette_iast_tags_ipc10/experiment_config.json
 create mode 100644 results/nette_tags_exp_ipc10/dataset_0/n01440764/0.png
 create mode 100644 results/nette_tags_exp_ipc10/dataset_0/n01440764/1.png
 create mode 100644 results/nette_tags_exp_ipc10/dataset_0/n01440764/2.png
 create mode 100644 results/nette_tags_exp_ipc10/dataset_0/n01440764/3.png
 create mode 100644 results/nette_tags_exp_ipc10/dataset_0/n01440764/4.png
 create mode 100644 results/nette_tags_exp_ipc10/dataset_0/n01440764/5.png
 create mode 100644 results/nette_tags_exp_ipc10/dataset_0/n01440764/6.png
 create mode 100644 results/nette_tags_exp_ipc10/dataset_0/n01440764/7.png
 create mode 100644 results/nette_tags_exp_ipc10/dataset_0/n01440764/8.png
 create mode 100644 results/nette_tags_exp_ipc10/dataset_0/n01440764/9.png
 create mode 100644 results/nette_tags_exp_ipc10/dataset_0/n02102040/0.png
 create mode 100644 results/nette_tags_exp_ipc10/dataset_0/n02102040/1.png
 create mode 100644 results/nette_tags_exp_ipc10/dataset_0/n02102040/2.png
 create mode 100644 results/nette_tags_exp_ipc10/dataset_0/n02102040/3.png
 create mode 100644 results/nette_tags_exp_ipc10/dataset_0/n02102040/4.png
 create mode 100644 results/nette_tags_exp_ipc10/dataset_0/n02102040/5.png
 create mode 100644 results/nette_tags_exp_ipc10/dataset_0/n02102040/6.png
 create mode 100644 results/nette_tags_exp_ipc10/dataset_0/n02102040/7.png
 create mode 100644 results/nette_tags_exp_ipc10/dataset_0/n02102040/8.png
 create mode 100644 results/nette_tags_exp_ipc10/dataset_0/n02102040/9.png
 create mode 100644 results/nette_tags_exp_ipc10/dataset_0/n02979186/0.png
 create mode 100644 results/nette_tags_exp_ipc10/dataset_0/n02979186/1.png
 create mode 100644 results/nette_tags_exp_ipc10/dataset_0/n02979186/2.png
 create mode 100644 results/nette_tags_exp_ipc10/dataset_0/n02979186/3.png
 create mode 100644 results/nette_tags_exp_ipc10/dataset_0/n02979186/4.png
 create mode 100644 results/nette_tags_exp_ipc10/dataset_0/n02979186/5.png
 create mode 100644 results/nette_tags_exp_ipc10/dataset_0/n02979186/6.png
 create mode 100644 results/nette_tags_exp_ipc10/dataset_0/n02979186/7.png
 create mode 100644 results/nette_tags_exp_ipc10/dataset_0/n02979186/8.png
 create mode 100644 results/nette_tags_exp_ipc10/dataset_0/n02979186/9.png
 create mode 100644 results/nette_tags_exp_ipc10/dataset_0/n03000684/0.png
 create mode 100644 results/nette_tags_exp_ipc10/dataset_0/n03000684/1.png
 create mode 100644 results/nette_tags_exp_ipc10/dataset_0/n03000684/2.png
 create mode 100644 results/nette_tags_exp_ipc10/dataset_0/n03000684/3.png
 create mode 100644 results/nette_tags_exp_ipc10/dataset_0/n03000684/4.png
 create mode 100644 results/nette_tags_exp_ipc10/dataset_0/n03000684/5.png
 create mode 100644 results/nette_tags_exp_ipc10/dataset_0/n03000684/6.png
 create mode 100644 results/nette_tags_exp_ipc10/dataset_0/n03000684/7.png
 create mode 100644 results/nette_tags_exp_ipc10/dataset_0/n03000684/8.png
 create mode 100644 results/nette_tags_exp_ipc10/dataset_0/n03000684/9.png
 create mode 100644 results/nette_tags_exp_ipc10/dataset_0/n03028079/0.png
 create mode 100644 results/nette_tags_exp_ipc10/dataset_0/n03028079/1.png
 create mode 100644 results/nette_tags_exp_ipc10/dataset_0/n03028079/2.png
 create mode 100644 results/nette_tags_exp_ipc10/dataset_0/n03028079/3.png
 create mode 100644 results/nette_tags_exp_ipc10/dataset_0/n03028079/4.png
 create mode 100644 results/nette_tags_exp_ipc10/dataset_0/n03028079/5.png
 create mode 100644 results/nette_tags_exp_ipc10/dataset_0/n03028079/6.png
 create mode 100644 results/nette_tags_exp_ipc10/dataset_0/n03028079/7.png
 create mode 100644 results/nette_tags_exp_ipc10/dataset_0/n03028079/8.png
 create mode 100644 results/nette_tags_exp_ipc10/dataset_0/n03028079/9.png
 create mode 100644 results/nette_tags_exp_ipc10/dataset_0/n03394916/0.png
 create mode 100644 results/nette_tags_exp_ipc10/dataset_0/n03394916/1.png
 create mode 100644 results/nette_tags_exp_ipc10/dataset_0/n03394916/2.png
 create mode 100644 results/nette_tags_exp_ipc10/dataset_0/n03394916/3.png
 create mode 100644 results/nette_tags_exp_ipc10/dataset_0/n03394916/4.png
 create mode 100644 results/nette_tags_exp_ipc10/dataset_0/n03394916/5.png
 create mode 100644 results/nette_tags_exp_ipc10/dataset_0/n03394916/6.png
 create mode 100644 results/nette_tags_exp_ipc10/dataset_0/n03394916/7.png
 create mode 100644 results/nette_tags_exp_ipc10/dataset_0/n03394916/8.png
 create mode 100644 results/nette_tags_exp_ipc10/dataset_0/n03394916/9.png
 create mode 100644 results/nette_tags_exp_ipc10/dataset_0/n03417042/0.png
 create mode 100644 results/nette_tags_exp_ipc10/dataset_0/n03417042/1.png
 create mode 100644 results/nette_tags_exp_ipc10/dataset_0/n03417042/2.png
 create mode 100644 results/nette_tags_exp_ipc10/dataset_0/n03417042/3.png
 create mode 100644 results/nette_tags_exp_ipc10/dataset_0/n03417042/4.png
 create mode 100644 results/nette_tags_exp_ipc10/dataset_0/n03417042/5.png
 create mode 100644 results/nette_tags_exp_ipc10/dataset_0/n03417042/6.png
 create mode 100644 results/nette_tags_exp_ipc10/dataset_0/n03417042/7.png
 create mode 100644 results/nette_tags_exp_ipc10/dataset_0/n03417042/8.png
 create mode 100644 results/nette_tags_exp_ipc10/dataset_0/n03417042/9.png
 create mode 100644 results/nette_tags_exp_ipc10/dataset_0/n03425413/0.png
 create mode 100644 results/nette_tags_exp_ipc10/dataset_0/n03425413/1.png
 create mode 100644 results/nette_tags_exp_ipc10/dataset_0/n03425413/2.png
 create mode 100644 results/nette_tags_exp_ipc10/dataset_0/n03425413/3.png
 create mode 100644 results/nette_tags_exp_ipc10/dataset_0/n03425413/4.png
 create mode 100644 results/nette_tags_exp_ipc10/dataset_0/n03425413/5.png
 create mode 100644 results/nette_tags_exp_ipc10/dataset_0/n03425413/6.png
 create mode 100644 results/nette_tags_exp_ipc10/dataset_0/n03425413/7.png
 create mode 100644 results/nette_tags_exp_ipc10/dataset_0/n03425413/8.png
 create mode 100644 results/nette_tags_exp_ipc10/dataset_0/n03425413/9.png
 create mode 100644 results/nette_tags_linear_ipc10/ags_config.pkl
 create mode 100644 results/nette_tags_linear_ipc10/dataset_0/n01440764/0.png
 create mode 100644 results/nette_tags_linear_ipc10/dataset_0/n01440764/1.png
 create mode 100644 results/nette_tags_linear_ipc10/dataset_0/n01440764/2.png
 create mode 100644 results/nette_tags_linear_ipc10/dataset_0/n01440764/3.png
 create mode 100644 results/nette_tags_linear_ipc10/dataset_0/n01440764/4.png
 create mode 100644 results/nette_tags_linear_ipc10/dataset_0/n01440764/5.png
 create mode 100644 results/nette_tags_linear_ipc10/dataset_0/n01440764/6.png
 create mode 100644 results/nette_tags_linear_ipc10/dataset_0/n01440764/7.png
 create mode 100644 results/nette_tags_linear_ipc10/dataset_0/n01440764/8.png
 create mode 100644 results/nette_tags_linear_ipc10/dataset_0/n01440764/9.png
 create mode 100644 results/nette_tags_linear_ipc10/dataset_0/n02102040/0.png
 create mode 100644 results/nette_tags_linear_ipc10/dataset_0/n02102040/1.png
 create mode 100644 results/nette_tags_linear_ipc10/dataset_0/n02102040/2.png
 create mode 100644 results/nette_tags_linear_ipc10/dataset_0/n02102040/3.png
 create mode 100644 results/nette_tags_linear_ipc10/dataset_0/n02102040/4.png
 create mode 100644 results/nette_tags_linear_ipc10/dataset_0/n02102040/5.png
 create mode 100644 results/nette_tags_linear_ipc10/dataset_0/n02102040/6.png
 create mode 100644 results/nette_tags_linear_ipc10/dataset_0/n02102040/7.png
 create mode 100644 results/nette_tags_linear_ipc10/dataset_0/n02102040/8.png
 create mode 100644 results/nette_tags_linear_ipc10/dataset_0/n02102040/9.png
 create mode 100644 results/nette_tags_linear_ipc10/dataset_0/n02979186/0.png
 create mode 100644 results/nette_tags_linear_ipc10/dataset_0/n02979186/1.png
 create mode 100644 results/nette_tags_linear_ipc10/dataset_0/n02979186/2.png
 create mode 100644 results/nette_tags_linear_ipc10/dataset_0/n02979186/3.png
 create mode 100644 results/nette_tags_linear_ipc10/dataset_0/n02979186/4.png
 create mode 100644 results/nette_tags_linear_ipc10/dataset_0/n02979186/5.png
 create mode 100644 results/nette_tags_linear_ipc10/dataset_0/n02979186/6.png
 create mode 100644 results/nette_tags_linear_ipc10/dataset_0/n02979186/7.png
 create mode 100644 results/nette_tags_linear_ipc10/dataset_0/n02979186/8.png
 create mode 100644 results/nette_tags_linear_ipc10/dataset_0/n02979186/9.png
 create mode 100644 results/nette_tags_linear_ipc10/dataset_0/n03000684/0.png
 create mode 100644 results/nette_tags_linear_ipc10/dataset_0/n03000684/1.png
 create mode 100644 results/nette_tags_linear_ipc10/dataset_0/n03000684/2.png
 create mode 100644 results/nette_tags_linear_ipc10/dataset_0/n03000684/3.png
 create mode 100644 results/nette_tags_linear_ipc10/dataset_0/n03000684/4.png
 create mode 100644 results/nette_tags_linear_ipc10/dataset_0/n03000684/5.png
 create mode 100644 results/nette_tags_linear_ipc10/dataset_0/n03000684/6.png
 create mode 100644 results/nette_tags_linear_ipc10/dataset_0/n03000684/7.png
 create mode 100644 results/nette_tags_linear_ipc10/dataset_0/n03000684/8.png
 create mode 100644 results/nette_tags_linear_ipc10/dataset_0/n03000684/9.png
 create mode 100644 results/nette_tags_linear_ipc10/dataset_0/n03028079/0.png
 create mode 100644 results/nette_tags_linear_ipc10/dataset_0/n03028079/1.png
 create mode 100644 results/nette_tags_linear_ipc10/dataset_0/n03028079/2.png
 create mode 100644 results/nette_tags_linear_ipc10/dataset_0/n03028079/3.png
 create mode 100644 results/nette_tags_linear_ipc10/dataset_0/n03028079/4.png
 create mode 100644 results/nette_tags_linear_ipc10/dataset_0/n03028079/5.png
 create mode 100644 results/nette_tags_linear_ipc10/dataset_0/n03028079/6.png
 create mode 100644 results/nette_tags_linear_ipc10/dataset_0/n03028079/7.png
 create mode 100644 results/nette_tags_linear_ipc10/dataset_0/n03028079/8.png
 create mode 100644 results/nette_tags_linear_ipc10/dataset_0/n03028079/9.png
 create mode 100644 results/nette_tags_linear_ipc10/dataset_0/n03394916/0.png
 create mode 100644 results/nette_tags_linear_ipc10/dataset_0/n03394916/1.png
 create mode 100644 results/nette_tags_linear_ipc10/dataset_0/n03394916/2.png
 create mode 100644 results/nette_tags_linear_ipc10/dataset_0/n03394916/3.png
 create mode 100644 results/nette_tags_linear_ipc10/dataset_0/n03394916/4.png
 create mode 100644 results/nette_tags_linear_ipc10/dataset_0/n03394916/5.png
 create mode 100644 results/nette_tags_linear_ipc10/dataset_0/n03394916/6.png
 create mode 100644 results/nette_tags_linear_ipc10/dataset_0/n03394916/7.png
 create mode 100644 results/nette_tags_linear_ipc10/dataset_0/n03394916/8.png
 create mode 100644 results/nette_tags_linear_ipc10/dataset_0/n03394916/9.png
 create mode 100644 results/nette_tags_linear_ipc10/dataset_0/n03417042/0.png
 create mode 100644 results/nette_tags_linear_ipc10/dataset_0/n03417042/1.png
 create mode 100644 results/nette_tags_linear_ipc10/dataset_0/n03417042/2.png
 create mode 100644 results/nette_tags_linear_ipc10/dataset_0/n03417042/3.png
 create mode 100644 results/nette_tags_linear_ipc10/dataset_0/n03417042/4.png
 create mode 100644 results/nette_tags_linear_ipc10/dataset_0/n03417042/5.png
 create mode 100644 results/nette_tags_linear_ipc10/dataset_0/n03417042/6.png
 create mode 100644 results/nette_tags_linear_ipc10/dataset_0/n03417042/7.png
 create mode 100644 results/nette_tags_linear_ipc10/dataset_0/n03417042/8.png
 create mode 100644 results/nette_tags_linear_ipc10/dataset_0/n03417042/9.png
 create mode 100644 results/nette_tags_linear_ipc10/dataset_0/n03425413/0.png
 create mode 100644 results/nette_tags_linear_ipc10/dataset_0/n03425413/1.png
 create mode 100644 results/nette_tags_linear_ipc10/dataset_0/n03425413/2.png
 create mode 100644 results/nette_tags_linear_ipc10/dataset_0/n03425413/3.png
 create mode 100644 results/nette_tags_linear_ipc10/dataset_0/n03425413/4.png
 create mode 100644 results/nette_tags_linear_ipc10/dataset_0/n03425413/5.png
 create mode 100644 results/nette_tags_linear_ipc10/dataset_0/n03425413/6.png
 create mode 100644 results/nette_tags_linear_ipc10/dataset_0/n03425413/7.png
 create mode 100644 results/nette_tags_linear_ipc10/dataset_0/n03425413/8.png
 create mode 100644 results/nette_tags_linear_ipc10/dataset_0/n03425413/9.png
 create mode 100644 results/nette_tags_linear_ipc10/dataset_0/n03445777/0.png
 create mode 100644 results/nette_tags_linear_ipc10/dataset_0/n03445777/1.png
 create mode 100644 results/nette_tags_linear_ipc10/dataset_0/n03445777/2.png
 create mode 100644 results/nette_tags_linear_ipc10/dataset_0/n03445777/3.png
 create mode 100644 results/nette_tags_linear_ipc10/dataset_0/n03445777/4.png
 create mode 100644 results/nette_tags_linear_ipc10/dataset_0/n03445777/5.png
 create mode 100644 results/nette_tags_linear_ipc10/dataset_0/n03445777/6.png
 create mode 100644 results/nette_tags_linear_ipc10/dataset_0/n03445777/7.png
 create mode 100644 results/nette_tags_linear_ipc10/dataset_0/n03445777/8.png
 create mode 100644 results/nette_tags_linear_ipc10/dataset_0/n03445777/9.png
 create mode 100644 results/nette_tags_linear_ipc10/dataset_0/n03888257/0.png
 create mode 100644 results/nette_tags_linear_ipc10/dataset_0/n03888257/1.png
 create mode 100644 results/nette_tags_linear_ipc10/dataset_0/n03888257/2.png
 create mode 100644 results/nette_tags_linear_ipc10/dataset_0/n03888257/3.png
 create mode 100644 results/nette_tags_linear_ipc10/dataset_0/n03888257/4.png
 create mode 100644 results/nette_tags_linear_ipc10/dataset_0/n03888257/5.png
 create mode 100644 results/nette_tags_linear_ipc10/dataset_0/n03888257/6.png
 create mode 100644 results/nette_tags_linear_ipc10/dataset_0/n03888257/7.png
 create mode 100644 results/nette_tags_linear_ipc10/dataset_0/n03888257/8.png
 create mode 100644 results/nette_tags_linear_ipc10/dataset_0/n03888257/9.png
 create mode 100644 results/nette_tags_linear_ipc10/experiment_config.json
 create mode 100644 results/nette_tags_only_ipc10/ags_config.pkl
 create mode 100644 results/nette_tags_only_ipc10/dataset_0/n01440764/0.png
 create mode 100644 results/nette_tags_only_ipc10/dataset_0/n01440764/1.png
 create mode 100644 results/nette_tags_only_ipc10/dataset_0/n01440764/2.png
 create mode 100644 results/nette_tags_only_ipc10/dataset_0/n01440764/3.png
 create mode 100644 results/nette_tags_only_ipc10/dataset_0/n01440764/4.png
 create mode 100644 results/nette_tags_only_ipc10/dataset_0/n01440764/5.png
 create mode 100644 results/nette_tags_only_ipc10/dataset_0/n01440764/6.png
 create mode 100644 results/nette_tags_only_ipc10/dataset_0/n01440764/7.png
 create mode 100644 results/nette_tags_only_ipc10/dataset_0/n01440764/8.png
 create mode 100644 results/nette_tags_only_ipc10/dataset_0/n01440764/9.png
 create mode 100644 results/nette_tags_only_ipc10/dataset_0/n02102040/0.png
 create mode 100644 results/nette_tags_only_ipc10/dataset_0/n02102040/1.png
 create mode 100644 results/nette_tags_only_ipc10/dataset_0/n02102040/2.png
 create mode 100644 results/nette_tags_only_ipc10/dataset_0/n02102040/3.png
 create mode 100644 results/nette_tags_only_ipc10/dataset_0/n02102040/4.png
 create mode 100644 results/nette_tags_only_ipc10/dataset_0/n02102040/5.png
 create mode 100644 results/nette_tags_only_ipc10/dataset_0/n02102040/6.png
 create mode 100644 results/nette_tags_only_ipc10/dataset_0/n02102040/7.png
 create mode 100644 results/nette_tags_only_ipc10/dataset_0/n02102040/8.png
 create mode 100644 results/nette_tags_only_ipc10/dataset_0/n02102040/9.png
 create mode 100644 results/nette_tags_only_ipc10/dataset_0/n02979186/0.png
 create mode 100644 results/nette_tags_only_ipc10/dataset_0/n02979186/1.png
 create mode 100644 results/nette_tags_only_ipc10/dataset_0/n02979186/2.png
 create mode 100644 results/nette_tags_only_ipc10/dataset_0/n02979186/3.png
 create mode 100644 results/nette_tags_only_ipc10/dataset_0/n02979186/4.png
 create mode 100644 results/nette_tags_only_ipc10/dataset_0/n02979186/5.png
 create mode 100644 results/nette_tags_only_ipc10/dataset_0/n02979186/6.png
 create mode 100644 results/nette_tags_only_ipc10/dataset_0/n02979186/7.png
 create mode 100644 results/nette_tags_only_ipc10/dataset_0/n02979186/8.png
 create mode 100644 results/nette_tags_only_ipc10/dataset_0/n02979186/9.png
 create mode 100644 results/nette_tags_only_ipc10/dataset_0/n03000684/0.png
 create mode 100644 results/nette_tags_only_ipc10/dataset_0/n03000684/1.png
 create mode 100644 results/nette_tags_only_ipc10/dataset_0/n03000684/2.png
 create mode 100644 results/nette_tags_only_ipc10/dataset_0/n03000684/3.png
 create mode 100644 results/nette_tags_only_ipc10/dataset_0/n03000684/4.png
 create mode 100644 results/nette_tags_only_ipc10/dataset_0/n03000684/5.png
 create mode 100644 results/nette_tags_only_ipc10/dataset_0/n03000684/6.png
 create mode 100644 results/nette_tags_only_ipc10/dataset_0/n03000684/7.png
 create mode 100644 results/nette_tags_only_ipc10/dataset_0/n03000684/8.png
 create mode 100644 results/nette_tags_only_ipc10/dataset_0/n03000684/9.png
 create mode 100644 results/nette_tags_only_ipc10/dataset_0/n03028079/0.png
 create mode 100644 results/nette_tags_only_ipc10/dataset_0/n03028079/1.png
 create mode 100644 results/nette_tags_only_ipc10/dataset_0/n03028079/2.png
 create mode 100644 results/nette_tags_only_ipc10/dataset_0/n03028079/3.png
 create mode 100644 results/nette_tags_only_ipc10/dataset_0/n03028079/4.png
 create mode 100644 results/nette_tags_only_ipc10/dataset_0/n03028079/5.png
 create mode 100644 results/nette_tags_only_ipc10/dataset_0/n03028079/6.png
 create mode 100644 results/nette_tags_only_ipc10/dataset_0/n03028079/7.png
 create mode 100644 results/nette_tags_only_ipc10/dataset_0/n03028079/8.png
 create mode 100644 results/nette_tags_only_ipc10/dataset_0/n03028079/9.png
 create mode 100644 results/nette_tags_only_ipc10/dataset_0/n03394916/0.png
 create mode 100644 results/nette_tags_only_ipc10/dataset_0/n03394916/1.png
 create mode 100644 results/nette_tags_only_ipc10/dataset_0/n03394916/2.png
 create mode 100644 results/nette_tags_only_ipc10/dataset_0/n03394916/3.png
 create mode 100644 results/nette_tags_only_ipc10/dataset_0/n03394916/4.png
 create mode 100644 results/nette_tags_only_ipc10/dataset_0/n03394916/5.png
 create mode 100644 results/nette_tags_only_ipc10/dataset_0/n03394916/6.png
 create mode 100644 results/nette_tags_only_ipc10/dataset_0/n03394916/7.png
 create mode 100644 results/nette_tags_only_ipc10/dataset_0/n03394916/8.png
 create mode 100644 results/nette_tags_only_ipc10/dataset_0/n03394916/9.png
 create mode 100644 results/nette_tags_only_ipc10/dataset_0/n03417042/0.png
 create mode 100644 results/nette_tags_only_ipc10/dataset_0/n03417042/1.png
 create mode 100644 results/nette_tags_only_ipc10/dataset_0/n03417042/2.png
 create mode 100644 results/nette_tags_only_ipc10/dataset_0/n03417042/3.png
 create mode 100644 results/nette_tags_only_ipc10/dataset_0/n03417042/4.png
 create mode 100644 results/nette_tags_only_ipc10/dataset_0/n03417042/5.png
 create mode 100644 results/nette_tags_only_ipc10/dataset_0/n03417042/6.png
 create mode 100644 results/nette_tags_only_ipc10/dataset_0/n03417042/7.png
 create mode 100644 results/nette_tags_only_ipc10/dataset_0/n03417042/8.png
 create mode 100644 results/nette_tags_only_ipc10/dataset_0/n03417042/9.png
 create mode 100644 results/nette_tags_only_ipc10/dataset_0/n03425413/0.png
 create mode 100644 results/nette_tags_only_ipc10/dataset_0/n03425413/1.png
 create mode 100644 results/nette_tags_only_ipc10/dataset_0/n03425413/2.png
 create mode 100644 results/nette_tags_only_ipc10/dataset_0/n03425413/3.png
 create mode 100644 results/nette_tags_only_ipc10/dataset_0/n03425413/4.png
 create mode 100644 results/nette_tags_only_ipc10/dataset_0/n03425413/5.png
 create mode 100644 results/nette_tags_only_ipc10/dataset_0/n03425413/6.png
 create mode 100644 results/nette_tags_only_ipc10/dataset_0/n03425413/7.png
 create mode 100644 results/nette_tags_only_ipc10/dataset_0/n03425413/8.png
 create mode 100644 results/nette_tags_only_ipc10/dataset_0/n03425413/9.png
 create mode 100644 results/nette_tags_only_ipc10/dataset_0/n03445777/0.png
 create mode 100644 results/nette_tags_only_ipc10/dataset_0/n03445777/1.png
 create mode 100644 results/nette_tags_only_ipc10/dataset_0/n03445777/2.png
 create mode 100644 results/nette_tags_only_ipc10/dataset_0/n03445777/3.png
 create mode 100644 results/nette_tags_only_ipc10/dataset_0/n03445777/4.png
 create mode 100644 results/nette_tags_only_ipc10/dataset_0/n03445777/5.png
 create mode 100644 results/nette_tags_only_ipc10/dataset_0/n03445777/6.png
 create mode 100644 results/nette_tags_only_ipc10/dataset_0/n03445777/7.png
 create mode 100644 results/nette_tags_only_ipc10/dataset_0/n03445777/8.png
 create mode 100644 results/nette_tags_only_ipc10/dataset_0/n03445777/9.png
 create mode 100644 results/nette_tags_only_ipc10/dataset_0/n03888257/0.png
 create mode 100644 results/nette_tags_only_ipc10/dataset_0/n03888257/1.png
 create mode 100644 results/nette_tags_only_ipc10/dataset_0/n03888257/2.png
 create mode 100644 results/nette_tags_only_ipc10/dataset_0/n03888257/3.png
 create mode 100644 results/nette_tags_only_ipc10/dataset_0/n03888257/4.png
 create mode 100644 results/nette_tags_only_ipc10/dataset_0/n03888257/5.png
 create mode 100644 results/nette_tags_only_ipc10/dataset_0/n03888257/6.png
 create mode 100644 results/nette_tags_only_ipc10/dataset_0/n03888257/7.png
 create mode 100644 results/nette_tags_only_ipc10/dataset_0/n03888257/8.png
 create mode 100644 results/nette_tags_only_ipc10/dataset_0/n03888257/9.png
 create mode 100644 results/nette_tags_only_ipc10/experiment_config.json
 create mode 100644 results/woof_ags_full_ipc10/ags_config.pkl
 create mode 100644 results/woof_ags_full_ipc10/dataset_0/n02086240/0.png
 create mode 100644 results/woof_ags_full_ipc10/dataset_0/n02086240/1.png
 create mode 100644 results/woof_ags_full_ipc10/dataset_0/n02086240/2.png
 create mode 100644 results/woof_ags_full_ipc10/dataset_0/n02086240/3.png
 create mode 100644 results/woof_ags_full_ipc10/dataset_0/n02086240/4.png
 create mode 100644 results/woof_ags_full_ipc10/dataset_0/n02086240/5.png
 create mode 100644 results/woof_ags_full_ipc10/dataset_0/n02086240/6.png
 create mode 100644 results/woof_ags_full_ipc10/dataset_0/n02086240/7.png
 create mode 100644 results/woof_ags_full_ipc10/dataset_0/n02086240/8.png
 create mode 100644 results/woof_ags_full_ipc10/dataset_0/n02086240/9.png
 create mode 100644 results/woof_ags_full_ipc10/dataset_0/n02087394/0.png
 create mode 100644 results/woof_ags_full_ipc10/dataset_0/n02087394/1.png
 create mode 100644 results/woof_ags_full_ipc10/dataset_0/n02087394/2.png
 create mode 100644 results/woof_ags_full_ipc10/dataset_0/n02087394/3.png
 create mode 100644 results/woof_ags_full_ipc10/dataset_0/n02087394/4.png
 create mode 100644 results/woof_ags_full_ipc10/dataset_0/n02087394/5.png
 create mode 100644 results/woof_ags_full_ipc10/dataset_0/n02087394/6.png
 create mode 100644 results/woof_ags_full_ipc10/dataset_0/n02087394/7.png
 create mode 100644 results/woof_ags_full_ipc10/dataset_0/n02087394/8.png
 create mode 100644 results/woof_ags_full_ipc10/dataset_0/n02087394/9.png
 create mode 100644 results/woof_ags_full_ipc10/dataset_0/n02088364/0.png
 create mode 100644 results/woof_ags_full_ipc10/dataset_0/n02088364/1.png
 create mode 100644 results/woof_ags_full_ipc10/dataset_0/n02088364/2.png
 create mode 100644 results/woof_ags_full_ipc10/dataset_0/n02088364/3.png
 create mode 100644 results/woof_ags_full_ipc10/dataset_0/n02088364/4.png
 create mode 100644 results/woof_ags_full_ipc10/dataset_0/n02088364/5.png
 create mode 100644 results/woof_ags_full_ipc10/dataset_0/n02088364/6.png
 create mode 100644 results/woof_ags_full_ipc10/dataset_0/n02088364/7.png
 create mode 100644 results/woof_ags_full_ipc10/dataset_0/n02088364/8.png
 create mode 100644 results/woof_ags_full_ipc10/dataset_0/n02088364/9.png
 create mode 100644 results/woof_ags_full_ipc10/dataset_0/n02089973/0.png
 create mode 100644 results/woof_ags_full_ipc10/dataset_0/n02089973/1.png
 create mode 100644 results/woof_ags_full_ipc10/dataset_0/n02089973/2.png
 create mode 100644 results/woof_ags_full_ipc10/dataset_0/n02089973/3.png
 create mode 100644 results/woof_ags_full_ipc10/dataset_0/n02089973/4.png
 create mode 100644 results/woof_ags_full_ipc10/dataset_0/n02089973/5.png
 create mode 100644 results/woof_ags_full_ipc10/dataset_0/n02089973/6.png
 create mode 100644 results/woof_ags_full_ipc10/dataset_0/n02089973/7.png
 create mode 100644 results/woof_ags_full_ipc10/dataset_0/n02089973/8.png
 create mode 100644 results/woof_ags_full_ipc10/dataset_0/n02089973/9.png
 create mode 100644 results/woof_ags_full_ipc10/dataset_0/n02093754/0.png
 create mode 100644 results/woof_ags_full_ipc10/dataset_0/n02093754/1.png
 create mode 100644 results/woof_ags_full_ipc10/dataset_0/n02093754/2.png
 create mode 100644 results/woof_ags_full_ipc10/dataset_0/n02093754/3.png
 create mode 100644 results/woof_ags_full_ipc10/dataset_0/n02093754/4.png
 create mode 100644 results/woof_ags_full_ipc10/dataset_0/n02093754/5.png
 create mode 100644 results/woof_ags_full_ipc10/dataset_0/n02093754/6.png
 create mode 100644 results/woof_ags_full_ipc10/dataset_0/n02093754/7.png
 create mode 100644 results/woof_ags_full_ipc10/dataset_0/n02093754/8.png
 create mode 100644 results/woof_ags_full_ipc10/dataset_0/n02093754/9.png
 create mode 100644 results/woof_ags_full_ipc10/dataset_0/n02096294/0.png
 create mode 100644 results/woof_ags_full_ipc10/dataset_0/n02096294/1.png
 create mode 100644 results/woof_ags_full_ipc10/dataset_0/n02096294/2.png
 create mode 100644 results/woof_ags_full_ipc10/dataset_0/n02096294/3.png
 create mode 100644 results/woof_ags_full_ipc10/dataset_0/n02096294/4.png
 create mode 100644 results/woof_ags_full_ipc10/dataset_0/n02096294/5.png
 create mode 100644 results/woof_ags_full_ipc10/dataset_0/n02096294/6.png
 create mode 100644 results/woof_ags_full_ipc10/dataset_0/n02096294/7.png
 create mode 100644 results/woof_ags_full_ipc10/dataset_0/n02096294/8.png
 create mode 100644 results/woof_ags_full_ipc10/dataset_0/n02096294/9.png
 create mode 100644 results/woof_ags_full_ipc10/dataset_0/n02099601/0.png
 create mode 100644 results/woof_ags_full_ipc10/dataset_0/n02099601/1.png
 create mode 100644 results/woof_ags_full_ipc10/dataset_0/n02099601/2.png
 create mode 100644 results/woof_ags_full_ipc10/dataset_0/n02099601/3.png
 create mode 100644 results/woof_ags_full_ipc10/dataset_0/n02099601/4.png
 create mode 100644 results/woof_ags_full_ipc10/dataset_0/n02099601/5.png
 create mode 100644 results/woof_ags_full_ipc10/dataset_0/n02099601/6.png
 create mode 100644 results/woof_ags_full_ipc10/dataset_0/n02099601/7.png
 create mode 100644 results/woof_ags_full_ipc10/dataset_0/n02099601/8.png
 create mode 100644 results/woof_ags_full_ipc10/dataset_0/n02099601/9.png
 create mode 100644 results/woof_ags_full_ipc10/dataset_0/n02105641/0.png
 create mode 100644 results/woof_ags_full_ipc10/dataset_0/n02105641/1.png
 create mode 100644 results/woof_ags_full_ipc10/dataset_0/n02105641/2.png
 create mode 100644 results/woof_ags_full_ipc10/dataset_0/n02105641/3.png
 create mode 100644 results/woof_ags_full_ipc10/dataset_0/n02105641/4.png
 create mode 100644 results/woof_ags_full_ipc10/dataset_0/n02105641/5.png
 create mode 100644 results/woof_ags_full_ipc10/dataset_0/n02105641/6.png
 create mode 100644 results/woof_ags_full_ipc10/dataset_0/n02105641/7.png
 create mode 100644 results/woof_ags_full_ipc10/dataset_0/n02105641/8.png
 create mode 100644 results/woof_ags_full_ipc10/dataset_0/n02105641/9.png
 create mode 100644 results/woof_ags_full_ipc10/dataset_0/n02111889/0.png
 create mode 100644 results/woof_ags_full_ipc10/dataset_0/n02111889/1.png
 create mode 100644 results/woof_ags_full_ipc10/dataset_0/n02111889/2.png
 create mode 100644 results/woof_ags_full_ipc10/dataset_0/n02111889/3.png
 create mode 100644 results/woof_ags_full_ipc10/dataset_0/n02111889/4.png
 create mode 100644 results/woof_ags_full_ipc10/dataset_0/n02111889/5.png
 create mode 100644 results/woof_ags_full_ipc10/dataset_0/n02111889/6.png
 create mode 100644 results/woof_ags_full_ipc10/dataset_0/n02111889/7.png
 create mode 100644 results/woof_ags_full_ipc10/dataset_0/n02111889/8.png
 create mode 100644 results/woof_ags_full_ipc10/dataset_0/n02111889/9.png
 create mode 100644 results/woof_ags_full_ipc10/dataset_0/n02115641/0.png
 create mode 100644 results/woof_ags_full_ipc10/dataset_0/n02115641/1.png
 create mode 100644 results/woof_ags_full_ipc10/dataset_0/n02115641/2.png
 create mode 100644 results/woof_ags_full_ipc10/dataset_0/n02115641/3.png
 create mode 100644 results/woof_ags_full_ipc10/dataset_0/n02115641/4.png
 create mode 100644 results/woof_ags_full_ipc10/dataset_0/n02115641/5.png
 create mode 100644 results/woof_ags_full_ipc10/dataset_0/n02115641/6.png
 create mode 100644 results/woof_ags_full_ipc10/dataset_0/n02115641/7.png
 create mode 100644 results/woof_ags_full_ipc10/dataset_0/n02115641/8.png
 create mode 100644 results/woof_ags_full_ipc10/dataset_0/n02115641/9.png
 create mode 100644 results/woof_ags_full_ipc10/dataset_1/n02086240/0.png
 create mode 100644 results/woof_ags_full_ipc10/dataset_1/n02086240/1.png
 create mode 100644 results/woof_ags_full_ipc10/dataset_1/n02086240/2.png
 create mode 100644 results/woof_ags_full_ipc10/dataset_1/n02086240/3.png
 create mode 100644 results/woof_ags_full_ipc10/dataset_1/n02086240/4.png
 create mode 100644 results/woof_ags_full_ipc10/dataset_1/n02086240/5.png
 create mode 100644 results/woof_ags_full_ipc10/dataset_1/n02086240/6.png
 create mode 100644 results/woof_ags_full_ipc10/dataset_1/n02086240/7.png
 create mode 100644 results/woof_ags_full_ipc10/dataset_1/n02086240/8.png
 create mode 100644 results/woof_ags_full_ipc10/dataset_1/n02086240/9.png
 create mode 100644 results/woof_ags_full_ipc10/dataset_1/n02087394/0.png
 create mode 100644 results/woof_ags_full_ipc10/dataset_1/n02087394/1.png
 create mode 100644 results/woof_ags_full_ipc10/dataset_1/n02087394/2.png
 create mode 100644 results/woof_ags_full_ipc10/dataset_1/n02087394/3.png
 create mode 100644 results/woof_ags_full_ipc10/dataset_1/n02087394/4.png
 create mode 100644 results/woof_ags_full_ipc10/dataset_1/n02087394/5.png
 create mode 100644 results/woof_ags_full_ipc10/dataset_1/n02087394/6.png
 create mode 100644 results/woof_ags_full_ipc10/dataset_1/n02087394/7.png
 create mode 100644 results/woof_ags_full_ipc10/dataset_1/n02087394/8.png
 create mode 100644 results/woof_ags_full_ipc10/dataset_1/n02087394/9.png
 create mode 100644 results/woof_ags_full_ipc10/dataset_1/n02088364/0.png
 create mode 100644 results/woof_ags_full_ipc10/dataset_1/n02088364/1.png
 create mode 100644 results/woof_ags_full_ipc10/dataset_1/n02088364/2.png
 create mode 100644 results/woof_ags_full_ipc10/dataset_1/n02088364/3.png
 create mode 100644 results/woof_ags_full_ipc10/dataset_1/n02088364/4.png
 create mode 100644 results/woof_ags_full_ipc10/dataset_1/n02088364/5.png
 create mode 100644 results/woof_ags_full_ipc10/dataset_1/n02088364/6.png
 create mode 100644 results/woof_ags_full_ipc10/dataset_1/n02088364/7.png
 create mode 100644 results/woof_ags_full_ipc10/dataset_1/n02088364/8.png
 create mode 100644 results/woof_ags_full_ipc10/dataset_1/n02088364/9.png
 create mode 100644 results/woof_ags_full_ipc10/dataset_1/n02089973/0.png
 create mode 100644 results/woof_ags_full_ipc10/dataset_1/n02089973/1.png
 create mode 100644 results/woof_ags_full_ipc10/dataset_1/n02089973/2.png
 create mode 100644 results/woof_ags_full_ipc10/dataset_1/n02089973/3.png
 create mode 100644 results/woof_ags_full_ipc10/dataset_1/n02089973/4.png
 create mode 100644 results/woof_ags_full_ipc10/dataset_1/n02089973/5.png
 create mode 100644 results/woof_ags_full_ipc10/dataset_1/n02089973/6.png
 create mode 100644 results/woof_ags_full_ipc10/dataset_1/n02089973/7.png
 create mode 100644 results/woof_ags_full_ipc10/dataset_1/n02089973/8.png
 create mode 100644 results/woof_ags_full_ipc10/dataset_1/n02089973/9.png
 create mode 100644 results/woof_ags_full_ipc10/dataset_1/n02093754/0.png
 create mode 100644 results/woof_ags_full_ipc10/dataset_1/n02093754/1.png
 create mode 100644 results/woof_ags_full_ipc10/dataset_1/n02093754/2.png
 create mode 100644 results/woof_ags_full_ipc10/dataset_1/n02093754/3.png
 create mode 100644 results/woof_ags_full_ipc10/dataset_1/n02093754/4.png
 create mode 100644 results/woof_ags_full_ipc10/dataset_1/n02093754/5.png
 create mode 100644 results/woof_ags_full_ipc10/dataset_1/n02093754/6.png
 create mode 100644 results/woof_ags_full_ipc10/dataset_1/n02093754/7.png
 create mode 100644 results/woof_ags_full_ipc10/dataset_1/n02093754/8.png
 create mode 100644 results/woof_ags_full_ipc10/dataset_1/n02093754/9.png
 create mode 100644 results/woof_ags_full_ipc10/dataset_1/n02096294/0.png
 create mode 100644 results/woof_ags_full_ipc10/dataset_1/n02096294/1.png
 create mode 100644 results/woof_ags_full_ipc10/dataset_1/n02096294/2.png
 create mode 100644 results/woof_ags_full_ipc10/dataset_1/n02096294/3.png
 create mode 100644 results/woof_ags_full_ipc10/dataset_1/n02096294/4.png
 create mode 100644 results/woof_ags_full_ipc10/dataset_1/n02096294/5.png
 create mode 100644 results/woof_ags_full_ipc10/dataset_1/n02096294/6.png
 create mode 100644 results/woof_ags_full_ipc10/dataset_1/n02096294/7.png
 create mode 100644 results/woof_ags_full_ipc10/dataset_1/n02096294/8.png
 create mode 100644 results/woof_ags_full_ipc10/dataset_1/n02096294/9.png
 create mode 100644 results/woof_ags_full_ipc10/dataset_1/n02099601/0.png
 create mode 100644 results/woof_ags_full_ipc10/dataset_1/n02099601/1.png
 create mode 100644 results/woof_ags_full_ipc10/dataset_1/n02099601/2.png
 create mode 100644 results/woof_ags_full_ipc10/dataset_1/n02099601/3.png
 create mode 100644 results/woof_ags_full_ipc10/dataset_1/n02099601/4.png
 create mode 100644 results/woof_ags_full_ipc10/dataset_1/n02099601/5.png
 create mode 100644 results/woof_ags_full_ipc10/dataset_1/n02099601/6.png
 create mode 100644 results/woof_ags_full_ipc10/dataset_1/n02099601/7.png
 create mode 100644 results/woof_ags_full_ipc10/dataset_1/n02099601/8.png
 create mode 100644 results/woof_ags_full_ipc10/dataset_1/n02099601/9.png
 create mode 100644 results/woof_ags_full_ipc10/dataset_1/n02105641/0.png
 create mode 100644 results/woof_ags_full_ipc10/dataset_1/n02105641/1.png
 create mode 100644 results/woof_ags_full_ipc10/dataset_1/n02105641/2.png
 create mode 100644 results/woof_ags_full_ipc10/dataset_1/n02105641/3.png
 create mode 100644 results/woof_ags_full_ipc10/dataset_1/n02105641/4.png
 create mode 100644 results/woof_ags_full_ipc10/dataset_1/n02105641/5.png
 create mode 100644 results/woof_ags_full_ipc10/dataset_1/n02105641/6.png
 create mode 100644 results/woof_ags_full_ipc10/dataset_1/n02105641/7.png
 create mode 100644 results/woof_ags_full_ipc10/dataset_1/n02105641/8.png
 create mode 100644 results/woof_ags_full_ipc10/dataset_1/n02105641/9.png
 create mode 100644 results/woof_ags_full_ipc10/dataset_1/n02111889/0.png
 create mode 100644 results/woof_ags_full_ipc10/dataset_1/n02111889/1.png
 create mode 100644 results/woof_ags_full_ipc10/dataset_1/n02111889/2.png
 create mode 100644 results/woof_ags_full_ipc10/dataset_1/n02111889/3.png
 create mode 100644 results/woof_ags_full_ipc10/dataset_1/n02111889/4.png
 create mode 100644 results/woof_ags_full_ipc10/dataset_1/n02111889/5.png
 create mode 100644 results/woof_ags_full_ipc10/dataset_1/n02111889/6.png
 create mode 100644 results/woof_ags_full_ipc10/dataset_1/n02111889/7.png
 create mode 100644 results/woof_ags_full_ipc10/dataset_1/n02111889/8.png
 create mode 100644 results/woof_ags_full_ipc10/dataset_1/n02111889/9.png
 create mode 100644 results/woof_ags_full_ipc10/dataset_1/n02115641/0.png
 create mode 100644 results/woof_ags_full_ipc10/dataset_1/n02115641/1.png
 create mode 100644 results/woof_ags_full_ipc10/dataset_1/n02115641/2.png
 create mode 100644 results/woof_ags_full_ipc10/dataset_1/n02115641/3.png
 create mode 100644 results/woof_ags_full_ipc10/dataset_1/n02115641/4.png
 create mode 100644 results/woof_ags_full_ipc10/dataset_1/n02115641/5.png
 create mode 100644 results/woof_ags_full_ipc10/dataset_1/n02115641/6.png
 create mode 100644 results/woof_ags_full_ipc10/dataset_1/n02115641/7.png
 create mode 100644 results/woof_ags_full_ipc10/dataset_1/n02115641/8.png
 create mode 100644 results/woof_ags_full_ipc10/dataset_1/n02115641/9.png
 create mode 100644 results/woof_ags_full_ipc10/dataset_2/n02086240/0.png
 create mode 100644 results/woof_ags_full_ipc10/dataset_2/n02086240/1.png
 create mode 100644 results/woof_ags_full_ipc10/dataset_2/n02086240/2.png
 create mode 100644 results/woof_ags_full_ipc10/dataset_2/n02086240/3.png
 create mode 100644 results/woof_ags_full_ipc10/dataset_2/n02086240/4.png
 create mode 100644 results/woof_ags_full_ipc10/dataset_2/n02086240/5.png
 create mode 100644 results/woof_ags_full_ipc10/dataset_2/n02086240/6.png
 create mode 100644 results/woof_ags_full_ipc10/dataset_2/n02086240/7.png
 create mode 100644 results/woof_ags_full_ipc10/dataset_2/n02086240/8.png
 create mode 100644 results/woof_ags_full_ipc10/dataset_2/n02086240/9.png
 create mode 100644 results/woof_ags_full_ipc10/dataset_2/n02087394/0.png
 create mode 100644 results/woof_ags_full_ipc10/dataset_2/n02087394/1.png
 create mode 100644 results/woof_ags_full_ipc10/dataset_2/n02087394/2.png
 create mode 100644 results/woof_ags_full_ipc10/dataset_2/n02087394/3.png
 create mode 100644 results/woof_ags_full_ipc10/dataset_2/n02087394/4.png
 create mode 100644 results/woof_ags_full_ipc10/dataset_2/n02087394/5.png
 create mode 100644 results/woof_ags_full_ipc10/dataset_2/n02087394/6.png
 create mode 100644 results/woof_ags_full_ipc10/dataset_2/n02087394/7.png
 create mode 100644 results/woof_ags_full_ipc10/dataset_2/n02087394/8.png
 create mode 100644 results/woof_ags_full_ipc10/dataset_2/n02087394/9.png
 create mode 100644 results/woof_ags_full_ipc10/dataset_2/n02088364/0.png
 create mode 100644 results/woof_ags_full_ipc10/dataset_2/n02088364/1.png
 create mode 100644 results/woof_ags_full_ipc10/dataset_2/n02088364/2.png
 create mode 100644 results/woof_ags_full_ipc10/dataset_2/n02088364/3.png
 create mode 100644 results/woof_ags_full_ipc10/dataset_2/n02088364/4.png
 create mode 100644 results/woof_ags_full_ipc10/dataset_2/n02088364/5.png
 create mode 100644 results/woof_ags_full_ipc10/dataset_2/n02088364/6.png
 create mode 100644 results/woof_ags_full_ipc10/dataset_2/n02088364/7.png
 create mode 100644 results/woof_ags_full_ipc10/dataset_2/n02088364/8.png
 create mode 100644 results/woof_ags_full_ipc10/dataset_2/n02088364/9.png
 create mode 100644 results/woof_ags_full_ipc10/dataset_2/n02089973/0.png
 create mode 100644 results/woof_ags_full_ipc10/dataset_2/n02089973/1.png
 create mode 100644 results/woof_ags_full_ipc10/dataset_2/n02089973/2.png
 create mode 100644 results/woof_ags_full_ipc10/dataset_2/n02089973/3.png
 create mode 100644 results/woof_ags_full_ipc10/dataset_2/n02089973/4.png
 create mode 100644 results/woof_ags_full_ipc10/dataset_2/n02089973/5.png
 create mode 100644 results/woof_ags_full_ipc10/dataset_2/n02089973/6.png
 create mode 100644 results/woof_ags_full_ipc10/dataset_2/n02089973/7.png
 create mode 100644 results/woof_ags_full_ipc10/dataset_2/n02089973/8.png
 create mode 100644 results/woof_ags_full_ipc10/dataset_2/n02089973/9.png
 create mode 100644 results/woof_ags_full_ipc10/dataset_2/n02093754/0.png
 create mode 100644 results/woof_ags_full_ipc10/dataset_2/n02093754/1.png
 create mode 100644 results/woof_ags_full_ipc10/dataset_2/n02093754/2.png
 create mode 100644 results/woof_ags_full_ipc10/dataset_2/n02093754/3.png
 create mode 100644 results/woof_ags_full_ipc10/dataset_2/n02093754/4.png
 create mode 100644 results/woof_ags_full_ipc10/dataset_2/n02093754/5.png
 create mode 100644 results/woof_ags_full_ipc10/dataset_2/n02093754/6.png
 create mode 100644 results/woof_ags_full_ipc10/dataset_2/n02093754/7.png
 create mode 100644 results/woof_ags_full_ipc10/dataset_2/n02093754/8.png
 create mode 100644 results/woof_ags_full_ipc10/dataset_2/n02093754/9.png
 create mode 100644 results/woof_ags_full_ipc10/dataset_2/n02096294/0.png
 create mode 100644 results/woof_ags_full_ipc10/dataset_2/n02096294/1.png
 create mode 100644 results/woof_ags_full_ipc10/dataset_2/n02096294/2.png
 create mode 100644 results/woof_ags_full_ipc10/dataset_2/n02096294/3.png
 create mode 100644 results/woof_ags_full_ipc10/dataset_2/n02096294/4.png
 create mode 100644 results/woof_ags_full_ipc10/dataset_2/n02096294/5.png
 create mode 100644 results/woof_ags_full_ipc10/dataset_2/n02096294/6.png
 create mode 100644 results/woof_ags_full_ipc10/dataset_2/n02096294/7.png
 create mode 100644 results/woof_ags_full_ipc10/dataset_2/n02096294/8.png
 create mode 100644 results/woof_ags_full_ipc10/dataset_2/n02096294/9.png
 create mode 100644 results/woof_ags_full_ipc10/dataset_2/n02099601/0.png
 create mode 100644 results/woof_ags_full_ipc10/dataset_2/n02099601/1.png
 create mode 100644 results/woof_ags_full_ipc10/dataset_2/n02099601/2.png
 create mode 100644 results/woof_ags_full_ipc10/dataset_2/n02099601/3.png
 create mode 100644 results/woof_ags_full_ipc10/dataset_2/n02099601/4.png
 create mode 100644 results/woof_ags_full_ipc10/dataset_2/n02099601/5.png
 create mode 100644 results/woof_ags_full_ipc10/dataset_2/n02099601/6.png
 create mode 100644 results/woof_ags_full_ipc10/dataset_2/n02099601/7.png
 create mode 100644 results/woof_ags_full_ipc10/dataset_2/n02099601/8.png
 create mode 100644 results/woof_ags_full_ipc10/dataset_2/n02099601/9.png
 create mode 100644 results/woof_ags_full_ipc10/dataset_2/n02105641/0.png
 create mode 100644 results/woof_ags_full_ipc10/dataset_2/n02105641/1.png
 create mode 100644 results/woof_ags_full_ipc10/dataset_2/n02105641/2.png
 create mode 100644 results/woof_ags_full_ipc10/dataset_2/n02105641/3.png
 create mode 100644 results/woof_ags_full_ipc10/dataset_2/n02105641/4.png
 create mode 100644 results/woof_ags_full_ipc10/dataset_2/n02105641/5.png
 create mode 100644 results/woof_ags_full_ipc10/dataset_2/n02105641/6.png
 create mode 100644 results/woof_ags_full_ipc10/dataset_2/n02105641/7.png
 create mode 100644 results/woof_ags_full_ipc10/dataset_2/n02105641/8.png
 create mode 100644 results/woof_ags_full_ipc10/dataset_2/n02105641/9.png
 create mode 100644 results/woof_ags_full_ipc10/dataset_2/n02111889/0.png
 create mode 100644 results/woof_ags_full_ipc10/dataset_2/n02111889/1.png
 create mode 100644 results/woof_ags_full_ipc10/dataset_2/n02111889/2.png
 create mode 100644 results/woof_ags_full_ipc10/dataset_2/n02111889/3.png
 create mode 100644 results/woof_ags_full_ipc10/dataset_2/n02111889/4.png
 create mode 100644 results/woof_ags_full_ipc10/dataset_2/n02111889/5.png
 create mode 100644 results/woof_ags_full_ipc10/dataset_2/n02111889/6.png
 create mode 100644 results/woof_ags_full_ipc10/dataset_2/n02111889/7.png
 create mode 100644 results/woof_ags_full_ipc10/dataset_2/n02111889/8.png
 create mode 100644 results/woof_ags_full_ipc10/dataset_2/n02111889/9.png
 create mode 100644 results/woof_ags_full_ipc10/dataset_2/n02115641/0.png
 create mode 100644 results/woof_ags_full_ipc10/dataset_2/n02115641/1.png
 create mode 100644 results/woof_ags_full_ipc10/dataset_2/n02115641/2.png
 create mode 100644 results/woof_ags_full_ipc10/dataset_2/n02115641/3.png
 create mode 100644 results/woof_ags_full_ipc10/dataset_2/n02115641/4.png
 create mode 100644 results/woof_ags_full_ipc10/dataset_2/n02115641/5.png
 create mode 100644 results/woof_ags_full_ipc10/dataset_2/n02115641/6.png
 create mode 100644 results/woof_ags_full_ipc10/dataset_2/n02115641/7.png
 create mode 100644 results/woof_ags_full_ipc10/dataset_2/n02115641/8.png
 create mode 100644 results/woof_ags_full_ipc10/dataset_2/n02115641/9.png
 create mode 100644 results/woof_ags_full_ipc10/experiment_config.json
 create mode 100644 results/woof_ags_full_ipc50/ags_config.pkl
 create mode 100644 results/woof_ags_full_ipc50/dataset_0/n02086240/0.png
 create mode 100644 results/woof_ags_full_ipc50/dataset_0/n02086240/1.png
 create mode 100644 results/woof_ags_full_ipc50/dataset_0/n02086240/10.png
 create mode 100644 results/woof_ags_full_ipc50/dataset_0/n02086240/11.png
 create mode 100644 results/woof_ags_full_ipc50/dataset_0/n02086240/12.png
 create mode 100644 results/woof_ags_full_ipc50/dataset_0/n02086240/13.png
 create mode 100644 results/woof_ags_full_ipc50/dataset_0/n02086240/14.png
 create mode 100644 results/woof_ags_full_ipc50/dataset_0/n02086240/15.png
 create mode 100644 results/woof_ags_full_ipc50/dataset_0/n02086240/16.png
 create mode 100644 results/woof_ags_full_ipc50/dataset_0/n02086240/17.png
 create mode 100644 results/woof_ags_full_ipc50/dataset_0/n02086240/18.png
 create mode 100644 results/woof_ags_full_ipc50/dataset_0/n02086240/19.png
 create mode 100644 results/woof_ags_full_ipc50/dataset_0/n02086240/2.png
 create mode 100644 results/woof_ags_full_ipc50/dataset_0/n02086240/20.png
 create mode 100644 results/woof_ags_full_ipc50/dataset_0/n02086240/21.png
 create mode 100644 results/woof_ags_full_ipc50/dataset_0/n02086240/22.png
 create mode 100644 results/woof_ags_full_ipc50/dataset_0/n02086240/23.png
 create mode 100644 results/woof_ags_full_ipc50/dataset_0/n02086240/24.png
 create mode 100644 results/woof_ags_full_ipc50/dataset_0/n02086240/25.png
 create mode 100644 results/woof_ags_full_ipc50/dataset_0/n02086240/26.png
 create mode 100644 results/woof_ags_full_ipc50/dataset_0/n02086240/27.png
 create mode 100644 results/woof_ags_full_ipc50/dataset_0/n02086240/28.png
 create mode 100644 results/woof_ags_full_ipc50/dataset_0/n02086240/29.png
 create mode 100644 results/woof_ags_full_ipc50/dataset_0/n02086240/3.png
 create mode 100644 results/woof_ags_full_ipc50/dataset_0/n02086240/30.png
 create mode 100644 results/woof_ags_full_ipc50/dataset_0/n02086240/31.png
 create mode 100644 results/woof_ags_full_ipc50/dataset_0/n02086240/32.png
 create mode 100644 results/woof_ags_full_ipc50/dataset_0/n02086240/33.png
 create mode 100644 results/woof_ags_full_ipc50/dataset_0/n02086240/34.png
 create mode 100644 results/woof_ags_full_ipc50/dataset_0/n02086240/35.png
 create mode 100644 results/woof_ags_full_ipc50/dataset_0/n02086240/36.png
 create mode 100644 results/woof_ags_full_ipc50/dataset_0/n02086240/37.png
 create mode 100644 results/woof_ags_full_ipc50/dataset_0/n02086240/38.png
 create mode 100644 results/woof_ags_full_ipc50/dataset_0/n02086240/39.png
 create mode 100644 results/woof_ags_full_ipc50/dataset_0/n02086240/4.png
 create mode 100644 results/woof_ags_full_ipc50/dataset_0/n02086240/40.png
 create mode 100644 results/woof_ags_full_ipc50/dataset_0/n02086240/41.png
 create mode 100644 results/woof_ags_full_ipc50/dataset_0/n02086240/42.png
 create mode 100644 results/woof_ags_full_ipc50/dataset_0/n02086240/43.png
 create mode 100644 results/woof_ags_full_ipc50/dataset_0/n02086240/44.png
 create mode 100644 results/woof_ags_full_ipc50/dataset_0/n02086240/45.png
 create mode 100644 results/woof_ags_full_ipc50/dataset_0/n02086240/46.png
 create mode 100644 results/woof_ags_full_ipc50/dataset_0/n02086240/47.png
 create mode 100644 results/woof_ags_full_ipc50/dataset_0/n02086240/48.png
 create mode 100644 results/woof_ags_full_ipc50/dataset_0/n02086240/49.png
 create mode 100644 results/woof_ags_full_ipc50/dataset_0/n02086240/5.png
 create mode 100644 results/woof_ags_full_ipc50/dataset_0/n02086240/6.png
 create mode 100644 results/woof_ags_full_ipc50/dataset_0/n02086240/7.png
 create mode 100644 results/woof_ags_full_ipc50/dataset_0/n02086240/8.png
 create mode 100644 results/woof_ags_full_ipc50/dataset_0/n02086240/9.png
 create mode 100644 results/woof_ags_full_ipc50/dataset_0/n02087394/0.png
 create mode 100644 results/woof_ags_full_ipc50/dataset_0/n02087394/1.png
 create mode 100644 results/woof_ags_full_ipc50/dataset_0/n02087394/10.png
 create mode 100644 results/woof_ags_full_ipc50/dataset_0/n02087394/11.png
 create mode 100644 results/woof_ags_full_ipc50/dataset_0/n02087394/12.png
 create mode 100644 results/woof_ags_full_ipc50/dataset_0/n02087394/13.png
 create mode 100644 results/woof_ags_full_ipc50/dataset_0/n02087394/14.png
 create mode 100644 results/woof_ags_full_ipc50/dataset_0/n02087394/15.png
 create mode 100644 results/woof_ags_full_ipc50/dataset_0/n02087394/16.png
 create mode 100644 results/woof_ags_full_ipc50/dataset_0/n02087394/17.png
 create mode 100644 results/woof_ags_full_ipc50/dataset_0/n02087394/18.png
 create mode 100644 results/woof_ags_full_ipc50/dataset_0/n02087394/19.png
 create mode 100644 results/woof_ags_full_ipc50/dataset_0/n02087394/2.png
 create mode 100644 results/woof_ags_full_ipc50/dataset_0/n02087394/20.png
 create mode 100644 results/woof_ags_full_ipc50/dataset_0/n02087394/21.png
 create mode 100644 results/woof_ags_full_ipc50/dataset_0/n02087394/22.png
 create mode 100644 results/woof_ags_full_ipc50/dataset_0/n02087394/23.png
 create mode 100644 results/woof_ags_full_ipc50/dataset_0/n02087394/24.png
 create mode 100644 results/woof_ags_full_ipc50/dataset_0/n02087394/25.png
 create mode 100644 results/woof_ags_full_ipc50/dataset_0/n02087394/26.png
 create mode 100644 results/woof_ags_full_ipc50/dataset_0/n02087394/27.png
 create mode 100644 results/woof_ags_full_ipc50/dataset_0/n02087394/28.png
 create mode 100644 results/woof_ags_full_ipc50/dataset_0/n02087394/29.png
 create mode 100644 results/woof_ags_full_ipc50/dataset_0/n02087394/3.png
 create mode 100644 results/woof_ags_full_ipc50/dataset_0/n02087394/30.png
 create mode 100644 results/woof_ags_full_ipc50/dataset_0/n02087394/31.png
 create mode 100644 results/woof_ags_full_ipc50/dataset_0/n02087394/32.png
 create mode 100644 results/woof_ags_full_ipc50/dataset_0/n02087394/33.png
 create mode 100644 results/woof_ags_full_ipc50/dataset_0/n02087394/34.png
 create mode 100644 results/woof_ags_full_ipc50/dataset_0/n02087394/35.png
 create mode 100644 results/woof_ags_full_ipc50/dataset_0/n02087394/36.png
 create mode 100644 results/woof_ags_full_ipc50/dataset_0/n02087394/37.png
 create mode 100644 results/woof_ags_full_ipc50/dataset_0/n02087394/38.png
 create mode 100644 results/woof_ags_full_ipc50/dataset_0/n02087394/39.png
 create mode 100644 results/woof_ags_full_ipc50/dataset_0/n02087394/4.png
 create mode 100644 results/woof_ags_full_ipc50/dataset_0/n02087394/40.png
 create mode 100644 results/woof_ags_full_ipc50/dataset_0/n02087394/41.png
 create mode 100644 results/woof_ags_full_ipc50/dataset_0/n02087394/42.png
 create mode 100644 results/woof_ags_full_ipc50/dataset_0/n02087394/43.png
 create mode 100644 results/woof_ags_full_ipc50/dataset_0/n02087394/44.png
 create mode 100644 results/woof_ags_full_ipc50/dataset_0/n02087394/45.png
 create mode 100644 results/woof_ags_full_ipc50/dataset_0/n02087394/46.png
 create mode 100644 results/woof_ags_full_ipc50/dataset_0/n02087394/47.png
 create mode 100644 results/woof_ags_full_ipc50/dataset_0/n02087394/48.png
 create mode 100644 results/woof_ags_full_ipc50/dataset_0/n02087394/49.png
 create mode 100644 results/woof_ags_full_ipc50/dataset_0/n02087394/5.png
 create mode 100644 results/woof_ags_full_ipc50/dataset_0/n02087394/6.png
 create mode 100644 results/woof_ags_full_ipc50/dataset_0/n02087394/7.png
 create mode 100644 results/woof_ags_full_ipc50/dataset_0/n02087394/8.png
 create mode 100644 results/woof_ags_full_ipc50/dataset_0/n02087394/9.png
 create mode 100644 results/woof_ags_full_ipc50/dataset_0/n02088364/0.png
 create mode 100644 results/woof_ags_full_ipc50/dataset_0/n02088364/1.png
 create mode 100644 results/woof_ags_full_ipc50/dataset_0/n02088364/10.png
 create mode 100644 results/woof_ags_full_ipc50/dataset_0/n02088364/11.png
 create mode 100644 results/woof_ags_full_ipc50/dataset_0/n02088364/12.png
 create mode 100644 results/woof_ags_full_ipc50/dataset_0/n02088364/13.png
 create mode 100644 results/woof_ags_full_ipc50/dataset_0/n02088364/14.png
 create mode 100644 results/woof_ags_full_ipc50/dataset_0/n02088364/15.png
 create mode 100644 results/woof_ags_full_ipc50/dataset_0/n02088364/16.png
 create mode 100644 results/woof_ags_full_ipc50/dataset_0/n02088364/17.png
 create mode 100644 results/woof_ags_full_ipc50/dataset_0/n02088364/18.png
 create mode 100644 results/woof_ags_full_ipc50/dataset_0/n02088364/19.png
 create mode 100644 results/woof_ags_full_ipc50/dataset_0/n02088364/2.png
 create mode 100644 results/woof_ags_full_ipc50/dataset_0/n02088364/20.png
 create mode 100644 results/woof_ags_full_ipc50/dataset_0/n02088364/21.png
 create mode 100644 results/woof_ags_full_ipc50/dataset_0/n02088364/22.png
 create mode 100644 results/woof_ags_full_ipc50/dataset_0/n02088364/23.png
 create mode 100644 results/woof_ags_full_ipc50/dataset_0/n02088364/24.png
 create mode 100644 results/woof_ags_full_ipc50/dataset_0/n02088364/25.png
 create mode 100644 results/woof_ags_full_ipc50/dataset_0/n02088364/26.png
 create mode 100644 results/woof_ags_full_ipc50/dataset_0/n02088364/27.png
 create mode 100644 results/woof_ags_full_ipc50/dataset_0/n02088364/28.png
 create mode 100644 results/woof_ags_full_ipc50/dataset_0/n02088364/29.png
 create mode 100644 results/woof_ags_full_ipc50/dataset_0/n02088364/3.png
 create mode 100644 results/woof_ags_full_ipc50/dataset_0/n02088364/30.png
 create mode 100644 results/woof_ags_full_ipc50/dataset_0/n02088364/31.png
 create mode 100644 results/woof_ags_full_ipc50/dataset_0/n02088364/32.png
 create mode 100644 results/woof_ags_full_ipc50/dataset_0/n02088364/33.png
 create mode 100644 results/woof_ags_full_ipc50/dataset_0/n02088364/34.png
 create mode 100644 results/woof_ags_full_ipc50/dataset_0/n02088364/35.png
 create mode 100644 results/woof_ags_full_ipc50/dataset_0/n02088364/36.png
 create mode 100644 results/woof_ags_full_ipc50/dataset_0/n02088364/37.png
 create mode 100644 results/woof_ags_full_ipc50/dataset_0/n02088364/38.png
 create mode 100644 results/woof_ags_full_ipc50/dataset_0/n02088364/39.png
 create mode 100644 results/woof_ags_full_ipc50/dataset_0/n02088364/4.png
 create mode 100644 results/woof_ags_full_ipc50/dataset_0/n02088364/40.png
 create mode 100644 results/woof_ags_full_ipc50/dataset_0/n02088364/41.png
 create mode 100644 results/woof_ags_full_ipc50/dataset_0/n02088364/42.png
 create mode 100644 results/woof_ags_full_ipc50/dataset_0/n02088364/43.png
 create mode 100644 results/woof_ags_full_ipc50/dataset_0/n02088364/44.png
 create mode 100644 results/woof_ags_full_ipc50/dataset_0/n02088364/45.png
 create mode 100644 results/woof_ags_full_ipc50/dataset_0/n02088364/46.png
 create mode 100644 results/woof_ags_full_ipc50/dataset_0/n02088364/47.png
 create mode 100644 results/woof_ags_full_ipc50/dataset_0/n02088364/48.png
 create mode 100644 results/woof_ags_full_ipc50/dataset_0/n02088364/49.png
 create mode 100644 results/woof_ags_full_ipc50/dataset_0/n02088364/5.png
 create mode 100644 results/woof_ags_full_ipc50/dataset_0/n02088364/6.png
 create mode 100644 results/woof_ags_full_ipc50/dataset_0/n02088364/7.png
 create mode 100644 results/woof_ags_full_ipc50/dataset_0/n02088364/8.png
 create mode 100644 results/woof_ags_full_ipc50/dataset_0/n02088364/9.png
 create mode 100644 results/woof_ags_full_ipc50/dataset_0/n02089973/0.png
 create mode 100644 results/woof_ags_full_ipc50/dataset_0/n02089973/1.png
 create mode 100644 results/woof_ags_full_ipc50/dataset_0/n02089973/10.png
 create mode 100644 results/woof_ags_full_ipc50/dataset_0/n02089973/11.png
 create mode 100644 results/woof_ags_full_ipc50/dataset_0/n02089973/12.png
 create mode 100644 results/woof_ags_full_ipc50/dataset_0/n02089973/13.png
 create mode 100644 results/woof_ags_full_ipc50/dataset_0/n02089973/14.png
 create mode 100644 results/woof_ags_full_ipc50/dataset_0/n02089973/15.png
 create mode 100644 results/woof_ags_full_ipc50/dataset_0/n02089973/16.png
 create mode 100644 results/woof_ags_full_ipc50/dataset_0/n02089973/17.png
 create mode 100644 results/woof_ags_full_ipc50/dataset_0/n02089973/18.png
 create mode 100644 results/woof_ags_full_ipc50/dataset_0/n02089973/19.png
 create mode 100644 results/woof_ags_full_ipc50/dataset_0/n02089973/2.png
 create mode 100644 results/woof_ags_full_ipc50/dataset_0/n02089973/20.png
 create mode 100644 results/woof_ags_full_ipc50/dataset_0/n02089973/21.png
 create mode 100644 results/woof_ags_full_ipc50/dataset_0/n02089973/22.png
 create mode 100644 results/woof_ags_full_ipc50/dataset_0/n02089973/23.png
 create mode 100644 results/woof_ags_full_ipc50/dataset_0/n02089973/24.png
 create mode 100644 results/woof_ags_full_ipc50/dataset_0/n02089973/25.png
 create mode 100644 results/woof_ags_full_ipc50/dataset_0/n02089973/26.png
 create mode 100644 results/woof_ags_full_ipc50/dataset_0/n02089973/27.png
 create mode 100644 results/woof_ags_full_ipc50/dataset_0/n02089973/28.png
 create mode 100644 results/woof_ags_full_ipc50/dataset_0/n02089973/29.png
 create mode 100644 results/woof_ags_full_ipc50/dataset_0/n02089973/3.png
 create mode 100644 results/woof_ags_full_ipc50/dataset_0/n02089973/30.png
 create mode 100644 results/woof_ags_full_ipc50/dataset_0/n02089973/31.png
 create mode 100644 results/woof_ags_full_ipc50/dataset_0/n02089973/32.png
 create mode 100644 results/woof_ags_full_ipc50/dataset_0/n02089973/33.png
 create mode 100644 results/woof_ags_full_ipc50/dataset_0/n02089973/34.png
 create mode 100644 results/woof_ags_full_ipc50/dataset_0/n02089973/35.png
 create mode 100644 results/woof_ags_full_ipc50/dataset_0/n02089973/36.png
 create mode 100644 results/woof_ags_full_ipc50/dataset_0/n02089973/37.png
 create mode 100644 results/woof_ags_full_ipc50/dataset_0/n02089973/38.png
 create mode 100644 results/woof_ags_full_ipc50/dataset_0/n02089973/39.png
 create mode 100644 results/woof_ags_full_ipc50/dataset_0/n02089973/4.png
 create mode 100644 results/woof_ags_full_ipc50/dataset_0/n02089973/40.png
 create mode 100644 results/woof_ags_full_ipc50/dataset_0/n02089973/41.png
 create mode 100644 results/woof_ags_full_ipc50/dataset_0/n02089973/42.png
 create mode 100644 results/woof_ags_full_ipc50/dataset_0/n02089973/43.png
 create mode 100644 results/woof_ags_full_ipc50/dataset_0/n02089973/44.png
 create mode 100644 results/woof_ags_full_ipc50/dataset_0/n02089973/45.png
 create mode 100644 results/woof_ags_full_ipc50/dataset_0/n02089973/46.png
 create mode 100644 results/woof_ags_full_ipc50/dataset_0/n02089973/47.png
 create mode 100644 results/woof_ags_full_ipc50/dataset_0/n02089973/48.png
 create mode 100644 results/woof_ags_full_ipc50/dataset_0/n02089973/49.png
 create mode 100644 results/woof_ags_full_ipc50/dataset_0/n02089973/5.png
 create mode 100644 results/woof_ags_full_ipc50/dataset_0/n02089973/6.png
 create mode 100644 results/woof_ags_full_ipc50/dataset_0/n02089973/7.png
 create mode 100644 results/woof_ags_full_ipc50/dataset_0/n02089973/8.png
 create mode 100644 results/woof_ags_full_ipc50/dataset_0/n02089973/9.png
 create mode 100644 results/woof_ags_full_ipc50/dataset_0/n02093754/0.png
 create mode 100644 results/woof_ags_full_ipc50/dataset_0/n02093754/1.png
 create mode 100644 results/woof_ags_full_ipc50/dataset_0/n02093754/10.png
 create mode 100644 results/woof_ags_full_ipc50/dataset_0/n02093754/11.png
 create mode 100644 results/woof_ags_full_ipc50/dataset_0/n02093754/12.png
 create mode 100644 results/woof_ags_full_ipc50/dataset_0/n02093754/13.png
 create mode 100644 results/woof_ags_full_ipc50/dataset_0/n02093754/14.png
 create mode 100644 results/woof_ags_full_ipc50/dataset_0/n02093754/15.png
 create mode 100644 results/woof_ags_full_ipc50/dataset_0/n02093754/16.png
 create mode 100644 results/woof_ags_full_ipc50/dataset_0/n02093754/17.png
 create mode 100644 results/woof_ags_full_ipc50/dataset_0/n02093754/18.png
 create mode 100644 results/woof_ags_full_ipc50/dataset_0/n02093754/19.png
 create mode 100644 results/woof_ags_full_ipc50/dataset_0/n02093754/2.png
 create mode 100644 results/woof_ags_full_ipc50/dataset_0/n02093754/20.png
 create mode 100644 results/woof_ags_full_ipc50/dataset_0/n02093754/21.png
 create mode 100644 results/woof_ags_full_ipc50/dataset_0/n02093754/22.png
 create mode 100644 results/woof_ags_full_ipc50/dataset_0/n02093754/23.png
 create mode 100644 results/woof_ags_full_ipc50/dataset_0/n02093754/24.png
 create mode 100644 results/woof_ags_full_ipc50/dataset_0/n02093754/25.png
 create mode 100644 results/woof_ags_full_ipc50/dataset_0/n02093754/26.png
 create mode 100644 results/woof_ags_full_ipc50/dataset_0/n02093754/27.png
 create mode 100644 results/woof_ags_full_ipc50/dataset_0/n02093754/28.png
 create mode 100644 results/woof_ags_full_ipc50/dataset_0/n02093754/29.png
 create mode 100644 results/woof_ags_full_ipc50/dataset_0/n02093754/3.png
 create mode 100644 results/woof_ags_full_ipc50/dataset_0/n02093754/30.png
 create mode 100644 results/woof_ags_full_ipc50/dataset_0/n02093754/31.png
 create mode 100644 results/woof_ags_full_ipc50/dataset_0/n02093754/32.png
 create mode 100644 results/woof_ags_full_ipc50/dataset_0/n02093754/33.png
 create mode 100644 results/woof_ags_full_ipc50/dataset_0/n02093754/34.png
 create mode 100644 results/woof_ags_full_ipc50/dataset_0/n02093754/35.png
 create mode 100644 results/woof_ags_full_ipc50/dataset_0/n02093754/36.png
 create mode 100644 results/woof_ags_full_ipc50/dataset_0/n02093754/37.png
 create mode 100644 results/woof_ags_full_ipc50/dataset_0/n02093754/38.png
 create mode 100644 results/woof_ags_full_ipc50/dataset_0/n02093754/39.png
 create mode 100644 results/woof_ags_full_ipc50/dataset_0/n02093754/4.png
 create mode 100644 results/woof_ags_full_ipc50/dataset_0/n02093754/40.png
 create mode 100644 results/woof_ags_full_ipc50/dataset_0/n02093754/41.png
 create mode 100644 results/woof_ags_full_ipc50/dataset_0/n02093754/42.png
 create mode 100644 results/woof_ags_full_ipc50/dataset_0/n02093754/43.png
 create mode 100644 results/woof_ags_full_ipc50/dataset_0/n02093754/44.png
 create mode 100644 results/woof_ags_full_ipc50/dataset_0/n02093754/45.png
 create mode 100644 results/woof_ags_full_ipc50/dataset_0/n02093754/46.png
 create mode 100644 results/woof_ags_full_ipc50/dataset_0/n02093754/47.png
 create mode 100644 results/woof_ags_full_ipc50/dataset_0/n02093754/48.png
 create mode 100644 results/woof_ags_full_ipc50/dataset_0/n02093754/49.png
 create mode 100644 results/woof_ags_full_ipc50/dataset_0/n02093754/5.png
 create mode 100644 results/woof_ags_full_ipc50/dataset_0/n02093754/6.png
 create mode 100644 results/woof_ags_full_ipc50/dataset_0/n02093754/7.png
 create mode 100644 results/woof_ags_full_ipc50/dataset_0/n02093754/8.png
 create mode 100644 results/woof_ags_full_ipc50/dataset_0/n02093754/9.png
 create mode 100644 results/woof_ags_full_ipc50/dataset_0/n02096294/0.png
 create mode 100644 results/woof_ags_full_ipc50/dataset_0/n02096294/1.png
 create mode 100644 results/woof_ags_full_ipc50/dataset_0/n02096294/10.png
 create mode 100644 results/woof_ags_full_ipc50/dataset_0/n02096294/11.png
 create mode 100644 results/woof_ags_full_ipc50/dataset_0/n02096294/12.png
 create mode 100644 results/woof_ags_full_ipc50/dataset_0/n02096294/13.png
 create mode 100644 results/woof_ags_full_ipc50/dataset_0/n02096294/14.png
 create mode 100644 results/woof_ags_full_ipc50/dataset_0/n02096294/15.png
 create mode 100644 results/woof_ags_full_ipc50/dataset_0/n02096294/16.png
 create mode 100644 results/woof_ags_full_ipc50/dataset_0/n02096294/17.png
 create mode 100644 results/woof_ags_full_ipc50/dataset_0/n02096294/18.png
 create mode 100644 results/woof_ags_full_ipc50/dataset_0/n02096294/19.png
 create mode 100644 results/woof_ags_full_ipc50/dataset_0/n02096294/2.png
 create mode 100644 results/woof_ags_full_ipc50/dataset_0/n02096294/20.png
 create mode 100644 results/woof_ags_full_ipc50/dataset_0/n02096294/21.png
 create mode 100644 results/woof_ags_full_ipc50/dataset_0/n02096294/22.png
 create mode 100644 results/woof_ags_full_ipc50/dataset_0/n02096294/23.png
 create mode 100644 results/woof_ags_full_ipc50/dataset_0/n02096294/24.png
 create mode 100644 results/woof_ags_full_ipc50/dataset_0/n02096294/25.png
 create mode 100644 results/woof_ags_full_ipc50/dataset_0/n02096294/26.png
 create mode 100644 results/woof_ags_full_ipc50/dataset_0/n02096294/27.png
 create mode 100644 results/woof_ags_full_ipc50/dataset_0/n02096294/28.png
 create mode 100644 results/woof_ags_full_ipc50/dataset_0/n02096294/29.png
 create mode 100644 results/woof_ags_full_ipc50/dataset_0/n02096294/3.png
 create mode 100644 results/woof_ags_full_ipc50/dataset_0/n02096294/30.png
 create mode 100644 results/woof_ags_full_ipc50/dataset_0/n02096294/31.png
 create mode 100644 results/woof_ags_full_ipc50/dataset_0/n02096294/32.png
 create mode 100644 results/woof_ags_full_ipc50/dataset_0/n02096294/33.png
 create mode 100644 results/woof_ags_full_ipc50/dataset_0/n02096294/34.png
 create mode 100644 results/woof_ags_full_ipc50/dataset_0/n02096294/35.png
 create mode 100644 results/woof_ags_full_ipc50/dataset_0/n02096294/36.png
 create mode 100644 results/woof_ags_full_ipc50/dataset_0/n02096294/37.png
 create mode 100644 results/woof_ags_full_ipc50/dataset_0/n02096294/38.png
 create mode 100644 results/woof_ags_full_ipc50/dataset_0/n02096294/39.png
 create mode 100644 results/woof_ags_full_ipc50/dataset_0/n02096294/4.png
 create mode 100644 results/woof_ags_full_ipc50/dataset_0/n02096294/40.png
 create mode 100644 results/woof_ags_full_ipc50/dataset_0/n02096294/41.png
 create mode 100644 results/woof_ags_full_ipc50/dataset_0/n02096294/42.png
 create mode 100644 results/woof_ags_full_ipc50/dataset_0/n02096294/43.png
 create mode 100644 results/woof_ags_full_ipc50/dataset_0/n02096294/44.png
 create mode 100644 results/woof_ags_full_ipc50/dataset_0/n02096294/45.png
 create mode 100644 results/woof_ags_full_ipc50/dataset_0/n02096294/46.png
 create mode 100644 results/woof_ags_full_ipc50/dataset_0/n02096294/47.png
 create mode 100644 results/woof_ags_full_ipc50/dataset_0/n02096294/48.png
 create mode 100644 results/woof_ags_full_ipc50/dataset_0/n02096294/49.png
 create mode 100644 results/woof_ags_full_ipc50/dataset_0/n02096294/5.png
 create mode 100644 results/woof_ags_full_ipc50/dataset_0/n02096294/6.png
 create mode 100644 results/woof_ags_full_ipc50/dataset_0/n02096294/7.png
 create mode 100644 results/woof_ags_full_ipc50/dataset_0/n02096294/8.png
 create mode 100644 results/woof_ags_full_ipc50/dataset_0/n02096294/9.png
 create mode 100644 results/woof_ags_full_ipc50/dataset_0/n02099601/0.png
 create mode 100644 results/woof_ags_full_ipc50/dataset_0/n02099601/1.png
 create mode 100644 results/woof_ags_full_ipc50/dataset_0/n02099601/10.png
 create mode 100644 results/woof_ags_full_ipc50/dataset_0/n02099601/11.png
 create mode 100644 results/woof_ags_full_ipc50/dataset_0/n02099601/12.png
 create mode 100644 results/woof_ags_full_ipc50/dataset_0/n02099601/13.png
 create mode 100644 results/woof_ags_full_ipc50/dataset_0/n02099601/14.png
 create mode 100644 results/woof_ags_full_ipc50/dataset_0/n02099601/15.png
 create mode 100644 results/woof_ags_full_ipc50/dataset_0/n02099601/16.png
 create mode 100644 results/woof_ags_full_ipc50/dataset_0/n02099601/17.png
 create mode 100644 results/woof_ags_full_ipc50/dataset_0/n02099601/18.png
 create mode 100644 results/woof_ags_full_ipc50/dataset_0/n02099601/19.png
 create mode 100644 results/woof_ags_full_ipc50/dataset_0/n02099601/2.png
 create mode 100644 results/woof_ags_full_ipc50/dataset_0/n02099601/20.png
 create mode 100644 results/woof_ags_full_ipc50/dataset_0/n02099601/21.png
 create mode 100644 results/woof_ags_full_ipc50/dataset_0/n02099601/22.png
 create mode 100644 results/woof_ags_full_ipc50/dataset_0/n02099601/23.png
 create mode 100644 results/woof_ags_full_ipc50/dataset_0/n02099601/24.png
 create mode 100644 results/woof_ags_full_ipc50/dataset_0/n02099601/25.png
 create mode 100644 results/woof_ags_full_ipc50/dataset_0/n02099601/26.png
 create mode 100644 results/woof_ags_full_ipc50/dataset_0/n02099601/27.png
 create mode 100644 results/woof_ags_full_ipc50/dataset_0/n02099601/28.png
 create mode 100644 results/woof_ags_full_ipc50/dataset_0/n02099601/29.png
 create mode 100644 results/woof_ags_full_ipc50/dataset_0/n02099601/3.png
 create mode 100644 results/woof_ags_full_ipc50/dataset_0/n02099601/30.png
 create mode 100644 results/woof_ags_full_ipc50/dataset_0/n02099601/31.png
 create mode 100644 results/woof_ags_full_ipc50/dataset_0/n02099601/32.png
 create mode 100644 results/woof_ags_full_ipc50/dataset_0/n02099601/33.png
 create mode 100644 results/woof_ags_full_ipc50/dataset_0/n02099601/34.png
 create mode 100644 results/woof_ags_full_ipc50/dataset_0/n02099601/35.png
 create mode 100644 results/woof_ags_full_ipc50/dataset_0/n02099601/36.png
 create mode 100644 results/woof_ags_full_ipc50/dataset_0/n02099601/37.png
 create mode 100644 results/woof_ags_full_ipc50/dataset_0/n02099601/38.png
 create mode 100644 results/woof_ags_full_ipc50/dataset_0/n02099601/39.png
 create mode 100644 results/woof_ags_full_ipc50/dataset_0/n02099601/4.png
 create mode 100644 results/woof_ags_full_ipc50/dataset_0/n02099601/40.png
 create mode 100644 results/woof_ags_full_ipc50/dataset_0/n02099601/41.png
 create mode 100644 results/woof_ags_full_ipc50/dataset_0/n02099601/42.png
 create mode 100644 results/woof_ags_full_ipc50/dataset_0/n02099601/43.png
 create mode 100644 results/woof_ags_full_ipc50/dataset_0/n02099601/44.png
 create mode 100644 results/woof_ags_full_ipc50/dataset_0/n02099601/45.png
 create mode 100644 results/woof_ags_full_ipc50/dataset_0/n02099601/46.png
 create mode 100644 results/woof_ags_full_ipc50/dataset_0/n02099601/47.png
 create mode 100644 results/woof_ags_full_ipc50/dataset_0/n02099601/48.png
 create mode 100644 results/woof_ags_full_ipc50/dataset_0/n02099601/49.png
 create mode 100644 results/woof_ags_full_ipc50/dataset_0/n02099601/5.png
 create mode 100644 results/woof_ags_full_ipc50/dataset_0/n02099601/6.png
 create mode 100644 results/woof_ags_full_ipc50/dataset_0/n02099601/7.png
 create mode 100644 results/woof_ags_full_ipc50/dataset_0/n02099601/8.png
 create mode 100644 results/woof_ags_full_ipc50/dataset_0/n02099601/9.png
 create mode 100644 results/woof_ags_full_ipc50/dataset_0/n02105641/0.png
 create mode 100644 results/woof_ags_full_ipc50/dataset_0/n02105641/1.png
 create mode 100644 results/woof_ags_full_ipc50/dataset_0/n02105641/10.png
 create mode 100644 results/woof_ags_full_ipc50/dataset_0/n02105641/11.png
 create mode 100644 results/woof_ags_full_ipc50/dataset_0/n02105641/12.png
 create mode 100644 results/woof_ags_full_ipc50/dataset_0/n02105641/13.png
 create mode 100644 results/woof_ags_full_ipc50/dataset_0/n02105641/14.png
 create mode 100644 results/woof_ags_full_ipc50/dataset_0/n02105641/15.png
 create mode 100644 results/woof_ags_full_ipc50/dataset_0/n02105641/16.png
 create mode 100644 results/woof_ags_full_ipc50/dataset_0/n02105641/17.png
 create mode 100644 results/woof_ags_full_ipc50/dataset_0/n02105641/18.png
 create mode 100644 results/woof_ags_full_ipc50/dataset_0/n02105641/19.png
 create mode 100644 results/woof_ags_full_ipc50/dataset_0/n02105641/2.png
 create mode 100644 results/woof_ags_full_ipc50/dataset_0/n02105641/20.png
 create mode 100644 results/woof_ags_full_ipc50/dataset_0/n02105641/21.png
 create mode 100644 results/woof_ags_full_ipc50/dataset_0/n02105641/22.png
 create mode 100644 results/woof_ags_full_ipc50/dataset_0/n02105641/23.png
 create mode 100644 results/woof_ags_full_ipc50/dataset_0/n02105641/24.png
 create mode 100644 results/woof_ags_full_ipc50/dataset_0/n02105641/25.png
 create mode 100644 results/woof_ags_full_ipc50/dataset_0/n02105641/26.png
 create mode 100644 results/woof_ags_full_ipc50/dataset_0/n02105641/27.png
 create mode 100644 results/woof_ags_full_ipc50/dataset_0/n02105641/28.png
 create mode 100644 results/woof_ags_full_ipc50/dataset_0/n02105641/29.png
 create mode 100644 results/woof_ags_full_ipc50/dataset_0/n02105641/3.png
 create mode 100644 results/woof_ags_full_ipc50/dataset_0/n02105641/30.png
 create mode 100644 results/woof_ags_full_ipc50/dataset_0/n02105641/31.png
 create mode 100644 results/woof_ags_full_ipc50/dataset_0/n02105641/32.png
 create mode 100644 results/woof_ags_full_ipc50/dataset_0/n02105641/33.png
 create mode 100644 results/woof_ags_full_ipc50/dataset_0/n02105641/34.png
 create mode 100644 results/woof_ags_full_ipc50/dataset_0/n02105641/35.png
 create mode 100644 results/woof_ags_full_ipc50/dataset_0/n02105641/36.png
 create mode 100644 results/woof_ags_full_ipc50/dataset_0/n02105641/37.png
 create mode 100644 results/woof_ags_full_ipc50/dataset_0/n02105641/38.png
 create mode 100644 results/woof_ags_full_ipc50/dataset_0/n02105641/39.png
 create mode 100644 results/woof_ags_full_ipc50/dataset_0/n02105641/4.png
 create mode 100644 results/woof_ags_full_ipc50/dataset_0/n02105641/40.png
 create mode 100644 results/woof_ags_full_ipc50/dataset_0/n02105641/41.png
 create mode 100644 results/woof_ags_full_ipc50/dataset_0/n02105641/42.png
 create mode 100644 results/woof_ags_full_ipc50/dataset_0/n02105641/43.png
 create mode 100644 results/woof_ags_full_ipc50/dataset_0/n02105641/44.png
 create mode 100644 results/woof_ags_full_ipc50/dataset_0/n02105641/45.png
 create mode 100644 results/woof_ags_full_ipc50/dataset_0/n02105641/46.png
 create mode 100644 results/woof_ags_full_ipc50/dataset_0/n02105641/47.png
 create mode 100644 results/woof_ags_full_ipc50/dataset_0/n02105641/48.png
 create mode 100644 results/woof_ags_full_ipc50/dataset_0/n02105641/49.png
 create mode 100644 results/woof_ags_full_ipc50/dataset_0/n02105641/5.png
 create mode 100644 results/woof_ags_full_ipc50/dataset_0/n02105641/6.png
 create mode 100644 results/woof_ags_full_ipc50/dataset_0/n02105641/7.png
 create mode 100644 results/woof_ags_full_ipc50/dataset_0/n02105641/8.png
 create mode 100644 results/woof_ags_full_ipc50/dataset_0/n02105641/9.png
 create mode 100644 results/woof_ags_full_ipc50/dataset_0/n02111889/0.png
 create mode 100644 results/woof_ags_full_ipc50/dataset_0/n02111889/1.png
 create mode 100644 results/woof_ags_full_ipc50/dataset_0/n02111889/10.png
 create mode 100644 results/woof_ags_full_ipc50/dataset_0/n02111889/11.png
 create mode 100644 results/woof_ags_full_ipc50/dataset_0/n02111889/12.png
 create mode 100644 results/woof_ags_full_ipc50/dataset_0/n02111889/13.png
 create mode 100644 results/woof_ags_full_ipc50/dataset_0/n02111889/14.png
 create mode 100644 results/woof_ags_full_ipc50/dataset_0/n02111889/15.png
 create mode 100644 results/woof_ags_full_ipc50/dataset_0/n02111889/16.png
 create mode 100644 results/woof_ags_full_ipc50/dataset_0/n02111889/17.png
 create mode 100644 results/woof_ags_full_ipc50/dataset_0/n02111889/18.png
 create mode 100644 results/woof_ags_full_ipc50/dataset_0/n02111889/19.png
 create mode 100644 results/woof_ags_full_ipc50/dataset_0/n02111889/2.png
 create mode 100644 results/woof_ags_full_ipc50/dataset_0/n02111889/20.png
 create mode 100644 results/woof_ags_full_ipc50/dataset_0/n02111889/21.png
 create mode 100644 results/woof_ags_full_ipc50/dataset_0/n02111889/22.png
 create mode 100644 results/woof_ags_full_ipc50/dataset_0/n02111889/23.png
 create mode 100644 results/woof_ags_full_ipc50/dataset_0/n02111889/24.png
 create mode 100644 results/woof_ags_full_ipc50/dataset_0/n02111889/25.png
 create mode 100644 results/woof_ags_full_ipc50/dataset_0/n02111889/26.png
 create mode 100644 results/woof_ags_full_ipc50/dataset_0/n02111889/27.png
 create mode 100644 results/woof_ags_full_ipc50/dataset_0/n02111889/28.png
 create mode 100644 results/woof_ags_full_ipc50/dataset_0/n02111889/29.png
 create mode 100644 results/woof_ags_full_ipc50/dataset_0/n02111889/3.png
 create mode 100644 results/woof_ags_full_ipc50/dataset_0/n02111889/30.png
 create mode 100644 results/woof_ags_full_ipc50/dataset_0/n02111889/31.png
 create mode 100644 results/woof_ags_full_ipc50/dataset_0/n02111889/32.png
 create mode 100644 results/woof_ags_full_ipc50/dataset_0/n02111889/33.png
 create mode 100644 results/woof_ags_full_ipc50/dataset_0/n02111889/34.png
 create mode 100644 results/woof_ags_full_ipc50/dataset_0/n02111889/35.png
 create mode 100644 results/woof_ags_full_ipc50/dataset_0/n02111889/36.png
 create mode 100644 results/woof_ags_full_ipc50/dataset_0/n02111889/37.png
 create mode 100644 results/woof_ags_full_ipc50/dataset_0/n02111889/38.png
 create mode 100644 results/woof_ags_full_ipc50/dataset_0/n02111889/39.png
 create mode 100644 results/woof_ags_full_ipc50/dataset_0/n02111889/4.png
 create mode 100644 results/woof_ags_full_ipc50/dataset_0/n02111889/40.png
 create mode 100644 results/woof_ags_full_ipc50/dataset_0/n02111889/41.png
 create mode 100644 results/woof_ags_full_ipc50/dataset_0/n02111889/42.png
 create mode 100644 results/woof_ags_full_ipc50/dataset_0/n02111889/43.png
 create mode 100644 results/woof_ags_full_ipc50/dataset_0/n02111889/44.png
 create mode 100644 results/woof_ags_full_ipc50/dataset_0/n02111889/45.png
 create mode 100644 results/woof_ags_full_ipc50/dataset_0/n02111889/46.png
 create mode 100644 results/woof_ags_full_ipc50/dataset_0/n02111889/47.png
 create mode 100644 results/woof_ags_full_ipc50/dataset_0/n02111889/48.png
 create mode 100644 results/woof_ags_full_ipc50/dataset_0/n02111889/49.png
 create mode 100644 results/woof_ags_full_ipc50/dataset_0/n02111889/5.png
 create mode 100644 results/woof_ags_full_ipc50/dataset_0/n02111889/6.png
 create mode 100644 results/woof_ags_full_ipc50/dataset_0/n02111889/7.png
 create mode 100644 results/woof_ags_full_ipc50/dataset_0/n02111889/8.png
 create mode 100644 results/woof_ags_full_ipc50/dataset_0/n02111889/9.png
 create mode 100644 results/woof_ags_full_ipc50/dataset_0/n02115641/0.png
 create mode 100644 results/woof_ags_full_ipc50/dataset_0/n02115641/1.png
 create mode 100644 results/woof_ags_full_ipc50/dataset_0/n02115641/10.png
 create mode 100644 results/woof_ags_full_ipc50/dataset_0/n02115641/11.png
 create mode 100644 results/woof_ags_full_ipc50/dataset_0/n02115641/12.png
 create mode 100644 results/woof_ags_full_ipc50/dataset_0/n02115641/13.png
 create mode 100644 results/woof_ags_full_ipc50/dataset_0/n02115641/14.png
 create mode 100644 results/woof_ags_full_ipc50/dataset_0/n02115641/15.png
 create mode 100644 results/woof_ags_full_ipc50/dataset_0/n02115641/16.png
 create mode 100644 results/woof_ags_full_ipc50/dataset_0/n02115641/17.png
 create mode 100644 results/woof_ags_full_ipc50/dataset_0/n02115641/18.png
 create mode 100644 results/woof_ags_full_ipc50/dataset_0/n02115641/19.png
 create mode 100644 results/woof_ags_full_ipc50/dataset_0/n02115641/2.png
 create mode 100644 results/woof_ags_full_ipc50/dataset_0/n02115641/20.png
 create mode 100644 results/woof_ags_full_ipc50/dataset_0/n02115641/21.png
 create mode 100644 results/woof_ags_full_ipc50/dataset_0/n02115641/22.png
 create mode 100644 results/woof_ags_full_ipc50/dataset_0/n02115641/23.png
 create mode 100644 results/woof_ags_full_ipc50/dataset_0/n02115641/24.png
 create mode 100644 results/woof_ags_full_ipc50/dataset_0/n02115641/25.png
 create mode 100644 results/woof_ags_full_ipc50/dataset_0/n02115641/26.png
 create mode 100644 results/woof_ags_full_ipc50/dataset_0/n02115641/27.png
 create mode 100644 results/woof_ags_full_ipc50/dataset_0/n02115641/28.png
 create mode 100644 results/woof_ags_full_ipc50/dataset_0/n02115641/29.png
 create mode 100644 results/woof_ags_full_ipc50/dataset_0/n02115641/3.png
 create mode 100644 results/woof_ags_full_ipc50/dataset_0/n02115641/30.png
 create mode 100644 results/woof_ags_full_ipc50/dataset_0/n02115641/31.png
 create mode 100644 results/woof_ags_full_ipc50/dataset_0/n02115641/32.png
 create mode 100644 results/woof_ags_full_ipc50/dataset_0/n02115641/33.png
 create mode 100644 results/woof_ags_full_ipc50/dataset_0/n02115641/34.png
 create mode 100644 results/woof_ags_full_ipc50/dataset_0/n02115641/35.png
 create mode 100644 results/woof_ags_full_ipc50/dataset_0/n02115641/36.png
 create mode 100644 results/woof_ags_full_ipc50/dataset_0/n02115641/37.png
 create mode 100644 results/woof_ags_full_ipc50/dataset_0/n02115641/38.png
 create mode 100644 results/woof_ags_full_ipc50/dataset_0/n02115641/39.png
 create mode 100644 results/woof_ags_full_ipc50/dataset_0/n02115641/4.png
 create mode 100644 results/woof_ags_full_ipc50/dataset_0/n02115641/40.png
 create mode 100644 results/woof_ags_full_ipc50/dataset_0/n02115641/41.png
 create mode 100644 results/woof_ags_full_ipc50/dataset_0/n02115641/42.png
 create mode 100644 results/woof_ags_full_ipc50/dataset_0/n02115641/43.png
 create mode 100644 results/woof_ags_full_ipc50/dataset_0/n02115641/44.png
 create mode 100644 results/woof_ags_full_ipc50/dataset_0/n02115641/45.png
 create mode 100644 results/woof_ags_full_ipc50/dataset_0/n02115641/46.png
 create mode 100644 results/woof_ags_full_ipc50/dataset_0/n02115641/47.png
 create mode 100644 results/woof_ags_full_ipc50/dataset_0/n02115641/48.png
 create mode 100644 results/woof_ags_full_ipc50/dataset_0/n02115641/49.png
 create mode 100644 results/woof_ags_full_ipc50/dataset_0/n02115641/5.png
 create mode 100644 results/woof_ags_full_ipc50/dataset_0/n02115641/6.png
 create mode 100644 results/woof_ags_full_ipc50/dataset_0/n02115641/7.png
 create mode 100644 results/woof_ags_full_ipc50/dataset_0/n02115641/8.png
 create mode 100644 results/woof_ags_full_ipc50/dataset_0/n02115641/9.png
 create mode 100644 results/woof_ags_full_ipc50/dataset_1/n02086240/0.png
 create mode 100644 results/woof_ags_full_ipc50/dataset_1/n02086240/1.png
 create mode 100644 results/woof_ags_full_ipc50/dataset_1/n02086240/10.png
 create mode 100644 results/woof_ags_full_ipc50/dataset_1/n02086240/11.png
 create mode 100644 results/woof_ags_full_ipc50/dataset_1/n02086240/12.png
 create mode 100644 results/woof_ags_full_ipc50/dataset_1/n02086240/13.png
 create mode 100644 results/woof_ags_full_ipc50/dataset_1/n02086240/14.png
 create mode 100644 results/woof_ags_full_ipc50/dataset_1/n02086240/15.png
 create mode 100644 results/woof_ags_full_ipc50/dataset_1/n02086240/16.png
 create mode 100644 results/woof_ags_full_ipc50/dataset_1/n02086240/17.png
 create mode 100644 results/woof_ags_full_ipc50/dataset_1/n02086240/18.png
 create mode 100644 results/woof_ags_full_ipc50/dataset_1/n02086240/19.png
 create mode 100644 results/woof_ags_full_ipc50/dataset_1/n02086240/2.png
 create mode 100644 results/woof_ags_full_ipc50/dataset_1/n02086240/20.png
 create mode 100644 results/woof_ags_full_ipc50/dataset_1/n02086240/21.png
 create mode 100644 results/woof_ags_full_ipc50/dataset_1/n02086240/22.png
 create mode 100644 results/woof_ags_full_ipc50/dataset_1/n02086240/23.png
 create mode 100644 results/woof_ags_full_ipc50/dataset_1/n02086240/24.png
 create mode 100644 results/woof_ags_full_ipc50/dataset_1/n02086240/25.png
 create mode 100644 results/woof_ags_full_ipc50/dataset_1/n02086240/26.png
 create mode 100644 results/woof_ags_full_ipc50/dataset_1/n02086240/27.png
 create mode 100644 results/woof_ags_full_ipc50/dataset_1/n02086240/28.png
 create mode 100644 results/woof_ags_full_ipc50/dataset_1/n02086240/29.png
 create mode 100644 results/woof_ags_full_ipc50/dataset_1/n02086240/3.png
 create mode 100644 results/woof_ags_full_ipc50/dataset_1/n02086240/30.png
 create mode 100644 results/woof_ags_full_ipc50/dataset_1/n02086240/31.png
 create mode 100644 results/woof_ags_full_ipc50/dataset_1/n02086240/32.png
 create mode 100644 results/woof_ags_full_ipc50/dataset_1/n02086240/33.png
 create mode 100644 results/woof_ags_full_ipc50/dataset_1/n02086240/34.png
 create mode 100644 results/woof_ags_full_ipc50/dataset_1/n02086240/35.png
 create mode 100644 results/woof_ags_full_ipc50/dataset_1/n02086240/36.png
 create mode 100644 results/woof_ags_full_ipc50/dataset_1/n02086240/37.png
 create mode 100644 results/woof_ags_full_ipc50/dataset_1/n02086240/38.png
 create mode 100644 results/woof_ags_full_ipc50/dataset_1/n02086240/39.png
 create mode 100644 results/woof_ags_full_ipc50/dataset_1/n02086240/4.png
 create mode 100644 results/woof_ags_full_ipc50/dataset_1/n02086240/40.png
 create mode 100644 results/woof_ags_full_ipc50/dataset_1/n02086240/41.png
 create mode 100644 results/woof_ags_full_ipc50/dataset_1/n02086240/42.png
 create mode 100644 results/woof_ags_full_ipc50/dataset_1/n02086240/43.png
 create mode 100644 results/woof_ags_full_ipc50/dataset_1/n02086240/44.png
 create mode 100644 results/woof_ags_full_ipc50/dataset_1/n02086240/45.png
 create mode 100644 results/woof_ags_full_ipc50/dataset_1/n02086240/46.png
 create mode 100644 results/woof_ags_full_ipc50/dataset_1/n02086240/47.png
 create mode 100644 results/woof_ags_full_ipc50/dataset_1/n02086240/48.png
 create mode 100644 results/woof_ags_full_ipc50/dataset_1/n02086240/49.png
 create mode 100644 results/woof_ags_full_ipc50/dataset_1/n02086240/5.png
 create mode 100644 results/woof_ags_full_ipc50/dataset_1/n02086240/6.png
 create mode 100644 results/woof_ags_full_ipc50/dataset_1/n02086240/7.png
 create mode 100644 results/woof_ags_full_ipc50/dataset_1/n02086240/8.png
 create mode 100644 results/woof_ags_full_ipc50/dataset_1/n02086240/9.png
 create mode 100644 results/woof_ags_full_ipc50/dataset_1/n02087394/0.png
 create mode 100644 results/woof_ags_full_ipc50/dataset_1/n02087394/1.png
 create mode 100644 results/woof_ags_full_ipc50/dataset_1/n02087394/10.png
 create mode 100644 results/woof_ags_full_ipc50/dataset_1/n02087394/11.png
 create mode 100644 results/woof_ags_full_ipc50/dataset_1/n02087394/12.png
 create mode 100644 results/woof_ags_full_ipc50/dataset_1/n02087394/13.png
 create mode 100644 results/woof_ags_full_ipc50/dataset_1/n02087394/14.png
 create mode 100644 results/woof_ags_full_ipc50/dataset_1/n02087394/15.png
 create mode 100644 results/woof_ags_full_ipc50/dataset_1/n02087394/16.png
 create mode 100644 results/woof_ags_full_ipc50/dataset_1/n02087394/17.png
 create mode 100644 results/woof_ags_full_ipc50/dataset_1/n02087394/18.png
 create mode 100644 results/woof_ags_full_ipc50/dataset_1/n02087394/19.png
 create mode 100644 results/woof_ags_full_ipc50/dataset_1/n02087394/2.png
 create mode 100644 results/woof_ags_full_ipc50/dataset_1/n02087394/20.png
 create mode 100644 results/woof_ags_full_ipc50/dataset_1/n02087394/21.png
 create mode 100644 results/woof_ags_full_ipc50/dataset_1/n02087394/22.png
 create mode 100644 results/woof_ags_full_ipc50/dataset_1/n02087394/23.png
 create mode 100644 results/woof_ags_full_ipc50/dataset_1/n02087394/24.png
 create mode 100644 results/woof_ags_full_ipc50/dataset_1/n02087394/25.png
 create mode 100644 results/woof_ags_full_ipc50/dataset_1/n02087394/26.png
 create mode 100644 results/woof_ags_full_ipc50/dataset_1/n02087394/27.png
 create mode 100644 results/woof_ags_full_ipc50/dataset_1/n02087394/28.png
 create mode 100644 results/woof_ags_full_ipc50/dataset_1/n02087394/29.png
 create mode 100644 results/woof_ags_full_ipc50/dataset_1/n02087394/3.png
 create mode 100644 results/woof_ags_full_ipc50/dataset_1/n02087394/30.png
 create mode 100644 results/woof_ags_full_ipc50/dataset_1/n02087394/31.png
 create mode 100644 results/woof_ags_full_ipc50/dataset_1/n02087394/32.png
 create mode 100644 results/woof_ags_full_ipc50/dataset_1/n02087394/33.png
 create mode 100644 results/woof_ags_full_ipc50/dataset_1/n02087394/34.png
 create mode 100644 results/woof_ags_full_ipc50/dataset_1/n02087394/35.png
 create mode 100644 results/woof_ags_full_ipc50/dataset_1/n02087394/36.png
 create mode 100644 results/woof_ags_full_ipc50/dataset_1/n02087394/37.png
 create mode 100644 results/woof_ags_full_ipc50/dataset_1/n02087394/38.png
 create mode 100644 results/woof_ags_full_ipc50/dataset_1/n02087394/39.png
 create mode 100644 results/woof_ags_full_ipc50/dataset_1/n02087394/4.png
 create mode 100644 results/woof_ags_full_ipc50/dataset_1/n02087394/40.png
 create mode 100644 results/woof_ags_full_ipc50/dataset_1/n02087394/41.png
 create mode 100644 results/woof_ags_full_ipc50/dataset_1/n02087394/42.png
 create mode 100644 results/woof_ags_full_ipc50/dataset_1/n02087394/43.png
 create mode 100644 results/woof_ags_full_ipc50/dataset_1/n02087394/44.png
 create mode 100644 results/woof_ags_full_ipc50/dataset_1/n02087394/45.png
 create mode 100644 results/woof_ags_full_ipc50/dataset_1/n02087394/46.png
 create mode 100644 results/woof_ags_full_ipc50/dataset_1/n02087394/47.png
 create mode 100644 results/woof_ags_full_ipc50/dataset_1/n02087394/48.png
 create mode 100644 results/woof_ags_full_ipc50/dataset_1/n02087394/49.png
 create mode 100644 results/woof_ags_full_ipc50/dataset_1/n02087394/5.png
 create mode 100644 results/woof_ags_full_ipc50/dataset_1/n02087394/6.png
 create mode 100644 results/woof_ags_full_ipc50/dataset_1/n02087394/7.png
 create mode 100644 results/woof_ags_full_ipc50/dataset_1/n02087394/8.png
 create mode 100644 results/woof_ags_full_ipc50/dataset_1/n02087394/9.png
 create mode 100644 results/woof_ags_full_ipc50/dataset_1/n02088364/0.png
 create mode 100644 results/woof_ags_full_ipc50/dataset_1/n02088364/1.png
 create mode 100644 results/woof_ags_full_ipc50/dataset_1/n02088364/10.png
 create mode 100644 results/woof_ags_full_ipc50/dataset_1/n02088364/11.png
 create mode 100644 results/woof_ags_full_ipc50/dataset_1/n02088364/12.png
 create mode 100644 results/woof_ags_full_ipc50/dataset_1/n02088364/13.png
 create mode 100644 results/woof_ags_full_ipc50/dataset_1/n02088364/14.png
 create mode 100644 results/woof_ags_full_ipc50/dataset_1/n02088364/15.png
 create mode 100644 results/woof_ags_full_ipc50/dataset_1/n02088364/16.png
 create mode 100644 results/woof_ags_full_ipc50/dataset_1/n02088364/17.png
 create mode 100644 results/woof_ags_full_ipc50/dataset_1/n02088364/18.png
 create mode 100644 results/woof_ags_full_ipc50/dataset_1/n02088364/19.png
 create mode 100644 results/woof_ags_full_ipc50/dataset_1/n02088364/2.png
 create mode 100644 results/woof_ags_full_ipc50/dataset_1/n02088364/20.png
 create mode 100644 results/woof_ags_full_ipc50/dataset_1/n02088364/21.png
 create mode 100644 results/woof_ags_full_ipc50/dataset_1/n02088364/22.png
 create mode 100644 results/woof_ags_full_ipc50/dataset_1/n02088364/23.png
 create mode 100644 results/woof_ags_full_ipc50/dataset_1/n02088364/24.png
 create mode 100644 results/woof_ags_full_ipc50/dataset_1/n02088364/25.png
 create mode 100644 results/woof_ags_full_ipc50/dataset_1/n02088364/26.png
 create mode 100644 results/woof_ags_full_ipc50/dataset_1/n02088364/27.png
 create mode 100644 results/woof_ags_full_ipc50/dataset_1/n02088364/28.png
 create mode 100644 results/woof_ags_full_ipc50/dataset_1/n02088364/29.png
 create mode 100644 results/woof_ags_full_ipc50/dataset_1/n02088364/3.png
 create mode 100644 results/woof_ags_full_ipc50/dataset_1/n02088364/30.png
 create mode 100644 results/woof_ags_full_ipc50/dataset_1/n02088364/31.png
 create mode 100644 results/woof_ags_full_ipc50/dataset_1/n02088364/32.png
 create mode 100644 results/woof_ags_full_ipc50/dataset_1/n02088364/33.png
 create mode 100644 results/woof_ags_full_ipc50/dataset_1/n02088364/34.png
 create mode 100644 results/woof_ags_full_ipc50/dataset_1/n02088364/35.png
 create mode 100644 results/woof_ags_full_ipc50/dataset_1/n02088364/36.png
 create mode 100644 results/woof_ags_full_ipc50/dataset_1/n02088364/37.png
 create mode 100644 results/woof_ags_full_ipc50/dataset_1/n02088364/38.png
 create mode 100644 results/woof_ags_full_ipc50/dataset_1/n02088364/39.png
 create mode 100644 results/woof_ags_full_ipc50/dataset_1/n02088364/4.png
 create mode 100644 results/woof_ags_full_ipc50/dataset_1/n02088364/40.png
 create mode 100644 results/woof_ags_full_ipc50/dataset_1/n02088364/41.png
 create mode 100644 results/woof_ags_full_ipc50/dataset_1/n02088364/42.png
 create mode 100644 results/woof_ags_full_ipc50/dataset_1/n02088364/43.png
 create mode 100644 results/woof_ags_full_ipc50/dataset_1/n02088364/44.png
 create mode 100644 results/woof_ags_full_ipc50/dataset_1/n02088364/45.png
 create mode 100644 results/woof_ags_full_ipc50/dataset_1/n02088364/46.png
 create mode 100644 results/woof_ags_full_ipc50/dataset_1/n02088364/47.png
 create mode 100644 results/woof_ags_full_ipc50/dataset_1/n02088364/48.png
 create mode 100644 results/woof_ags_full_ipc50/dataset_1/n02088364/49.png
 create mode 100644 results/woof_ags_full_ipc50/dataset_1/n02088364/5.png
 create mode 100644 results/woof_ags_full_ipc50/dataset_1/n02088364/6.png
 create mode 100644 results/woof_ags_full_ipc50/dataset_1/n02088364/7.png
 create mode 100644 results/woof_ags_full_ipc50/dataset_1/n02088364/8.png
 create mode 100644 results/woof_ags_full_ipc50/dataset_1/n02088364/9.png
 create mode 100644 results/woof_ags_full_ipc50/dataset_1/n02089973/0.png
 create mode 100644 results/woof_ags_full_ipc50/dataset_1/n02089973/1.png
 create mode 100644 results/woof_ags_full_ipc50/dataset_1/n02089973/10.png
 create mode 100644 results/woof_ags_full_ipc50/dataset_1/n02089973/11.png
 create mode 100644 results/woof_ags_full_ipc50/dataset_1/n02089973/12.png
 create mode 100644 results/woof_ags_full_ipc50/dataset_1/n02089973/13.png
 create mode 100644 results/woof_ags_full_ipc50/dataset_1/n02089973/14.png
 create mode 100644 results/woof_ags_full_ipc50/dataset_1/n02089973/15.png
 create mode 100644 results/woof_ags_full_ipc50/dataset_1/n02089973/16.png
 create mode 100644 results/woof_ags_full_ipc50/dataset_1/n02089973/17.png
 create mode 100644 results/woof_ags_full_ipc50/dataset_1/n02089973/18.png
 create mode 100644 results/woof_ags_full_ipc50/dataset_1/n02089973/19.png
 create mode 100644 results/woof_ags_full_ipc50/dataset_1/n02089973/2.png
 create mode 100644 results/woof_ags_full_ipc50/dataset_1/n02089973/20.png
 create mode 100644 results/woof_ags_full_ipc50/dataset_1/n02089973/21.png
 create mode 100644 results/woof_ags_full_ipc50/dataset_1/n02089973/22.png
 create mode 100644 results/woof_ags_full_ipc50/dataset_1/n02089973/23.png
 create mode 100644 results/woof_ags_full_ipc50/dataset_1/n02089973/24.png
 create mode 100644 results/woof_ags_full_ipc50/dataset_1/n02089973/25.png
 create mode 100644 results/woof_ags_full_ipc50/dataset_1/n02089973/26.png
 create mode 100644 results/woof_ags_full_ipc50/dataset_1/n02089973/27.png
 create mode 100644 results/woof_ags_full_ipc50/dataset_1/n02089973/28.png
 create mode 100644 results/woof_ags_full_ipc50/dataset_1/n02089973/29.png
 create mode 100644 results/woof_ags_full_ipc50/dataset_1/n02089973/3.png
 create mode 100644 results/woof_ags_full_ipc50/dataset_1/n02089973/30.png
 create mode 100644 results/woof_ags_full_ipc50/dataset_1/n02089973/31.png
 create mode 100644 results/woof_ags_full_ipc50/dataset_1/n02089973/32.png
 create mode 100644 results/woof_ags_full_ipc50/dataset_1/n02089973/33.png
 create mode 100644 results/woof_ags_full_ipc50/dataset_1/n02089973/34.png
 create mode 100644 results/woof_ags_full_ipc50/dataset_1/n02089973/35.png
 create mode 100644 results/woof_ags_full_ipc50/dataset_1/n02089973/36.png
 create mode 100644 results/woof_ags_full_ipc50/dataset_1/n02089973/37.png
 create mode 100644 results/woof_ags_full_ipc50/dataset_1/n02089973/38.png
 create mode 100644 results/woof_ags_full_ipc50/dataset_1/n02089973/39.png
 create mode 100644 results/woof_ags_full_ipc50/dataset_1/n02089973/4.png
 create mode 100644 results/woof_ags_full_ipc50/dataset_1/n02089973/40.png
 create mode 100644 results/woof_ags_full_ipc50/dataset_1/n02089973/41.png
 create mode 100644 results/woof_ags_full_ipc50/dataset_1/n02089973/42.png
 create mode 100644 results/woof_ags_full_ipc50/dataset_1/n02089973/43.png
 create mode 100644 results/woof_ags_full_ipc50/dataset_1/n02089973/44.png
 create mode 100644 results/woof_ags_full_ipc50/dataset_1/n02089973/45.png
 create mode 100644 results/woof_ags_full_ipc50/dataset_1/n02089973/46.png
 create mode 100644 results/woof_ags_full_ipc50/dataset_1/n02089973/47.png
 create mode 100644 results/woof_ags_full_ipc50/dataset_1/n02089973/48.png
 create mode 100644 results/woof_ags_full_ipc50/dataset_1/n02089973/49.png
 create mode 100644 results/woof_ags_full_ipc50/dataset_1/n02089973/5.png
 create mode 100644 results/woof_ags_full_ipc50/dataset_1/n02089973/6.png
 create mode 100644 results/woof_ags_full_ipc50/dataset_1/n02089973/7.png
 create mode 100644 results/woof_ags_full_ipc50/dataset_1/n02089973/8.png
 create mode 100644 results/woof_ags_full_ipc50/dataset_1/n02089973/9.png
 create mode 100644 results/woof_ags_full_ipc50/dataset_1/n02093754/0.png
 create mode 100644 results/woof_ags_full_ipc50/dataset_1/n02093754/1.png
 create mode 100644 results/woof_ags_full_ipc50/dataset_1/n02093754/10.png
 create mode 100644 results/woof_ags_full_ipc50/dataset_1/n02093754/11.png
 create mode 100644 results/woof_ags_full_ipc50/dataset_1/n02093754/12.png
 create mode 100644 results/woof_ags_full_ipc50/dataset_1/n02093754/13.png
 create mode 100644 results/woof_ags_full_ipc50/dataset_1/n02093754/14.png
 create mode 100644 results/woof_ags_full_ipc50/dataset_1/n02093754/15.png
 create mode 100644 results/woof_ags_full_ipc50/dataset_1/n02093754/16.png
 create mode 100644 results/woof_ags_full_ipc50/dataset_1/n02093754/17.png
 create mode 100644 results/woof_ags_full_ipc50/dataset_1/n02093754/18.png
 create mode 100644 results/woof_ags_full_ipc50/dataset_1/n02093754/19.png
 create mode 100644 results/woof_ags_full_ipc50/dataset_1/n02093754/2.png
 create mode 100644 results/woof_ags_full_ipc50/dataset_1/n02093754/20.png
 create mode 100644 results/woof_ags_full_ipc50/dataset_1/n02093754/21.png
 create mode 100644 results/woof_ags_full_ipc50/dataset_1/n02093754/22.png
 create mode 100644 results/woof_ags_full_ipc50/dataset_1/n02093754/23.png
 create mode 100644 results/woof_ags_full_ipc50/dataset_1/n02093754/24.png
 create mode 100644 results/woof_ags_full_ipc50/dataset_1/n02093754/25.png
 create mode 100644 results/woof_ags_full_ipc50/dataset_1/n02093754/26.png
 create mode 100644 results/woof_ags_full_ipc50/dataset_1/n02093754/27.png
 create mode 100644 results/woof_ags_full_ipc50/dataset_1/n02093754/28.png
 create mode 100644 results/woof_ags_full_ipc50/dataset_1/n02093754/29.png
 create mode 100644 results/woof_ags_full_ipc50/dataset_1/n02093754/3.png
 create mode 100644 results/woof_ags_full_ipc50/dataset_1/n02093754/30.png
 create mode 100644 results/woof_ags_full_ipc50/dataset_1/n02093754/31.png
 create mode 100644 results/woof_ags_full_ipc50/dataset_1/n02093754/32.png
 create mode 100644 results/woof_ags_full_ipc50/dataset_1/n02093754/33.png
 create mode 100644 results/woof_ags_full_ipc50/dataset_1/n02093754/34.png
 create mode 100644 results/woof_ags_full_ipc50/dataset_1/n02093754/35.png
 create mode 100644 results/woof_ags_full_ipc50/dataset_1/n02093754/36.png
 create mode 100644 results/woof_ags_full_ipc50/dataset_1/n02093754/37.png
 create mode 100644 results/woof_ags_full_ipc50/dataset_1/n02093754/38.png
 create mode 100644 results/woof_ags_full_ipc50/dataset_1/n02093754/39.png
 create mode 100644 results/woof_ags_full_ipc50/dataset_1/n02093754/4.png
 create mode 100644 results/woof_ags_full_ipc50/dataset_1/n02093754/40.png
 create mode 100644 results/woof_ags_full_ipc50/dataset_1/n02093754/41.png
 create mode 100644 results/woof_ags_full_ipc50/dataset_1/n02093754/42.png
 create mode 100644 results/woof_ags_full_ipc50/dataset_1/n02093754/43.png
 create mode 100644 results/woof_ags_full_ipc50/dataset_1/n02093754/44.png
 create mode 100644 results/woof_ags_full_ipc50/dataset_1/n02093754/45.png
 create mode 100644 results/woof_ags_full_ipc50/dataset_1/n02093754/46.png
 create mode 100644 results/woof_ags_full_ipc50/dataset_1/n02093754/47.png
 create mode 100644 results/woof_ags_full_ipc50/dataset_1/n02093754/48.png
 create mode 100644 results/woof_ags_full_ipc50/dataset_1/n02093754/49.png
 create mode 100644 results/woof_ags_full_ipc50/dataset_1/n02093754/5.png
 create mode 100644 results/woof_ags_full_ipc50/dataset_1/n02093754/6.png
 create mode 100644 results/woof_ags_full_ipc50/dataset_1/n02093754/7.png
 create mode 100644 results/woof_ags_full_ipc50/dataset_1/n02093754/8.png
 create mode 100644 results/woof_ags_full_ipc50/dataset_1/n02093754/9.png
 create mode 100644 results/woof_ags_full_ipc50/dataset_1/n02096294/0.png
 create mode 100644 results/woof_ags_full_ipc50/dataset_1/n02096294/1.png
 create mode 100644 results/woof_ags_full_ipc50/dataset_1/n02096294/10.png
 create mode 100644 results/woof_ags_full_ipc50/dataset_1/n02096294/11.png
 create mode 100644 results/woof_ags_full_ipc50/dataset_1/n02096294/12.png
 create mode 100644 results/woof_ags_full_ipc50/dataset_1/n02096294/13.png
 create mode 100644 results/woof_ags_full_ipc50/dataset_1/n02096294/14.png
 create mode 100644 results/woof_ags_full_ipc50/dataset_1/n02096294/15.png
 create mode 100644 results/woof_ags_full_ipc50/dataset_1/n02096294/16.png
 create mode 100644 results/woof_ags_full_ipc50/dataset_1/n02096294/17.png
 create mode 100644 results/woof_ags_full_ipc50/dataset_1/n02096294/18.png
 create mode 100644 results/woof_ags_full_ipc50/dataset_1/n02096294/19.png
 create mode 100644 results/woof_ags_full_ipc50/dataset_1/n02096294/2.png
 create mode 100644 results/woof_ags_full_ipc50/dataset_1/n02096294/20.png
 create mode 100644 results/woof_ags_full_ipc50/dataset_1/n02096294/21.png
 create mode 100644 results/woof_ags_full_ipc50/dataset_1/n02096294/22.png
 create mode 100644 results/woof_ags_full_ipc50/dataset_1/n02096294/23.png
 create mode 100644 results/woof_ags_full_ipc50/dataset_1/n02096294/24.png
 create mode 100644 results/woof_ags_full_ipc50/dataset_1/n02096294/25.png
 create mode 100644 results/woof_ags_full_ipc50/dataset_1/n02096294/26.png
 create mode 100644 results/woof_ags_full_ipc50/dataset_1/n02096294/27.png
 create mode 100644 results/woof_ags_full_ipc50/dataset_1/n02096294/28.png
 create mode 100644 results/woof_ags_full_ipc50/dataset_1/n02096294/29.png
 create mode 100644 results/woof_ags_full_ipc50/dataset_1/n02096294/3.png
 create mode 100644 results/woof_ags_full_ipc50/dataset_1/n02096294/30.png
 create mode 100644 results/woof_ags_full_ipc50/dataset_1/n02096294/31.png
 create mode 100644 results/woof_ags_full_ipc50/dataset_1/n02096294/32.png
 create mode 100644 results/woof_ags_full_ipc50/dataset_1/n02096294/33.png
 create mode 100644 results/woof_ags_full_ipc50/dataset_1/n02096294/34.png
 create mode 100644 results/woof_ags_full_ipc50/dataset_1/n02096294/35.png
 create mode 100644 results/woof_ags_full_ipc50/dataset_1/n02096294/36.png
 create mode 100644 results/woof_ags_full_ipc50/dataset_1/n02096294/37.png
 create mode 100644 results/woof_ags_full_ipc50/dataset_1/n02096294/38.png
 create mode 100644 results/woof_ags_full_ipc50/dataset_1/n02096294/39.png
 create mode 100644 results/woof_ags_full_ipc50/dataset_1/n02096294/4.png
 create mode 100644 results/woof_ags_full_ipc50/dataset_1/n02096294/40.png
 create mode 100644 results/woof_ags_full_ipc50/dataset_1/n02096294/41.png
 create mode 100644 results/woof_ags_full_ipc50/dataset_1/n02096294/42.png
 create mode 100644 results/woof_ags_full_ipc50/dataset_1/n02096294/43.png
 create mode 100644 results/woof_ags_full_ipc50/dataset_1/n02096294/44.png
 create mode 100644 results/woof_ags_full_ipc50/dataset_1/n02096294/45.png
 create mode 100644 results/woof_ags_full_ipc50/dataset_1/n02096294/46.png
 create mode 100644 results/woof_ags_full_ipc50/dataset_1/n02096294/47.png
 create mode 100644 results/woof_ags_full_ipc50/dataset_1/n02096294/48.png
 create mode 100644 results/woof_ags_full_ipc50/dataset_1/n02096294/49.png
 create mode 100644 results/woof_ags_full_ipc50/dataset_1/n02096294/5.png
 create mode 100644 results/woof_ags_full_ipc50/dataset_1/n02096294/6.png
 create mode 100644 results/woof_ags_full_ipc50/dataset_1/n02096294/7.png
 create mode 100644 results/woof_ags_full_ipc50/dataset_1/n02096294/8.png
 create mode 100644 results/woof_ags_full_ipc50/dataset_1/n02096294/9.png
 create mode 100644 results/woof_ags_full_ipc50/dataset_1/n02099601/0.png
 create mode 100644 results/woof_ags_full_ipc50/dataset_1/n02099601/1.png
 create mode 100644 results/woof_ags_full_ipc50/dataset_1/n02099601/10.png
 create mode 100644 results/woof_ags_full_ipc50/dataset_1/n02099601/11.png
 create mode 100644 results/woof_ags_full_ipc50/dataset_1/n02099601/12.png
 create mode 100644 results/woof_ags_full_ipc50/dataset_1/n02099601/13.png
 create mode 100644 results/woof_ags_full_ipc50/dataset_1/n02099601/14.png
 create mode 100644 results/woof_ags_full_ipc50/dataset_1/n02099601/15.png
 create mode 100644 results/woof_ags_full_ipc50/dataset_1/n02099601/16.png
 create mode 100644 results/woof_ags_full_ipc50/dataset_1/n02099601/17.png
 create mode 100644 results/woof_ags_full_ipc50/dataset_1/n02099601/18.png
 create mode 100644 results/woof_ags_full_ipc50/dataset_1/n02099601/19.png
 create mode 100644 results/woof_ags_full_ipc50/dataset_1/n02099601/2.png
 create mode 100644 results/woof_ags_full_ipc50/dataset_1/n02099601/20.png
 create mode 100644 results/woof_ags_full_ipc50/dataset_1/n02099601/21.png
 create mode 100644 results/woof_ags_full_ipc50/dataset_1/n02099601/22.png
 create mode 100644 results/woof_ags_full_ipc50/dataset_1/n02099601/23.png
 create mode 100644 results/woof_ags_full_ipc50/dataset_1/n02099601/24.png
 create mode 100644 results/woof_ags_full_ipc50/dataset_1/n02099601/25.png
 create mode 100644 results/woof_ags_full_ipc50/dataset_1/n02099601/26.png
 create mode 100644 results/woof_ags_full_ipc50/dataset_1/n02099601/27.png
 create mode 100644 results/woof_ags_full_ipc50/dataset_1/n02099601/28.png
 create mode 100644 results/woof_ags_full_ipc50/dataset_1/n02099601/29.png
 create mode 100644 results/woof_ags_full_ipc50/dataset_1/n02099601/3.png
 create mode 100644 results/woof_ags_full_ipc50/dataset_1/n02099601/30.png
 create mode 100644 results/woof_ags_full_ipc50/dataset_1/n02099601/31.png
 create mode 100644 results/woof_ags_full_ipc50/dataset_1/n02099601/32.png
 create mode 100644 results/woof_ags_full_ipc50/dataset_1/n02099601/33.png
 create mode 100644 results/woof_ags_full_ipc50/dataset_1/n02099601/34.png
 create mode 100644 results/woof_ags_full_ipc50/dataset_1/n02099601/35.png
 create mode 100644 results/woof_ags_full_ipc50/dataset_1/n02099601/36.png
 create mode 100644 results/woof_ags_full_ipc50/dataset_1/n02099601/37.png
 create mode 100644 results/woof_ags_full_ipc50/dataset_1/n02099601/38.png
 create mode 100644 results/woof_ags_full_ipc50/dataset_1/n02099601/39.png
 create mode 100644 results/woof_ags_full_ipc50/dataset_1/n02099601/4.png
 create mode 100644 results/woof_ags_full_ipc50/dataset_1/n02099601/40.png
 create mode 100644 results/woof_ags_full_ipc50/dataset_1/n02099601/41.png
 create mode 100644 results/woof_ags_full_ipc50/dataset_1/n02099601/42.png
 create mode 100644 results/woof_ags_full_ipc50/dataset_1/n02099601/43.png
 create mode 100644 results/woof_ags_full_ipc50/dataset_1/n02099601/44.png
 create mode 100644 results/woof_ags_full_ipc50/dataset_1/n02099601/45.png
 create mode 100644 results/woof_ags_full_ipc50/dataset_1/n02099601/46.png
 create mode 100644 results/woof_ags_full_ipc50/dataset_1/n02099601/47.png
 create mode 100644 results/woof_ags_full_ipc50/dataset_1/n02099601/48.png
 create mode 100644 results/woof_ags_full_ipc50/dataset_1/n02099601/49.png
 create mode 100644 results/woof_ags_full_ipc50/dataset_1/n02099601/5.png
 create mode 100644 results/woof_ags_full_ipc50/dataset_1/n02099601/6.png
 create mode 100644 results/woof_ags_full_ipc50/dataset_1/n02099601/7.png
 create mode 100644 results/woof_ags_full_ipc50/dataset_1/n02099601/8.png
 create mode 100644 results/woof_ags_full_ipc50/dataset_1/n02099601/9.png
 create mode 100644 results/woof_ags_full_ipc50/dataset_1/n02105641/0.png
 create mode 100644 results/woof_ags_full_ipc50/dataset_1/n02105641/1.png
 create mode 100644 results/woof_ags_full_ipc50/dataset_1/n02105641/10.png
 create mode 100644 results/woof_ags_full_ipc50/dataset_1/n02105641/11.png
 create mode 100644 results/woof_ags_full_ipc50/dataset_1/n02105641/12.png
 create mode 100644 results/woof_ags_full_ipc50/dataset_1/n02105641/13.png
 create mode 100644 results/woof_ags_full_ipc50/dataset_1/n02105641/14.png
 create mode 100644 results/woof_ags_full_ipc50/dataset_1/n02105641/15.png
 create mode 100644 results/woof_ags_full_ipc50/dataset_1/n02105641/16.png
 create mode 100644 results/woof_ags_full_ipc50/dataset_1/n02105641/17.png
 create mode 100644 results/woof_ags_full_ipc50/dataset_1/n02105641/18.png
 create mode 100644 results/woof_ags_full_ipc50/dataset_1/n02105641/19.png
 create mode 100644 results/woof_ags_full_ipc50/dataset_1/n02105641/2.png
 create mode 100644 results/woof_ags_full_ipc50/dataset_1/n02105641/20.png
 create mode 100644 results/woof_ags_full_ipc50/dataset_1/n02105641/21.png
 create mode 100644 results/woof_ags_full_ipc50/dataset_1/n02105641/22.png
 create mode 100644 results/woof_ags_full_ipc50/dataset_1/n02105641/23.png
 create mode 100644 results/woof_ags_full_ipc50/dataset_1/n02105641/24.png
 create mode 100644 results/woof_ags_full_ipc50/dataset_1/n02105641/25.png
 create mode 100644 results/woof_ags_full_ipc50/dataset_1/n02105641/26.png
 create mode 100644 results/woof_ags_full_ipc50/dataset_1/n02105641/27.png
 create mode 100644 results/woof_ags_full_ipc50/dataset_1/n02105641/28.png
 create mode 100644 results/woof_ags_full_ipc50/dataset_1/n02105641/29.png
 create mode 100644 results/woof_ags_full_ipc50/dataset_1/n02105641/3.png
 create mode 100644 results/woof_ags_full_ipc50/dataset_1/n02105641/30.png
 create mode 100644 results/woof_ags_full_ipc50/dataset_1/n02105641/31.png
 create mode 100644 results/woof_ags_full_ipc50/dataset_1/n02105641/32.png
 create mode 100644 results/woof_ags_full_ipc50/dataset_1/n02105641/33.png
 create mode 100644 results/woof_ags_full_ipc50/dataset_1/n02105641/34.png
 create mode 100644 results/woof_ags_full_ipc50/dataset_1/n02105641/35.png
 create mode 100644 results/woof_ags_full_ipc50/dataset_1/n02105641/36.png
 create mode 100644 results/woof_ags_full_ipc50/dataset_1/n02105641/37.png
 create mode 100644 results/woof_ags_full_ipc50/dataset_1/n02105641/38.png
 create mode 100644 results/woof_ags_full_ipc50/dataset_1/n02105641/39.png
 create mode 100644 results/woof_ags_full_ipc50/dataset_1/n02105641/4.png
 create mode 100644 results/woof_ags_full_ipc50/dataset_1/n02105641/40.png
 create mode 100644 results/woof_ags_full_ipc50/dataset_1/n02105641/41.png
 create mode 100644 results/woof_ags_full_ipc50/dataset_1/n02105641/42.png
 create mode 100644 results/woof_ags_full_ipc50/dataset_1/n02105641/43.png
 create mode 100644 results/woof_ags_full_ipc50/dataset_1/n02105641/44.png
 create mode 100644 results/woof_ags_full_ipc50/dataset_1/n02105641/45.png
 create mode 100644 results/woof_ags_full_ipc50/dataset_1/n02105641/46.png
 create mode 100644 results/woof_ags_full_ipc50/dataset_1/n02105641/47.png
 create mode 100644 results/woof_ags_full_ipc50/dataset_1/n02105641/48.png
 create mode 100644 results/woof_ags_full_ipc50/dataset_1/n02105641/49.png
 create mode 100644 results/woof_ags_full_ipc50/dataset_1/n02105641/5.png
 create mode 100644 results/woof_ags_full_ipc50/dataset_1/n02105641/6.png
 create mode 100644 results/woof_ags_full_ipc50/dataset_1/n02105641/7.png
 create mode 100644 results/woof_ags_full_ipc50/dataset_1/n02105641/8.png
 create mode 100644 results/woof_ags_full_ipc50/dataset_1/n02105641/9.png
 create mode 100644 results/woof_ags_full_ipc50/dataset_1/n02111889/0.png
 create mode 100644 results/woof_ags_full_ipc50/dataset_1/n02111889/1.png
 create mode 100644 results/woof_ags_full_ipc50/dataset_1/n02111889/10.png
 create mode 100644 results/woof_ags_full_ipc50/dataset_1/n02111889/11.png
 create mode 100644 results/woof_ags_full_ipc50/dataset_1/n02111889/12.png
 create mode 100644 results/woof_ags_full_ipc50/dataset_1/n02111889/13.png
 create mode 100644 results/woof_ags_full_ipc50/dataset_1/n02111889/14.png
 create mode 100644 results/woof_ags_full_ipc50/dataset_1/n02111889/15.png
 create mode 100644 results/woof_ags_full_ipc50/dataset_1/n02111889/16.png
 create mode 100644 results/woof_ags_full_ipc50/dataset_1/n02111889/17.png
 create mode 100644 results/woof_ags_full_ipc50/dataset_1/n02111889/18.png
 create mode 100644 results/woof_ags_full_ipc50/dataset_1/n02111889/19.png
 create mode 100644 results/woof_ags_full_ipc50/dataset_1/n02111889/2.png
 create mode 100644 results/woof_ags_full_ipc50/dataset_1/n02111889/20.png
 create mode 100644 results/woof_ags_full_ipc50/dataset_1/n02111889/21.png
 create mode 100644 results/woof_ags_full_ipc50/dataset_1/n02111889/22.png
 create mode 100644 results/woof_ags_full_ipc50/dataset_1/n02111889/23.png
 create mode 100644 results/woof_ags_full_ipc50/dataset_1/n02111889/24.png
 create mode 100644 results/woof_ags_full_ipc50/dataset_1/n02111889/25.png
 create mode 100644 results/woof_ags_full_ipc50/dataset_1/n02111889/26.png
 create mode 100644 results/woof_ags_full_ipc50/dataset_1/n02111889/27.png
 create mode 100644 results/woof_ags_full_ipc50/dataset_1/n02111889/28.png
 create mode 100644 results/woof_ags_full_ipc50/dataset_1/n02111889/29.png
 create mode 100644 results/woof_ags_full_ipc50/dataset_1/n02111889/3.png
 create mode 100644 results/woof_ags_full_ipc50/dataset_1/n02111889/30.png
 create mode 100644 results/woof_ags_full_ipc50/dataset_1/n02111889/31.png
 create mode 100644 results/woof_ags_full_ipc50/dataset_1/n02111889/32.png
 create mode 100644 results/woof_ags_full_ipc50/dataset_1/n02111889/33.png
 create mode 100644 results/woof_ags_full_ipc50/dataset_1/n02111889/34.png
 create mode 100644 results/woof_ags_full_ipc50/dataset_1/n02111889/35.png
 create mode 100644 results/woof_ags_full_ipc50/dataset_1/n02111889/36.png
 create mode 100644 results/woof_ags_full_ipc50/dataset_1/n02111889/37.png
 create mode 100644 results/woof_ags_full_ipc50/dataset_1/n02111889/38.png
 create mode 100644 results/woof_ags_full_ipc50/dataset_1/n02111889/39.png
 create mode 100644 results/woof_ags_full_ipc50/dataset_1/n02111889/4.png
 create mode 100644 results/woof_ags_full_ipc50/dataset_1/n02111889/40.png
 create mode 100644 results/woof_ags_full_ipc50/dataset_1/n02111889/41.png
 create mode 100644 results/woof_ags_full_ipc50/dataset_1/n02111889/42.png
 create mode 100644 results/woof_ags_full_ipc50/dataset_1/n02111889/43.png
 create mode 100644 results/woof_ags_full_ipc50/dataset_1/n02111889/44.png
 create mode 100644 results/woof_ags_full_ipc50/dataset_1/n02111889/45.png
 create mode 100644 results/woof_ags_full_ipc50/dataset_1/n02111889/46.png
 create mode 100644 results/woof_ags_full_ipc50/dataset_1/n02111889/47.png
 create mode 100644 results/woof_ags_full_ipc50/dataset_1/n02111889/48.png
 create mode 100644 results/woof_ags_full_ipc50/dataset_1/n02111889/49.png
 create mode 100644 results/woof_ags_full_ipc50/dataset_1/n02111889/5.png
 create mode 100644 results/woof_ags_full_ipc50/dataset_1/n02111889/6.png
 create mode 100644 results/woof_ags_full_ipc50/dataset_1/n02111889/7.png
 create mode 100644 results/woof_ags_full_ipc50/dataset_1/n02111889/8.png
 create mode 100644 results/woof_ags_full_ipc50/dataset_1/n02111889/9.png
 create mode 100644 results/woof_ags_full_ipc50/dataset_1/n02115641/0.png
 create mode 100644 results/woof_ags_full_ipc50/dataset_1/n02115641/1.png
 create mode 100644 results/woof_ags_full_ipc50/dataset_1/n02115641/10.png
 create mode 100644 results/woof_ags_full_ipc50/dataset_1/n02115641/11.png
 create mode 100644 results/woof_ags_full_ipc50/dataset_1/n02115641/12.png
 create mode 100644 results/woof_ags_full_ipc50/dataset_1/n02115641/13.png
 create mode 100644 results/woof_ags_full_ipc50/dataset_1/n02115641/14.png
 create mode 100644 results/woof_ags_full_ipc50/dataset_1/n02115641/15.png
 create mode 100644 results/woof_ags_full_ipc50/dataset_1/n02115641/16.png
 create mode 100644 results/woof_ags_full_ipc50/dataset_1/n02115641/17.png
 create mode 100644 results/woof_ags_full_ipc50/dataset_1/n02115641/18.png
 create mode 100644 results/woof_ags_full_ipc50/dataset_1/n02115641/19.png
 create mode 100644 results/woof_ags_full_ipc50/dataset_1/n02115641/2.png
 create mode 100644 results/woof_ags_full_ipc50/dataset_1/n02115641/20.png
 create mode 100644 results/woof_ags_full_ipc50/dataset_1/n02115641/21.png
 create mode 100644 results/woof_ags_full_ipc50/dataset_1/n02115641/22.png
 create mode 100644 results/woof_ags_full_ipc50/dataset_1/n02115641/23.png
 create mode 100644 results/woof_ags_full_ipc50/dataset_1/n02115641/24.png
 create mode 100644 results/woof_ags_full_ipc50/dataset_1/n02115641/25.png
 create mode 100644 results/woof_ags_full_ipc50/dataset_1/n02115641/26.png
 create mode 100644 results/woof_ags_full_ipc50/dataset_1/n02115641/27.png
 create mode 100644 results/woof_ags_full_ipc50/dataset_1/n02115641/28.png
 create mode 100644 results/woof_ags_full_ipc50/dataset_1/n02115641/29.png
 create mode 100644 results/woof_ags_full_ipc50/dataset_1/n02115641/3.png
 create mode 100644 results/woof_ags_full_ipc50/dataset_1/n02115641/30.png
 create mode 100644 results/woof_ags_full_ipc50/dataset_1/n02115641/31.png
 create mode 100644 results/woof_ags_full_ipc50/dataset_1/n02115641/32.png
 create mode 100644 results/woof_ags_full_ipc50/dataset_1/n02115641/33.png
 create mode 100644 results/woof_ags_full_ipc50/dataset_1/n02115641/34.png
 create mode 100644 results/woof_ags_full_ipc50/dataset_1/n02115641/35.png
 create mode 100644 results/woof_ags_full_ipc50/dataset_1/n02115641/36.png
 create mode 100644 results/woof_ags_full_ipc50/dataset_1/n02115641/37.png
 create mode 100644 results/woof_ags_full_ipc50/dataset_1/n02115641/38.png
 create mode 100644 results/woof_ags_full_ipc50/dataset_1/n02115641/39.png
 create mode 100644 results/woof_ags_full_ipc50/dataset_1/n02115641/4.png
 create mode 100644 results/woof_ags_full_ipc50/dataset_1/n02115641/40.png
 create mode 100644 results/woof_ags_full_ipc50/dataset_1/n02115641/41.png
 create mode 100644 results/woof_ags_full_ipc50/dataset_1/n02115641/42.png
 create mode 100644 results/woof_ags_full_ipc50/dataset_1/n02115641/43.png
 create mode 100644 results/woof_ags_full_ipc50/dataset_1/n02115641/44.png
 create mode 100644 results/woof_ags_full_ipc50/dataset_1/n02115641/45.png
 create mode 100644 results/woof_ags_full_ipc50/dataset_1/n02115641/46.png
 create mode 100644 results/woof_ags_full_ipc50/dataset_1/n02115641/47.png
 create mode 100644 results/woof_ags_full_ipc50/dataset_1/n02115641/48.png
 create mode 100644 results/woof_ags_full_ipc50/dataset_1/n02115641/49.png
 create mode 100644 results/woof_ags_full_ipc50/dataset_1/n02115641/5.png
 create mode 100644 results/woof_ags_full_ipc50/dataset_1/n02115641/6.png
 create mode 100644 results/woof_ags_full_ipc50/dataset_1/n02115641/7.png
 create mode 100644 results/woof_ags_full_ipc50/dataset_1/n02115641/8.png
 create mode 100644 results/woof_ags_full_ipc50/dataset_1/n02115641/9.png
 create mode 100644 results/woof_ags_full_ipc50/dataset_2/n02086240/0.png
 create mode 100644 results/woof_ags_full_ipc50/dataset_2/n02086240/1.png
 create mode 100644 results/woof_ags_full_ipc50/dataset_2/n02086240/10.png
 create mode 100644 results/woof_ags_full_ipc50/dataset_2/n02086240/11.png
 create mode 100644 results/woof_ags_full_ipc50/dataset_2/n02086240/12.png
 create mode 100644 results/woof_ags_full_ipc50/dataset_2/n02086240/13.png
 create mode 100644 results/woof_ags_full_ipc50/dataset_2/n02086240/14.png
 create mode 100644 results/woof_ags_full_ipc50/dataset_2/n02086240/15.png
 create mode 100644 results/woof_ags_full_ipc50/dataset_2/n02086240/16.png
 create mode 100644 results/woof_ags_full_ipc50/dataset_2/n02086240/17.png
 create mode 100644 results/woof_ags_full_ipc50/dataset_2/n02086240/18.png
 create mode 100644 results/woof_ags_full_ipc50/dataset_2/n02086240/19.png
 create mode 100644 results/woof_ags_full_ipc50/dataset_2/n02086240/2.png
 create mode 100644 results/woof_ags_full_ipc50/dataset_2/n02086240/20.png
 create mode 100644 results/woof_ags_full_ipc50/dataset_2/n02086240/21.png
 create mode 100644 results/woof_ags_full_ipc50/dataset_2/n02086240/22.png
 create mode 100644 results/woof_ags_full_ipc50/dataset_2/n02086240/23.png
 create mode 100644 results/woof_ags_full_ipc50/dataset_2/n02086240/24.png
 create mode 100644 results/woof_ags_full_ipc50/dataset_2/n02086240/25.png
 create mode 100644 results/woof_ags_full_ipc50/dataset_2/n02086240/26.png
 create mode 100644 results/woof_ags_full_ipc50/dataset_2/n02086240/27.png
 create mode 100644 results/woof_ags_full_ipc50/dataset_2/n02086240/28.png
 create mode 100644 results/woof_ags_full_ipc50/dataset_2/n02086240/29.png
 create mode 100644 results/woof_ags_full_ipc50/dataset_2/n02086240/3.png
 create mode 100644 results/woof_ags_full_ipc50/dataset_2/n02086240/30.png
 create mode 100644 results/woof_ags_full_ipc50/dataset_2/n02086240/31.png
 create mode 100644 results/woof_ags_full_ipc50/dataset_2/n02086240/32.png
 create mode 100644 results/woof_ags_full_ipc50/dataset_2/n02086240/33.png
 create mode 100644 results/woof_ags_full_ipc50/dataset_2/n02086240/34.png
 create mode 100644 results/woof_ags_full_ipc50/dataset_2/n02086240/35.png
 create mode 100644 results/woof_ags_full_ipc50/dataset_2/n02086240/36.png
 create mode 100644 results/woof_ags_full_ipc50/dataset_2/n02086240/37.png
 create mode 100644 results/woof_ags_full_ipc50/dataset_2/n02086240/38.png
 create mode 100644 results/woof_ags_full_ipc50/dataset_2/n02086240/39.png
 create mode 100644 results/woof_ags_full_ipc50/dataset_2/n02086240/4.png
 create mode 100644 results/woof_ags_full_ipc50/dataset_2/n02086240/40.png
 create mode 100644 results/woof_ags_full_ipc50/dataset_2/n02086240/41.png
 create mode 100644 results/woof_ags_full_ipc50/dataset_2/n02086240/42.png
 create mode 100644 results/woof_ags_full_ipc50/dataset_2/n02086240/43.png
 create mode 100644 results/woof_ags_full_ipc50/dataset_2/n02086240/44.png
 create mode 100644 results/woof_ags_full_ipc50/dataset_2/n02086240/45.png
 create mode 100644 results/woof_ags_full_ipc50/dataset_2/n02086240/46.png
 create mode 100644 results/woof_ags_full_ipc50/dataset_2/n02086240/47.png
 create mode 100644 results/woof_ags_full_ipc50/dataset_2/n02086240/48.png
 create mode 100644 results/woof_ags_full_ipc50/dataset_2/n02086240/49.png
 create mode 100644 results/woof_ags_full_ipc50/dataset_2/n02086240/5.png
 create mode 100644 results/woof_ags_full_ipc50/dataset_2/n02086240/6.png
 create mode 100644 results/woof_ags_full_ipc50/dataset_2/n02086240/7.png
 create mode 100644 results/woof_ags_full_ipc50/dataset_2/n02086240/8.png
 create mode 100644 results/woof_ags_full_ipc50/dataset_2/n02086240/9.png
 create mode 100644 results/woof_ags_full_ipc50/dataset_2/n02087394/0.png
 create mode 100644 results/woof_ags_full_ipc50/dataset_2/n02087394/1.png
 create mode 100644 results/woof_ags_full_ipc50/dataset_2/n02087394/10.png
 create mode 100644 results/woof_ags_full_ipc50/dataset_2/n02087394/11.png
 create mode 100644 results/woof_ags_full_ipc50/dataset_2/n02087394/12.png
 create mode 100644 results/woof_ags_full_ipc50/dataset_2/n02087394/13.png
 create mode 100644 results/woof_ags_full_ipc50/dataset_2/n02087394/14.png
 create mode 100644 results/woof_ags_full_ipc50/dataset_2/n02087394/15.png
 create mode 100644 results/woof_ags_full_ipc50/dataset_2/n02087394/16.png
 create mode 100644 results/woof_ags_full_ipc50/dataset_2/n02087394/17.png
 create mode 100644 results/woof_ags_full_ipc50/dataset_2/n02087394/18.png
 create mode 100644 results/woof_ags_full_ipc50/dataset_2/n02087394/19.png
 create mode 100644 results/woof_ags_full_ipc50/dataset_2/n02087394/2.png
 create mode 100644 results/woof_ags_full_ipc50/dataset_2/n02087394/20.png
 create mode 100644 results/woof_ags_full_ipc50/dataset_2/n02087394/21.png
 create mode 100644 results/woof_ags_full_ipc50/dataset_2/n02087394/22.png
 create mode 100644 results/woof_ags_full_ipc50/dataset_2/n02087394/23.png
 create mode 100644 results/woof_ags_full_ipc50/dataset_2/n02087394/24.png
 create mode 100644 results/woof_ags_full_ipc50/dataset_2/n02087394/25.png
 create mode 100644 results/woof_ags_full_ipc50/dataset_2/n02087394/26.png
 create mode 100644 results/woof_ags_full_ipc50/dataset_2/n02087394/27.png
 create mode 100644 results/woof_ags_full_ipc50/dataset_2/n02087394/28.png
 create mode 100644 results/woof_ags_full_ipc50/dataset_2/n02087394/29.png
 create mode 100644 results/woof_ags_full_ipc50/dataset_2/n02087394/3.png
 create mode 100644 results/woof_ags_full_ipc50/dataset_2/n02087394/30.png
 create mode 100644 results/woof_ags_full_ipc50/dataset_2/n02087394/31.png
 create mode 100644 results/woof_ags_full_ipc50/dataset_2/n02087394/32.png
 create mode 100644 results/woof_ags_full_ipc50/dataset_2/n02087394/33.png
 create mode 100644 results/woof_ags_full_ipc50/dataset_2/n02087394/34.png
 create mode 100644 results/woof_ags_full_ipc50/dataset_2/n02087394/35.png
 create mode 100644 results/woof_ags_full_ipc50/dataset_2/n02087394/36.png
 create mode 100644 results/woof_ags_full_ipc50/dataset_2/n02087394/37.png
 create mode 100644 results/woof_ags_full_ipc50/dataset_2/n02087394/38.png
 create mode 100644 results/woof_ags_full_ipc50/dataset_2/n02087394/39.png
 create mode 100644 results/woof_ags_full_ipc50/dataset_2/n02087394/4.png
 create mode 100644 results/woof_ags_full_ipc50/dataset_2/n02087394/40.png
 create mode 100644 results/woof_ags_full_ipc50/dataset_2/n02087394/41.png
 create mode 100644 results/woof_ags_full_ipc50/dataset_2/n02087394/42.png
 create mode 100644 results/woof_ags_full_ipc50/dataset_2/n02087394/43.png
 create mode 100644 results/woof_ags_full_ipc50/dataset_2/n02087394/44.png
 create mode 100644 results/woof_ags_full_ipc50/dataset_2/n02087394/45.png
 create mode 100644 results/woof_ags_full_ipc50/dataset_2/n02087394/46.png
 create mode 100644 results/woof_ags_full_ipc50/dataset_2/n02087394/47.png
 create mode 100644 results/woof_ags_full_ipc50/dataset_2/n02087394/48.png
 create mode 100644 results/woof_ags_full_ipc50/dataset_2/n02087394/49.png
 create mode 100644 results/woof_ags_full_ipc50/dataset_2/n02087394/5.png
 create mode 100644 results/woof_ags_full_ipc50/dataset_2/n02087394/6.png
 create mode 100644 results/woof_ags_full_ipc50/dataset_2/n02087394/7.png
 create mode 100644 results/woof_ags_full_ipc50/dataset_2/n02087394/8.png
 create mode 100644 results/woof_ags_full_ipc50/dataset_2/n02087394/9.png
 create mode 100644 results/woof_ags_full_ipc50/dataset_2/n02088364/0.png
 create mode 100644 results/woof_ags_full_ipc50/dataset_2/n02088364/1.png
 create mode 100644 results/woof_ags_full_ipc50/dataset_2/n02088364/10.png
 create mode 100644 results/woof_ags_full_ipc50/dataset_2/n02088364/11.png
 create mode 100644 results/woof_ags_full_ipc50/dataset_2/n02088364/12.png
 create mode 100644 results/woof_ags_full_ipc50/dataset_2/n02088364/13.png
 create mode 100644 results/woof_ags_full_ipc50/dataset_2/n02088364/14.png
 create mode 100644 results/woof_ags_full_ipc50/dataset_2/n02088364/15.png
 create mode 100644 results/woof_ags_full_ipc50/dataset_2/n02088364/16.png
 create mode 100644 results/woof_ags_full_ipc50/dataset_2/n02088364/17.png
 create mode 100644 results/woof_ags_full_ipc50/dataset_2/n02088364/18.png
 create mode 100644 results/woof_ags_full_ipc50/dataset_2/n02088364/19.png
 create mode 100644 results/woof_ags_full_ipc50/dataset_2/n02088364/2.png
 create mode 100644 results/woof_ags_full_ipc50/dataset_2/n02088364/20.png
 create mode 100644 results/woof_ags_full_ipc50/dataset_2/n02088364/21.png
 create mode 100644 results/woof_ags_full_ipc50/dataset_2/n02088364/22.png
 create mode 100644 results/woof_ags_full_ipc50/dataset_2/n02088364/23.png
 create mode 100644 results/woof_ags_full_ipc50/dataset_2/n02088364/24.png
 create mode 100644 results/woof_ags_full_ipc50/dataset_2/n02088364/25.png
 create mode 100644 results/woof_ags_full_ipc50/dataset_2/n02088364/26.png
 create mode 100644 results/woof_ags_full_ipc50/dataset_2/n02088364/27.png
 create mode 100644 results/woof_ags_full_ipc50/dataset_2/n02088364/28.png
 create mode 100644 results/woof_ags_full_ipc50/dataset_2/n02088364/29.png
 create mode 100644 results/woof_ags_full_ipc50/dataset_2/n02088364/3.png
 create mode 100644 results/woof_ags_full_ipc50/dataset_2/n02088364/30.png
 create mode 100644 results/woof_ags_full_ipc50/dataset_2/n02088364/31.png
 create mode 100644 results/woof_ags_full_ipc50/dataset_2/n02088364/32.png
 create mode 100644 results/woof_ags_full_ipc50/dataset_2/n02088364/33.png
 create mode 100644 results/woof_ags_full_ipc50/dataset_2/n02088364/34.png
 create mode 100644 results/woof_ags_full_ipc50/dataset_2/n02088364/35.png
 create mode 100644 results/woof_ags_full_ipc50/dataset_2/n02088364/36.png
 create mode 100644 results/woof_ags_full_ipc50/dataset_2/n02088364/37.png
 create mode 100644 results/woof_ags_full_ipc50/dataset_2/n02088364/38.png
 create mode 100644 results/woof_ags_full_ipc50/dataset_2/n02088364/39.png
 create mode 100644 results/woof_ags_full_ipc50/dataset_2/n02088364/4.png
 create mode 100644 results/woof_ags_full_ipc50/dataset_2/n02088364/40.png
 create mode 100644 results/woof_ags_full_ipc50/dataset_2/n02088364/41.png
 create mode 100644 results/woof_ags_full_ipc50/dataset_2/n02088364/42.png
 create mode 100644 results/woof_ags_full_ipc50/dataset_2/n02088364/43.png
 create mode 100644 results/woof_ags_full_ipc50/dataset_2/n02088364/44.png
 create mode 100644 results/woof_ags_full_ipc50/dataset_2/n02088364/45.png
 create mode 100644 results/woof_ags_full_ipc50/dataset_2/n02088364/46.png
 create mode 100644 results/woof_ags_full_ipc50/dataset_2/n02088364/47.png
 create mode 100644 results/woof_ags_full_ipc50/dataset_2/n02088364/48.png
 create mode 100644 results/woof_ags_full_ipc50/dataset_2/n02088364/49.png
 create mode 100644 results/woof_ags_full_ipc50/dataset_2/n02088364/5.png
 create mode 100644 results/woof_ags_full_ipc50/dataset_2/n02088364/6.png
 create mode 100644 results/woof_ags_full_ipc50/dataset_2/n02088364/7.png
 create mode 100644 results/woof_ags_full_ipc50/dataset_2/n02088364/8.png
 create mode 100644 results/woof_ags_full_ipc50/dataset_2/n02088364/9.png
 create mode 100644 results/woof_ags_full_ipc50/dataset_2/n02089973/0.png
 create mode 100644 results/woof_ags_full_ipc50/dataset_2/n02089973/1.png
 create mode 100644 results/woof_ags_full_ipc50/dataset_2/n02089973/10.png
 create mode 100644 results/woof_ags_full_ipc50/dataset_2/n02089973/11.png
 create mode 100644 results/woof_ags_full_ipc50/dataset_2/n02089973/12.png
 create mode 100644 results/woof_ags_full_ipc50/dataset_2/n02089973/13.png
 create mode 100644 results/woof_ags_full_ipc50/dataset_2/n02089973/14.png
 create mode 100644 results/woof_ags_full_ipc50/dataset_2/n02089973/15.png
 create mode 100644 results/woof_ags_full_ipc50/dataset_2/n02089973/16.png
 create mode 100644 results/woof_ags_full_ipc50/dataset_2/n02089973/17.png
 create mode 100644 results/woof_ags_full_ipc50/dataset_2/n02089973/18.png
 create mode 100644 results/woof_ags_full_ipc50/dataset_2/n02089973/19.png
 create mode 100644 results/woof_ags_full_ipc50/dataset_2/n02089973/2.png
 create mode 100644 results/woof_ags_full_ipc50/dataset_2/n02089973/20.png
 create mode 100644 results/woof_ags_full_ipc50/dataset_2/n02089973/21.png
 create mode 100644 results/woof_ags_full_ipc50/dataset_2/n02089973/22.png
 create mode 100644 results/woof_ags_full_ipc50/dataset_2/n02089973/23.png
 create mode 100644 results/woof_ags_full_ipc50/dataset_2/n02089973/24.png
 create mode 100644 results/woof_ags_full_ipc50/dataset_2/n02089973/25.png
 create mode 100644 results/woof_ags_full_ipc50/dataset_2/n02089973/26.png
 create mode 100644 results/woof_ags_full_ipc50/dataset_2/n02089973/27.png
 create mode 100644 results/woof_ags_full_ipc50/dataset_2/n02089973/28.png
 create mode 100644 results/woof_ags_full_ipc50/dataset_2/n02089973/29.png
 create mode 100644 results/woof_ags_full_ipc50/dataset_2/n02089973/3.png
 create mode 100644 results/woof_ags_full_ipc50/dataset_2/n02089973/30.png
 create mode 100644 results/woof_ags_full_ipc50/dataset_2/n02089973/31.png
 create mode 100644 results/woof_ags_full_ipc50/dataset_2/n02089973/32.png
 create mode 100644 results/woof_ags_full_ipc50/dataset_2/n02089973/33.png
 create mode 100644 results/woof_ags_full_ipc50/dataset_2/n02089973/34.png
 create mode 100644 results/woof_ags_full_ipc50/dataset_2/n02089973/35.png
 create mode 100644 results/woof_ags_full_ipc50/dataset_2/n02089973/36.png
 create mode 100644 results/woof_ags_full_ipc50/dataset_2/n02089973/37.png
 create mode 100644 results/woof_ags_full_ipc50/dataset_2/n02089973/38.png
 create mode 100644 results/woof_ags_full_ipc50/dataset_2/n02089973/39.png
 create mode 100644 results/woof_ags_full_ipc50/dataset_2/n02089973/4.png
 create mode 100644 results/woof_ags_full_ipc50/dataset_2/n02089973/40.png
 create mode 100644 results/woof_ags_full_ipc50/dataset_2/n02089973/41.png
 create mode 100644 results/woof_ags_full_ipc50/dataset_2/n02089973/42.png
 create mode 100644 results/woof_ags_full_ipc50/dataset_2/n02089973/43.png
 create mode 100644 results/woof_ags_full_ipc50/dataset_2/n02089973/44.png
 create mode 100644 results/woof_ags_full_ipc50/dataset_2/n02089973/45.png
 create mode 100644 results/woof_ags_full_ipc50/dataset_2/n02089973/46.png
 create mode 100644 results/woof_ags_full_ipc50/dataset_2/n02089973/47.png
 create mode 100644 results/woof_ags_full_ipc50/dataset_2/n02089973/48.png
 create mode 100644 results/woof_ags_full_ipc50/dataset_2/n02089973/49.png
 create mode 100644 results/woof_ags_full_ipc50/dataset_2/n02089973/5.png
 create mode 100644 results/woof_ags_full_ipc50/dataset_2/n02089973/6.png
 create mode 100644 results/woof_ags_full_ipc50/dataset_2/n02089973/7.png
 create mode 100644 results/woof_ags_full_ipc50/dataset_2/n02089973/8.png
 create mode 100644 results/woof_ags_full_ipc50/dataset_2/n02089973/9.png
 create mode 100644 results/woof_ags_full_ipc50/dataset_2/n02093754/0.png
 create mode 100644 results/woof_ags_full_ipc50/dataset_2/n02093754/1.png
 create mode 100644 results/woof_ags_full_ipc50/dataset_2/n02093754/10.png
 create mode 100644 results/woof_ags_full_ipc50/dataset_2/n02093754/11.png
 create mode 100644 results/woof_ags_full_ipc50/dataset_2/n02093754/12.png
 create mode 100644 results/woof_ags_full_ipc50/dataset_2/n02093754/13.png
 create mode 100644 results/woof_ags_full_ipc50/dataset_2/n02093754/14.png
 create mode 100644 results/woof_ags_full_ipc50/dataset_2/n02093754/15.png
 create mode 100644 results/woof_ags_full_ipc50/dataset_2/n02093754/16.png
 create mode 100644 results/woof_ags_full_ipc50/dataset_2/n02093754/17.png
 create mode 100644 results/woof_ags_full_ipc50/dataset_2/n02093754/18.png
 create mode 100644 results/woof_ags_full_ipc50/dataset_2/n02093754/19.png
 create mode 100644 results/woof_ags_full_ipc50/dataset_2/n02093754/2.png
 create mode 100644 results/woof_ags_full_ipc50/dataset_2/n02093754/20.png
 create mode 100644 results/woof_ags_full_ipc50/dataset_2/n02093754/21.png
 create mode 100644 results/woof_ags_full_ipc50/dataset_2/n02093754/22.png
 create mode 100644 results/woof_ags_full_ipc50/dataset_2/n02093754/23.png
 create mode 100644 results/woof_ags_full_ipc50/dataset_2/n02093754/24.png
 create mode 100644 results/woof_ags_full_ipc50/dataset_2/n02093754/25.png
 create mode 100644 results/woof_ags_full_ipc50/dataset_2/n02093754/26.png
 create mode 100644 results/woof_ags_full_ipc50/dataset_2/n02093754/27.png
 create mode 100644 results/woof_ags_full_ipc50/dataset_2/n02093754/28.png
 create mode 100644 results/woof_ags_full_ipc50/dataset_2/n02093754/29.png
 create mode 100644 results/woof_ags_full_ipc50/dataset_2/n02093754/3.png
 create mode 100644 results/woof_ags_full_ipc50/dataset_2/n02093754/30.png
 create mode 100644 results/woof_ags_full_ipc50/dataset_2/n02093754/31.png
 create mode 100644 results/woof_ags_full_ipc50/dataset_2/n02093754/32.png
 create mode 100644 results/woof_ags_full_ipc50/dataset_2/n02093754/33.png
 create mode 100644 results/woof_ags_full_ipc50/dataset_2/n02093754/34.png
 create mode 100644 results/woof_ags_full_ipc50/dataset_2/n02093754/35.png
 create mode 100644 results/woof_ags_full_ipc50/dataset_2/n02093754/36.png
 create mode 100644 results/woof_ags_full_ipc50/dataset_2/n02093754/37.png
 create mode 100644 results/woof_ags_full_ipc50/dataset_2/n02093754/38.png
 create mode 100644 results/woof_ags_full_ipc50/dataset_2/n02093754/39.png
 create mode 100644 results/woof_ags_full_ipc50/dataset_2/n02093754/4.png
 create mode 100644 results/woof_ags_full_ipc50/dataset_2/n02093754/40.png
 create mode 100644 results/woof_ags_full_ipc50/dataset_2/n02093754/41.png
 create mode 100644 results/woof_ags_full_ipc50/dataset_2/n02093754/42.png
 create mode 100644 results/woof_ags_full_ipc50/dataset_2/n02093754/43.png
 create mode 100644 results/woof_ags_full_ipc50/dataset_2/n02093754/44.png
 create mode 100644 results/woof_ags_full_ipc50/dataset_2/n02093754/45.png
 create mode 100644 results/woof_ags_full_ipc50/dataset_2/n02093754/46.png
 create mode 100644 results/woof_ags_full_ipc50/dataset_2/n02093754/47.png
 create mode 100644 results/woof_ags_full_ipc50/dataset_2/n02093754/48.png
 create mode 100644 results/woof_ags_full_ipc50/dataset_2/n02093754/49.png
 create mode 100644 results/woof_ags_full_ipc50/dataset_2/n02093754/5.png
 create mode 100644 results/woof_ags_full_ipc50/dataset_2/n02093754/6.png
 create mode 100644 results/woof_ags_full_ipc50/dataset_2/n02093754/7.png
 create mode 100644 results/woof_ags_full_ipc50/dataset_2/n02093754/8.png
 create mode 100644 results/woof_ags_full_ipc50/dataset_2/n02093754/9.png
 create mode 100644 results/woof_ags_full_ipc50/dataset_2/n02096294/0.png
 create mode 100644 results/woof_ags_full_ipc50/dataset_2/n02096294/1.png
 create mode 100644 results/woof_ags_full_ipc50/dataset_2/n02096294/10.png
 create mode 100644 results/woof_ags_full_ipc50/dataset_2/n02096294/11.png
 create mode 100644 results/woof_ags_full_ipc50/dataset_2/n02096294/12.png
 create mode 100644 results/woof_ags_full_ipc50/dataset_2/n02096294/13.png
 create mode 100644 results/woof_ags_full_ipc50/dataset_2/n02096294/14.png
 create mode 100644 results/woof_ags_full_ipc50/dataset_2/n02096294/15.png
 create mode 100644 results/woof_ags_full_ipc50/dataset_2/n02096294/16.png
 create mode 100644 results/woof_ags_full_ipc50/dataset_2/n02096294/17.png
 create mode 100644 results/woof_ags_full_ipc50/dataset_2/n02096294/18.png
 create mode 100644 results/woof_ags_full_ipc50/dataset_2/n02096294/19.png
 create mode 100644 results/woof_ags_full_ipc50/dataset_2/n02096294/2.png
 create mode 100644 results/woof_ags_full_ipc50/dataset_2/n02096294/20.png
 create mode 100644 results/woof_ags_full_ipc50/dataset_2/n02096294/21.png
 create mode 100644 results/woof_ags_full_ipc50/dataset_2/n02096294/22.png
 create mode 100644 results/woof_ags_full_ipc50/dataset_2/n02096294/23.png
 create mode 100644 results/woof_ags_full_ipc50/dataset_2/n02096294/24.png
 create mode 100644 results/woof_ags_full_ipc50/dataset_2/n02096294/25.png
 create mode 100644 results/woof_ags_full_ipc50/dataset_2/n02096294/26.png
 create mode 100644 results/woof_ags_full_ipc50/dataset_2/n02096294/27.png
 create mode 100644 results/woof_ags_full_ipc50/dataset_2/n02096294/28.png
 create mode 100644 results/woof_ags_full_ipc50/dataset_2/n02096294/29.png
 create mode 100644 results/woof_ags_full_ipc50/dataset_2/n02096294/3.png
 create mode 100644 results/woof_ags_full_ipc50/dataset_2/n02096294/30.png
 create mode 100644 results/woof_ags_full_ipc50/dataset_2/n02096294/31.png
 create mode 100644 results/woof_ags_full_ipc50/dataset_2/n02096294/32.png
 create mode 100644 results/woof_ags_full_ipc50/dataset_2/n02096294/33.png
 create mode 100644 results/woof_ags_full_ipc50/dataset_2/n02096294/34.png
 create mode 100644 results/woof_ags_full_ipc50/dataset_2/n02096294/35.png
 create mode 100644 results/woof_ags_full_ipc50/dataset_2/n02096294/36.png
 create mode 100644 results/woof_ags_full_ipc50/dataset_2/n02096294/37.png
 create mode 100644 results/woof_ags_full_ipc50/dataset_2/n02096294/38.png
 create mode 100644 results/woof_ags_full_ipc50/dataset_2/n02096294/39.png
 create mode 100644 results/woof_ags_full_ipc50/dataset_2/n02096294/4.png
 create mode 100644 results/woof_ags_full_ipc50/dataset_2/n02096294/40.png
 create mode 100644 results/woof_ags_full_ipc50/dataset_2/n02096294/41.png
 create mode 100644 results/woof_ags_full_ipc50/dataset_2/n02096294/42.png
 create mode 100644 results/woof_ags_full_ipc50/dataset_2/n02096294/43.png
 create mode 100644 results/woof_ags_full_ipc50/dataset_2/n02096294/44.png
 create mode 100644 results/woof_ags_full_ipc50/dataset_2/n02096294/45.png
 create mode 100644 results/woof_ags_full_ipc50/dataset_2/n02096294/46.png
 create mode 100644 results/woof_ags_full_ipc50/dataset_2/n02096294/47.png
 create mode 100644 results/woof_ags_full_ipc50/dataset_2/n02096294/48.png
 create mode 100644 results/woof_ags_full_ipc50/dataset_2/n02096294/49.png
 create mode 100644 results/woof_ags_full_ipc50/dataset_2/n02096294/5.png
 create mode 100644 results/woof_ags_full_ipc50/dataset_2/n02096294/6.png
 create mode 100644 results/woof_ags_full_ipc50/dataset_2/n02096294/7.png
 create mode 100644 results/woof_ags_full_ipc50/dataset_2/n02096294/8.png
 create mode 100644 results/woof_ags_full_ipc50/dataset_2/n02096294/9.png
 create mode 100644 results/woof_ags_full_ipc50/dataset_2/n02099601/0.png
 create mode 100644 results/woof_ags_full_ipc50/dataset_2/n02099601/1.png
 create mode 100644 results/woof_ags_full_ipc50/dataset_2/n02099601/10.png
 create mode 100644 results/woof_ags_full_ipc50/dataset_2/n02099601/11.png
 create mode 100644 results/woof_ags_full_ipc50/dataset_2/n02099601/12.png
 create mode 100644 results/woof_ags_full_ipc50/dataset_2/n02099601/13.png
 create mode 100644 results/woof_ags_full_ipc50/dataset_2/n02099601/14.png
 create mode 100644 results/woof_ags_full_ipc50/dataset_2/n02099601/15.png
 create mode 100644 results/woof_ags_full_ipc50/dataset_2/n02099601/16.png
 create mode 100644 results/woof_ags_full_ipc50/dataset_2/n02099601/17.png
 create mode 100644 results/woof_ags_full_ipc50/dataset_2/n02099601/18.png
 create mode 100644 results/woof_ags_full_ipc50/dataset_2/n02099601/19.png
 create mode 100644 results/woof_ags_full_ipc50/dataset_2/n02099601/2.png
 create mode 100644 results/woof_ags_full_ipc50/dataset_2/n02099601/20.png
 create mode 100644 results/woof_ags_full_ipc50/dataset_2/n02099601/21.png
 create mode 100644 results/woof_ags_full_ipc50/dataset_2/n02099601/22.png
 create mode 100644 results/woof_ags_full_ipc50/dataset_2/n02099601/23.png
 create mode 100644 results/woof_ags_full_ipc50/dataset_2/n02099601/24.png
 create mode 100644 results/woof_ags_full_ipc50/dataset_2/n02099601/25.png
 create mode 100644 results/woof_ags_full_ipc50/dataset_2/n02099601/26.png
 create mode 100644 results/woof_ags_full_ipc50/dataset_2/n02099601/27.png
 create mode 100644 results/woof_ags_full_ipc50/dataset_2/n02099601/28.png
 create mode 100644 results/woof_ags_full_ipc50/dataset_2/n02099601/29.png
 create mode 100644 results/woof_ags_full_ipc50/dataset_2/n02099601/3.png
 create mode 100644 results/woof_ags_full_ipc50/dataset_2/n02099601/30.png
 create mode 100644 results/woof_ags_full_ipc50/dataset_2/n02099601/31.png
 create mode 100644 results/woof_ags_full_ipc50/dataset_2/n02099601/32.png
 create mode 100644 results/woof_ags_full_ipc50/dataset_2/n02099601/33.png
 create mode 100644 results/woof_ags_full_ipc50/dataset_2/n02099601/34.png
 create mode 100644 results/woof_ags_full_ipc50/dataset_2/n02099601/35.png
 create mode 100644 results/woof_ags_full_ipc50/dataset_2/n02099601/36.png
 create mode 100644 results/woof_ags_full_ipc50/dataset_2/n02099601/37.png
 create mode 100644 results/woof_ags_full_ipc50/dataset_2/n02099601/38.png
 create mode 100644 results/woof_ags_full_ipc50/dataset_2/n02099601/39.png
 create mode 100644 results/woof_ags_full_ipc50/dataset_2/n02099601/4.png
 create mode 100644 results/woof_ags_full_ipc50/dataset_2/n02099601/40.png
 create mode 100644 results/woof_ags_full_ipc50/dataset_2/n02099601/41.png
 create mode 100644 results/woof_ags_full_ipc50/dataset_2/n02099601/42.png
 create mode 100644 results/woof_ags_full_ipc50/dataset_2/n02099601/43.png
 create mode 100644 results/woof_ags_full_ipc50/dataset_2/n02099601/44.png
 create mode 100644 results/woof_ags_full_ipc50/dataset_2/n02099601/45.png
 create mode 100644 results/woof_ags_full_ipc50/dataset_2/n02099601/46.png
 create mode 100644 results/woof_ags_full_ipc50/dataset_2/n02099601/47.png
 create mode 100644 results/woof_ags_full_ipc50/dataset_2/n02099601/48.png
 create mode 100644 results/woof_ags_full_ipc50/dataset_2/n02099601/49.png
 create mode 100644 results/woof_ags_full_ipc50/dataset_2/n02099601/5.png
 create mode 100644 results/woof_ags_full_ipc50/dataset_2/n02099601/6.png
 create mode 100644 results/woof_ags_full_ipc50/dataset_2/n02099601/7.png
 create mode 100644 results/woof_ags_full_ipc50/dataset_2/n02099601/8.png
 create mode 100644 results/woof_ags_full_ipc50/dataset_2/n02099601/9.png
 create mode 100644 results/woof_ags_full_ipc50/dataset_2/n02105641/0.png
 create mode 100644 results/woof_ags_full_ipc50/dataset_2/n02105641/1.png
 create mode 100644 results/woof_ags_full_ipc50/dataset_2/n02105641/10.png
 create mode 100644 results/woof_ags_full_ipc50/dataset_2/n02105641/11.png
 create mode 100644 results/woof_ags_full_ipc50/dataset_2/n02105641/12.png
 create mode 100644 results/woof_ags_full_ipc50/dataset_2/n02105641/13.png
 create mode 100644 results/woof_ags_full_ipc50/dataset_2/n02105641/14.png
 create mode 100644 results/woof_ags_full_ipc50/dataset_2/n02105641/15.png
 create mode 100644 results/woof_ags_full_ipc50/dataset_2/n02105641/16.png
 create mode 100644 results/woof_ags_full_ipc50/dataset_2/n02105641/17.png
 create mode 100644 results/woof_ags_full_ipc50/dataset_2/n02105641/18.png
 create mode 100644 results/woof_ags_full_ipc50/dataset_2/n02105641/19.png
 create mode 100644 results/woof_ags_full_ipc50/dataset_2/n02105641/2.png
 create mode 100644 results/woof_ags_full_ipc50/dataset_2/n02105641/20.png
 create mode 100644 results/woof_ags_full_ipc50/dataset_2/n02105641/21.png
 create mode 100644 results/woof_ags_full_ipc50/dataset_2/n02105641/22.png
 create mode 100644 results/woof_ags_full_ipc50/dataset_2/n02105641/23.png
 create mode 100644 results/woof_ags_full_ipc50/dataset_2/n02105641/24.png
 create mode 100644 results/woof_ags_full_ipc50/dataset_2/n02105641/25.png
 create mode 100644 results/woof_ags_full_ipc50/dataset_2/n02105641/26.png
 create mode 100644 results/woof_ags_full_ipc50/dataset_2/n02105641/27.png
 create mode 100644 results/woof_ags_full_ipc50/dataset_2/n02105641/28.png
 create mode 100644 results/woof_ags_full_ipc50/dataset_2/n02105641/29.png
 create mode 100644 results/woof_ags_full_ipc50/dataset_2/n02105641/3.png
 create mode 100644 results/woof_ags_full_ipc50/dataset_2/n02105641/30.png
 create mode 100644 results/woof_ags_full_ipc50/dataset_2/n02105641/31.png
 create mode 100644 results/woof_ags_full_ipc50/dataset_2/n02105641/32.png
 create mode 100644 results/woof_ags_full_ipc50/dataset_2/n02105641/33.png
 create mode 100644 results/woof_ags_full_ipc50/dataset_2/n02105641/34.png
 create mode 100644 results/woof_ags_full_ipc50/dataset_2/n02105641/35.png
 create mode 100644 results/woof_ags_full_ipc50/dataset_2/n02105641/36.png
 create mode 100644 results/woof_ags_full_ipc50/dataset_2/n02105641/37.png
 create mode 100644 results/woof_ags_full_ipc50/dataset_2/n02105641/38.png
 create mode 100644 results/woof_ags_full_ipc50/dataset_2/n02105641/39.png
 create mode 100644 results/woof_ags_full_ipc50/dataset_2/n02105641/4.png
 create mode 100644 results/woof_ags_full_ipc50/dataset_2/n02105641/40.png
 create mode 100644 results/woof_ags_full_ipc50/dataset_2/n02105641/41.png
 create mode 100644 results/woof_ags_full_ipc50/dataset_2/n02105641/42.png
 create mode 100644 results/woof_ags_full_ipc50/dataset_2/n02105641/43.png
 create mode 100644 results/woof_ags_full_ipc50/dataset_2/n02105641/44.png
 create mode 100644 results/woof_ags_full_ipc50/dataset_2/n02105641/45.png
 create mode 100644 results/woof_ags_full_ipc50/dataset_2/n02105641/46.png
 create mode 100644 results/woof_ags_full_ipc50/dataset_2/n02105641/47.png
 create mode 100644 results/woof_ags_full_ipc50/dataset_2/n02105641/48.png
 create mode 100644 results/woof_ags_full_ipc50/dataset_2/n02105641/49.png
 create mode 100644 results/woof_ags_full_ipc50/dataset_2/n02105641/5.png
 create mode 100644 results/woof_ags_full_ipc50/dataset_2/n02105641/6.png
 create mode 100644 results/woof_ags_full_ipc50/dataset_2/n02105641/7.png
 create mode 100644 results/woof_ags_full_ipc50/dataset_2/n02105641/8.png
 create mode 100644 results/woof_ags_full_ipc50/dataset_2/n02105641/9.png
 create mode 100644 results/woof_ags_full_ipc50/dataset_2/n02111889/0.png
 create mode 100644 results/woof_ags_full_ipc50/dataset_2/n02111889/1.png
 create mode 100644 results/woof_ags_full_ipc50/dataset_2/n02111889/10.png
 create mode 100644 results/woof_ags_full_ipc50/dataset_2/n02111889/11.png
 create mode 100644 results/woof_ags_full_ipc50/dataset_2/n02111889/12.png
 create mode 100644 results/woof_ags_full_ipc50/dataset_2/n02111889/13.png
 create mode 100644 results/woof_ags_full_ipc50/dataset_2/n02111889/14.png
 create mode 100644 results/woof_ags_full_ipc50/dataset_2/n02111889/15.png
 create mode 100644 results/woof_ags_full_ipc50/dataset_2/n02111889/16.png
 create mode 100644 results/woof_ags_full_ipc50/dataset_2/n02111889/17.png
 create mode 100644 results/woof_ags_full_ipc50/dataset_2/n02111889/18.png
 create mode 100644 results/woof_ags_full_ipc50/dataset_2/n02111889/19.png
 create mode 100644 results/woof_ags_full_ipc50/dataset_2/n02111889/2.png
 create mode 100644 results/woof_ags_full_ipc50/dataset_2/n02111889/20.png
 create mode 100644 results/woof_ags_full_ipc50/dataset_2/n02111889/21.png
 create mode 100644 results/woof_ags_full_ipc50/dataset_2/n02111889/22.png
 create mode 100644 results/woof_ags_full_ipc50/dataset_2/n02111889/23.png
 create mode 100644 results/woof_ags_full_ipc50/dataset_2/n02111889/24.png
 create mode 100644 results/woof_ags_full_ipc50/dataset_2/n02111889/25.png
 create mode 100644 results/woof_ags_full_ipc50/dataset_2/n02111889/26.png
 create mode 100644 results/woof_ags_full_ipc50/dataset_2/n02111889/27.png
 create mode 100644 results/woof_ags_full_ipc50/dataset_2/n02111889/28.png
 create mode 100644 results/woof_ags_full_ipc50/dataset_2/n02111889/29.png
 create mode 100644 results/woof_ags_full_ipc50/dataset_2/n02111889/3.png
 create mode 100644 results/woof_ags_full_ipc50/dataset_2/n02111889/30.png
 create mode 100644 results/woof_ags_full_ipc50/dataset_2/n02111889/31.png
 create mode 100644 results/woof_ags_full_ipc50/dataset_2/n02111889/32.png
 create mode 100644 results/woof_ags_full_ipc50/dataset_2/n02111889/33.png
 create mode 100644 results/woof_ags_full_ipc50/dataset_2/n02111889/34.png
 create mode 100644 results/woof_ags_full_ipc50/dataset_2/n02111889/35.png
 create mode 100644 results/woof_ags_full_ipc50/dataset_2/n02111889/36.png
 create mode 100644 results/woof_ags_full_ipc50/dataset_2/n02111889/37.png
 create mode 100644 results/woof_ags_full_ipc50/dataset_2/n02111889/38.png
 create mode 100644 results/woof_ags_full_ipc50/dataset_2/n02111889/39.png
 create mode 100644 results/woof_ags_full_ipc50/dataset_2/n02111889/4.png
 create mode 100644 results/woof_ags_full_ipc50/dataset_2/n02111889/40.png
 create mode 100644 results/woof_ags_full_ipc50/dataset_2/n02111889/41.png
 create mode 100644 results/woof_ags_full_ipc50/dataset_2/n02111889/42.png
 create mode 100644 results/woof_ags_full_ipc50/dataset_2/n02111889/43.png
 create mode 100644 results/woof_ags_full_ipc50/dataset_2/n02111889/44.png
 create mode 100644 results/woof_ags_full_ipc50/dataset_2/n02111889/45.png
 create mode 100644 results/woof_ags_full_ipc50/dataset_2/n02111889/46.png
 create mode 100644 results/woof_ags_full_ipc50/dataset_2/n02111889/47.png
 create mode 100644 results/woof_ags_full_ipc50/dataset_2/n02111889/48.png
 create mode 100644 results/woof_ags_full_ipc50/dataset_2/n02111889/49.png
 create mode 100644 results/woof_ags_full_ipc50/dataset_2/n02111889/5.png
 create mode 100644 results/woof_ags_full_ipc50/dataset_2/n02111889/6.png
 create mode 100644 results/woof_ags_full_ipc50/dataset_2/n02111889/7.png
 create mode 100644 results/woof_ags_full_ipc50/dataset_2/n02111889/8.png
 create mode 100644 results/woof_ags_full_ipc50/dataset_2/n02111889/9.png
 create mode 100644 results/woof_ags_full_ipc50/dataset_2/n02115641/0.png
 create mode 100644 results/woof_ags_full_ipc50/dataset_2/n02115641/1.png
 create mode 100644 results/woof_ags_full_ipc50/dataset_2/n02115641/10.png
 create mode 100644 results/woof_ags_full_ipc50/dataset_2/n02115641/11.png
 create mode 100644 results/woof_ags_full_ipc50/dataset_2/n02115641/12.png
 create mode 100644 results/woof_ags_full_ipc50/dataset_2/n02115641/13.png
 create mode 100644 results/woof_ags_full_ipc50/dataset_2/n02115641/14.png
 create mode 100644 results/woof_ags_full_ipc50/dataset_2/n02115641/15.png
 create mode 100644 results/woof_ags_full_ipc50/dataset_2/n02115641/16.png
 create mode 100644 results/woof_ags_full_ipc50/dataset_2/n02115641/17.png
 create mode 100644 results/woof_ags_full_ipc50/dataset_2/n02115641/18.png
 create mode 100644 results/woof_ags_full_ipc50/dataset_2/n02115641/19.png
 create mode 100644 results/woof_ags_full_ipc50/dataset_2/n02115641/2.png
 create mode 100644 results/woof_ags_full_ipc50/dataset_2/n02115641/20.png
 create mode 100644 results/woof_ags_full_ipc50/dataset_2/n02115641/21.png
 create mode 100644 results/woof_ags_full_ipc50/dataset_2/n02115641/22.png
 create mode 100644 results/woof_ags_full_ipc50/dataset_2/n02115641/23.png
 create mode 100644 results/woof_ags_full_ipc50/dataset_2/n02115641/24.png
 create mode 100644 results/woof_ags_full_ipc50/dataset_2/n02115641/25.png
 create mode 100644 results/woof_ags_full_ipc50/dataset_2/n02115641/26.png
 create mode 100644 results/woof_ags_full_ipc50/dataset_2/n02115641/27.png
 create mode 100644 results/woof_ags_full_ipc50/dataset_2/n02115641/28.png
 create mode 100644 results/woof_ags_full_ipc50/dataset_2/n02115641/29.png
 create mode 100644 results/woof_ags_full_ipc50/dataset_2/n02115641/3.png
 create mode 100644 results/woof_ags_full_ipc50/dataset_2/n02115641/30.png
 create mode 100644 results/woof_ags_full_ipc50/dataset_2/n02115641/31.png
 create mode 100644 results/woof_ags_full_ipc50/dataset_2/n02115641/32.png
 create mode 100644 results/woof_ags_full_ipc50/dataset_2/n02115641/33.png
 create mode 100644 results/woof_ags_full_ipc50/dataset_2/n02115641/34.png
 create mode 100644 results/woof_ags_full_ipc50/dataset_2/n02115641/35.png
 create mode 100644 results/woof_ags_full_ipc50/dataset_2/n02115641/36.png
 create mode 100644 results/woof_ags_full_ipc50/dataset_2/n02115641/37.png
 create mode 100644 results/woof_ags_full_ipc50/dataset_2/n02115641/38.png
 create mode 100644 results/woof_ags_full_ipc50/dataset_2/n02115641/39.png
 create mode 100644 results/woof_ags_full_ipc50/dataset_2/n02115641/4.png
 create mode 100644 results/woof_ags_full_ipc50/dataset_2/n02115641/40.png
 create mode 100644 results/woof_ags_full_ipc50/dataset_2/n02115641/41.png
 create mode 100644 results/woof_ags_full_ipc50/dataset_2/n02115641/42.png
 create mode 100644 results/woof_ags_full_ipc50/dataset_2/n02115641/43.png
 create mode 100644 results/woof_ags_full_ipc50/dataset_2/n02115641/44.png
 create mode 100644 results/woof_ags_full_ipc50/dataset_2/n02115641/45.png
 create mode 100644 results/woof_ags_full_ipc50/dataset_2/n02115641/46.png
 create mode 100644 results/woof_ags_full_ipc50/dataset_2/n02115641/47.png
 create mode 100644 results/woof_ags_full_ipc50/dataset_2/n02115641/48.png
 create mode 100644 results/woof_ags_full_ipc50/dataset_2/n02115641/49.png
 create mode 100644 results/woof_ags_full_ipc50/dataset_2/n02115641/5.png
 create mode 100644 results/woof_ags_full_ipc50/dataset_2/n02115641/6.png
 create mode 100644 results/woof_ags_full_ipc50/dataset_2/n02115641/7.png
 create mode 100644 results/woof_ags_full_ipc50/dataset_2/n02115641/8.png
 create mode 100644 results/woof_ags_full_ipc50/dataset_2/n02115641/9.png
 create mode 100644 results/woof_ags_full_ipc50/experiment_config.json
 create mode 100644 results/woof_baseline_ipc10/ags_config.pkl
 create mode 100644 results/woof_baseline_ipc10/dataset_0/n02086240/0.png
 create mode 100644 results/woof_baseline_ipc10/dataset_0/n02086240/1.png
 create mode 100644 results/woof_baseline_ipc10/dataset_0/n02086240/2.png
 create mode 100644 results/woof_baseline_ipc10/dataset_0/n02086240/3.png
 create mode 100644 results/woof_baseline_ipc10/dataset_0/n02086240/4.png
 create mode 100644 results/woof_baseline_ipc10/dataset_0/n02086240/5.png
 create mode 100644 results/woof_baseline_ipc10/dataset_0/n02086240/6.png
 create mode 100644 results/woof_baseline_ipc10/dataset_0/n02086240/7.png
 create mode 100644 results/woof_baseline_ipc10/dataset_0/n02086240/8.png
 create mode 100644 results/woof_baseline_ipc10/dataset_0/n02086240/9.png
 create mode 100644 results/woof_baseline_ipc10/dataset_0/n02087394/0.png
 create mode 100644 results/woof_baseline_ipc10/dataset_0/n02087394/1.png
 create mode 100644 results/woof_baseline_ipc10/dataset_0/n02087394/2.png
 create mode 100644 results/woof_baseline_ipc10/dataset_0/n02087394/3.png
 create mode 100644 results/woof_baseline_ipc10/dataset_0/n02087394/4.png
 create mode 100644 results/woof_baseline_ipc10/dataset_0/n02087394/5.png
 create mode 100644 results/woof_baseline_ipc10/dataset_0/n02087394/6.png
 create mode 100644 results/woof_baseline_ipc10/dataset_0/n02087394/7.png
 create mode 100644 results/woof_baseline_ipc10/dataset_0/n02087394/8.png
 create mode 100644 results/woof_baseline_ipc10/dataset_0/n02087394/9.png
 create mode 100644 results/woof_baseline_ipc10/dataset_0/n02088364/0.png
 create mode 100644 results/woof_baseline_ipc10/dataset_0/n02088364/1.png
 create mode 100644 results/woof_baseline_ipc10/dataset_0/n02088364/2.png
 create mode 100644 results/woof_baseline_ipc10/dataset_0/n02088364/3.png
 create mode 100644 results/woof_baseline_ipc10/dataset_0/n02088364/4.png
 create mode 100644 results/woof_baseline_ipc10/dataset_0/n02088364/5.png
 create mode 100644 results/woof_baseline_ipc10/dataset_0/n02088364/6.png
 create mode 100644 results/woof_baseline_ipc10/dataset_0/n02088364/7.png
 create mode 100644 results/woof_baseline_ipc10/dataset_0/n02088364/8.png
 create mode 100644 results/woof_baseline_ipc10/dataset_0/n02088364/9.png
 create mode 100644 results/woof_baseline_ipc10/dataset_0/n02089973/0.png
 create mode 100644 results/woof_baseline_ipc10/dataset_0/n02089973/1.png
 create mode 100644 results/woof_baseline_ipc10/dataset_0/n02089973/2.png
 create mode 100644 results/woof_baseline_ipc10/dataset_0/n02089973/3.png
 create mode 100644 results/woof_baseline_ipc10/dataset_0/n02089973/4.png
 create mode 100644 results/woof_baseline_ipc10/dataset_0/n02089973/5.png
 create mode 100644 results/woof_baseline_ipc10/dataset_0/n02089973/6.png
 create mode 100644 results/woof_baseline_ipc10/dataset_0/n02089973/7.png
 create mode 100644 results/woof_baseline_ipc10/dataset_0/n02089973/8.png
 create mode 100644 results/woof_baseline_ipc10/dataset_0/n02089973/9.png
 create mode 100644 results/woof_baseline_ipc10/dataset_0/n02093754/0.png
 create mode 100644 results/woof_baseline_ipc10/dataset_0/n02093754/1.png
 create mode 100644 results/woof_baseline_ipc10/dataset_0/n02093754/2.png
 create mode 100644 results/woof_baseline_ipc10/dataset_0/n02093754/3.png
 create mode 100644 results/woof_baseline_ipc10/dataset_0/n02093754/4.png
 create mode 100644 results/woof_baseline_ipc10/dataset_0/n02093754/5.png
 create mode 100644 results/woof_baseline_ipc10/dataset_0/n02093754/6.png
 create mode 100644 results/woof_baseline_ipc10/dataset_0/n02093754/7.png
 create mode 100644 results/woof_baseline_ipc10/dataset_0/n02093754/8.png
 create mode 100644 results/woof_baseline_ipc10/dataset_0/n02093754/9.png
 create mode 100644 results/woof_baseline_ipc10/dataset_0/n02096294/0.png
 create mode 100644 results/woof_baseline_ipc10/dataset_0/n02096294/1.png
 create mode 100644 results/woof_baseline_ipc10/dataset_0/n02096294/2.png
 create mode 100644 results/woof_baseline_ipc10/dataset_0/n02096294/3.png
 create mode 100644 results/woof_baseline_ipc10/dataset_0/n02096294/4.png
 create mode 100644 results/woof_baseline_ipc10/dataset_0/n02096294/5.png
 create mode 100644 results/woof_baseline_ipc10/dataset_0/n02096294/6.png
 create mode 100644 results/woof_baseline_ipc10/dataset_0/n02096294/7.png
 create mode 100644 results/woof_baseline_ipc10/dataset_0/n02096294/8.png
 create mode 100644 results/woof_baseline_ipc10/dataset_0/n02096294/9.png
 create mode 100644 results/woof_baseline_ipc10/dataset_0/n02099601/0.png
 create mode 100644 results/woof_baseline_ipc10/dataset_0/n02099601/1.png
 create mode 100644 results/woof_baseline_ipc10/dataset_0/n02099601/2.png
 create mode 100644 results/woof_baseline_ipc10/dataset_0/n02099601/3.png
 create mode 100644 results/woof_baseline_ipc10/dataset_0/n02099601/4.png
 create mode 100644 results/woof_baseline_ipc10/dataset_0/n02099601/5.png
 create mode 100644 results/woof_baseline_ipc10/dataset_0/n02099601/6.png
 create mode 100644 results/woof_baseline_ipc10/dataset_0/n02099601/7.png
 create mode 100644 results/woof_baseline_ipc10/dataset_0/n02099601/8.png
 create mode 100644 results/woof_baseline_ipc10/dataset_0/n02099601/9.png
 create mode 100644 results/woof_baseline_ipc10/dataset_0/n02105641/0.png
 create mode 100644 results/woof_baseline_ipc10/dataset_0/n02105641/1.png
 create mode 100644 results/woof_baseline_ipc10/dataset_0/n02105641/2.png
 create mode 100644 results/woof_baseline_ipc10/dataset_0/n02105641/3.png
 create mode 100644 results/woof_baseline_ipc10/dataset_0/n02105641/4.png
 create mode 100644 results/woof_baseline_ipc10/dataset_0/n02105641/5.png
 create mode 100644 results/woof_baseline_ipc10/dataset_0/n02105641/6.png
 create mode 100644 results/woof_baseline_ipc10/dataset_0/n02105641/7.png
 create mode 100644 results/woof_baseline_ipc10/dataset_0/n02105641/8.png
 create mode 100644 results/woof_baseline_ipc10/dataset_0/n02105641/9.png
 create mode 100644 results/woof_baseline_ipc10/dataset_0/n02111889/0.png
 create mode 100644 results/woof_baseline_ipc10/dataset_0/n02111889/1.png
 create mode 100644 results/woof_baseline_ipc10/dataset_0/n02111889/2.png
 create mode 100644 results/woof_baseline_ipc10/dataset_0/n02111889/3.png
 create mode 100644 results/woof_baseline_ipc10/dataset_0/n02111889/4.png
 create mode 100644 results/woof_baseline_ipc10/dataset_0/n02111889/5.png
 create mode 100644 results/woof_baseline_ipc10/dataset_0/n02111889/6.png
 create mode 100644 results/woof_baseline_ipc10/dataset_0/n02111889/7.png
 create mode 100644 results/woof_baseline_ipc10/dataset_0/n02111889/8.png
 create mode 100644 results/woof_baseline_ipc10/dataset_0/n02111889/9.png
 create mode 100644 results/woof_baseline_ipc10/dataset_0/n02115641/0.png
 create mode 100644 results/woof_baseline_ipc10/dataset_0/n02115641/1.png
 create mode 100644 results/woof_baseline_ipc10/dataset_0/n02115641/2.png
 create mode 100644 results/woof_baseline_ipc10/dataset_0/n02115641/3.png
 create mode 100644 results/woof_baseline_ipc10/dataset_0/n02115641/4.png
 create mode 100644 results/woof_baseline_ipc10/dataset_0/n02115641/5.png
 create mode 100644 results/woof_baseline_ipc10/dataset_0/n02115641/6.png
 create mode 100644 results/woof_baseline_ipc10/dataset_0/n02115641/7.png
 create mode 100644 results/woof_baseline_ipc10/dataset_0/n02115641/8.png
 create mode 100644 results/woof_baseline_ipc10/dataset_0/n02115641/9.png
 create mode 100644 results/woof_baseline_ipc10/dataset_1/n02086240/0.png
 create mode 100644 results/woof_baseline_ipc10/dataset_1/n02086240/1.png
 create mode 100644 results/woof_baseline_ipc10/dataset_1/n02086240/2.png
 create mode 100644 results/woof_baseline_ipc10/dataset_1/n02086240/3.png
 create mode 100644 results/woof_baseline_ipc10/dataset_1/n02086240/4.png
 create mode 100644 results/woof_baseline_ipc10/dataset_1/n02086240/5.png
 create mode 100644 results/woof_baseline_ipc10/dataset_1/n02086240/6.png
 create mode 100644 results/woof_baseline_ipc10/dataset_1/n02086240/7.png
 create mode 100644 results/woof_baseline_ipc10/dataset_1/n02086240/8.png
 create mode 100644 results/woof_baseline_ipc10/dataset_1/n02086240/9.png
 create mode 100644 results/woof_baseline_ipc10/dataset_1/n02087394/0.png
 create mode 100644 results/woof_baseline_ipc10/dataset_1/n02087394/1.png
 create mode 100644 results/woof_baseline_ipc10/dataset_1/n02087394/2.png
 create mode 100644 results/woof_baseline_ipc10/dataset_1/n02087394/3.png
 create mode 100644 results/woof_baseline_ipc10/dataset_1/n02087394/4.png
 create mode 100644 results/woof_baseline_ipc10/dataset_1/n02087394/5.png
 create mode 100644 results/woof_baseline_ipc10/dataset_1/n02087394/6.png
 create mode 100644 results/woof_baseline_ipc10/dataset_1/n02087394/7.png
 create mode 100644 results/woof_baseline_ipc10/dataset_1/n02087394/8.png
 create mode 100644 results/woof_baseline_ipc10/dataset_1/n02087394/9.png
 create mode 100644 results/woof_baseline_ipc10/dataset_1/n02088364/0.png
 create mode 100644 results/woof_baseline_ipc10/dataset_1/n02088364/1.png
 create mode 100644 results/woof_baseline_ipc10/dataset_1/n02088364/2.png
 create mode 100644 results/woof_baseline_ipc10/dataset_1/n02088364/3.png
 create mode 100644 results/woof_baseline_ipc10/dataset_1/n02088364/4.png
 create mode 100644 results/woof_baseline_ipc10/dataset_1/n02088364/5.png
 create mode 100644 results/woof_baseline_ipc10/dataset_1/n02088364/6.png
 create mode 100644 results/woof_baseline_ipc10/dataset_1/n02088364/7.png
 create mode 100644 results/woof_baseline_ipc10/dataset_1/n02088364/8.png
 create mode 100644 results/woof_baseline_ipc10/dataset_1/n02088364/9.png
 create mode 100644 results/woof_baseline_ipc10/dataset_1/n02089973/0.png
 create mode 100644 results/woof_baseline_ipc10/dataset_1/n02089973/1.png
 create mode 100644 results/woof_baseline_ipc10/dataset_1/n02089973/2.png
 create mode 100644 results/woof_baseline_ipc10/dataset_1/n02089973/3.png
 create mode 100644 results/woof_baseline_ipc10/dataset_1/n02089973/4.png
 create mode 100644 results/woof_baseline_ipc10/dataset_1/n02089973/5.png
 create mode 100644 results/woof_baseline_ipc10/dataset_1/n02089973/6.png
 create mode 100644 results/woof_baseline_ipc10/dataset_1/n02089973/7.png
 create mode 100644 results/woof_baseline_ipc10/dataset_1/n02089973/8.png
 create mode 100644 results/woof_baseline_ipc10/dataset_1/n02089973/9.png
 create mode 100644 results/woof_baseline_ipc10/dataset_1/n02093754/0.png
 create mode 100644 results/woof_baseline_ipc10/dataset_1/n02093754/1.png
 create mode 100644 results/woof_baseline_ipc10/dataset_1/n02093754/2.png
 create mode 100644 results/woof_baseline_ipc10/dataset_1/n02093754/3.png
 create mode 100644 results/woof_baseline_ipc10/dataset_1/n02093754/4.png
 create mode 100644 results/woof_baseline_ipc10/dataset_1/n02093754/5.png
 create mode 100644 results/woof_baseline_ipc10/dataset_1/n02093754/6.png
 create mode 100644 results/woof_baseline_ipc10/dataset_1/n02093754/7.png
 create mode 100644 results/woof_baseline_ipc10/dataset_1/n02093754/8.png
 create mode 100644 results/woof_baseline_ipc10/dataset_1/n02093754/9.png
 create mode 100644 results/woof_baseline_ipc10/dataset_1/n02096294/0.png
 create mode 100644 results/woof_baseline_ipc10/dataset_1/n02096294/1.png
 create mode 100644 results/woof_baseline_ipc10/dataset_1/n02096294/2.png
 create mode 100644 results/woof_baseline_ipc10/dataset_1/n02096294/3.png
 create mode 100644 results/woof_baseline_ipc10/dataset_1/n02096294/4.png
 create mode 100644 results/woof_baseline_ipc10/dataset_1/n02096294/5.png
 create mode 100644 results/woof_baseline_ipc10/dataset_1/n02096294/6.png
 create mode 100644 results/woof_baseline_ipc10/dataset_1/n02096294/7.png
 create mode 100644 results/woof_baseline_ipc10/dataset_1/n02096294/8.png
 create mode 100644 results/woof_baseline_ipc10/dataset_1/n02096294/9.png
 create mode 100644 results/woof_baseline_ipc10/dataset_1/n02099601/0.png
 create mode 100644 results/woof_baseline_ipc10/dataset_1/n02099601/1.png
 create mode 100644 results/woof_baseline_ipc10/dataset_1/n02099601/2.png
 create mode 100644 results/woof_baseline_ipc10/dataset_1/n02099601/3.png
 create mode 100644 results/woof_baseline_ipc10/dataset_1/n02099601/4.png
 create mode 100644 results/woof_baseline_ipc10/dataset_1/n02099601/5.png
 create mode 100644 results/woof_baseline_ipc10/dataset_1/n02099601/6.png
 create mode 100644 results/woof_baseline_ipc10/dataset_1/n02099601/7.png
 create mode 100644 results/woof_baseline_ipc10/dataset_1/n02099601/8.png
 create mode 100644 results/woof_baseline_ipc10/dataset_1/n02099601/9.png
 create mode 100644 results/woof_baseline_ipc10/dataset_1/n02105641/0.png
 create mode 100644 results/woof_baseline_ipc10/dataset_1/n02105641/1.png
 create mode 100644 results/woof_baseline_ipc10/dataset_1/n02105641/2.png
 create mode 100644 results/woof_baseline_ipc10/dataset_1/n02105641/3.png
 create mode 100644 results/woof_baseline_ipc10/dataset_1/n02105641/4.png
 create mode 100644 results/woof_baseline_ipc10/dataset_1/n02105641/5.png
 create mode 100644 results/woof_baseline_ipc10/dataset_1/n02105641/6.png
 create mode 100644 results/woof_baseline_ipc10/dataset_1/n02105641/7.png
 create mode 100644 results/woof_baseline_ipc10/dataset_1/n02105641/8.png
 create mode 100644 results/woof_baseline_ipc10/dataset_1/n02105641/9.png
 create mode 100644 results/woof_baseline_ipc10/dataset_1/n02111889/0.png
 create mode 100644 results/woof_baseline_ipc10/dataset_1/n02111889/1.png
 create mode 100644 results/woof_baseline_ipc10/dataset_1/n02111889/2.png
 create mode 100644 results/woof_baseline_ipc10/dataset_1/n02111889/3.png
 create mode 100644 results/woof_baseline_ipc10/dataset_1/n02111889/4.png
 create mode 100644 results/woof_baseline_ipc10/dataset_1/n02111889/5.png
 create mode 100644 results/woof_baseline_ipc10/dataset_1/n02111889/6.png
 create mode 100644 results/woof_baseline_ipc10/dataset_1/n02111889/7.png
 create mode 100644 results/woof_baseline_ipc10/dataset_1/n02111889/8.png
 create mode 100644 results/woof_baseline_ipc10/dataset_1/n02111889/9.png
 create mode 100644 results/woof_baseline_ipc10/dataset_1/n02115641/0.png
 create mode 100644 results/woof_baseline_ipc10/dataset_1/n02115641/1.png
 create mode 100644 results/woof_baseline_ipc10/dataset_1/n02115641/2.png
 create mode 100644 results/woof_baseline_ipc10/dataset_1/n02115641/3.png
 create mode 100644 results/woof_baseline_ipc10/dataset_1/n02115641/4.png
 create mode 100644 results/woof_baseline_ipc10/dataset_1/n02115641/5.png
 create mode 100644 results/woof_baseline_ipc10/dataset_1/n02115641/6.png
 create mode 100644 results/woof_baseline_ipc10/dataset_1/n02115641/7.png
 create mode 100644 results/woof_baseline_ipc10/dataset_1/n02115641/8.png
 create mode 100644 results/woof_baseline_ipc10/dataset_1/n02115641/9.png
 create mode 100644 results/woof_baseline_ipc10/dataset_2/n02086240/0.png
 create mode 100644 results/woof_baseline_ipc10/dataset_2/n02086240/1.png
 create mode 100644 results/woof_baseline_ipc10/dataset_2/n02086240/2.png
 create mode 100644 results/woof_baseline_ipc10/dataset_2/n02086240/3.png
 create mode 100644 results/woof_baseline_ipc10/dataset_2/n02086240/4.png
 create mode 100644 results/woof_baseline_ipc10/dataset_2/n02086240/5.png
 create mode 100644 results/woof_baseline_ipc10/dataset_2/n02086240/6.png
 create mode 100644 results/woof_baseline_ipc10/dataset_2/n02086240/7.png
 create mode 100644 results/woof_baseline_ipc10/dataset_2/n02086240/8.png
 create mode 100644 results/woof_baseline_ipc10/dataset_2/n02086240/9.png
 create mode 100644 results/woof_baseline_ipc10/dataset_2/n02087394/0.png
 create mode 100644 results/woof_baseline_ipc10/dataset_2/n02087394/1.png
 create mode 100644 results/woof_baseline_ipc10/dataset_2/n02087394/2.png
 create mode 100644 results/woof_baseline_ipc10/dataset_2/n02087394/3.png
 create mode 100644 results/woof_baseline_ipc10/dataset_2/n02087394/4.png
 create mode 100644 results/woof_baseline_ipc10/dataset_2/n02087394/5.png
 create mode 100644 results/woof_baseline_ipc10/dataset_2/n02087394/6.png
 create mode 100644 results/woof_baseline_ipc10/dataset_2/n02087394/7.png
 create mode 100644 results/woof_baseline_ipc10/dataset_2/n02087394/8.png
 create mode 100644 results/woof_baseline_ipc10/dataset_2/n02087394/9.png
 create mode 100644 results/woof_baseline_ipc10/dataset_2/n02088364/0.png
 create mode 100644 results/woof_baseline_ipc10/dataset_2/n02088364/1.png
 create mode 100644 results/woof_baseline_ipc10/dataset_2/n02088364/2.png
 create mode 100644 results/woof_baseline_ipc10/dataset_2/n02088364/3.png
 create mode 100644 results/woof_baseline_ipc10/dataset_2/n02088364/4.png
 create mode 100644 results/woof_baseline_ipc10/dataset_2/n02088364/5.png
 create mode 100644 results/woof_baseline_ipc10/dataset_2/n02088364/6.png
 create mode 100644 results/woof_baseline_ipc10/dataset_2/n02088364/7.png
 create mode 100644 results/woof_baseline_ipc10/dataset_2/n02088364/8.png
 create mode 100644 results/woof_baseline_ipc10/dataset_2/n02088364/9.png
 create mode 100644 results/woof_baseline_ipc10/dataset_2/n02089973/0.png
 create mode 100644 results/woof_baseline_ipc10/dataset_2/n02089973/1.png
 create mode 100644 results/woof_baseline_ipc10/dataset_2/n02089973/2.png
 create mode 100644 results/woof_baseline_ipc10/dataset_2/n02089973/3.png
 create mode 100644 results/woof_baseline_ipc10/dataset_2/n02089973/4.png
 create mode 100644 results/woof_baseline_ipc10/dataset_2/n02089973/5.png
 create mode 100644 results/woof_baseline_ipc10/dataset_2/n02089973/6.png
 create mode 100644 results/woof_baseline_ipc10/dataset_2/n02089973/7.png
 create mode 100644 results/woof_baseline_ipc10/dataset_2/n02089973/8.png
 create mode 100644 results/woof_baseline_ipc10/dataset_2/n02089973/9.png
 create mode 100644 results/woof_baseline_ipc10/dataset_2/n02093754/0.png
 create mode 100644 results/woof_baseline_ipc10/dataset_2/n02093754/1.png
 create mode 100644 results/woof_baseline_ipc10/dataset_2/n02093754/2.png
 create mode 100644 results/woof_baseline_ipc10/dataset_2/n02093754/3.png
 create mode 100644 results/woof_baseline_ipc10/dataset_2/n02093754/4.png
 create mode 100644 results/woof_baseline_ipc10/dataset_2/n02093754/5.png
 create mode 100644 results/woof_baseline_ipc10/dataset_2/n02093754/6.png
 create mode 100644 results/woof_baseline_ipc10/dataset_2/n02093754/7.png
 create mode 100644 results/woof_baseline_ipc10/dataset_2/n02093754/8.png
 create mode 100644 results/woof_baseline_ipc10/dataset_2/n02093754/9.png
 create mode 100644 results/woof_baseline_ipc10/dataset_2/n02096294/0.png
 create mode 100644 results/woof_baseline_ipc10/dataset_2/n02096294/1.png
 create mode 100644 results/woof_baseline_ipc10/dataset_2/n02096294/2.png
 create mode 100644 results/woof_baseline_ipc10/dataset_2/n02096294/3.png
 create mode 100644 results/woof_baseline_ipc10/dataset_2/n02096294/4.png
 create mode 100644 results/woof_baseline_ipc10/dataset_2/n02096294/5.png
 create mode 100644 results/woof_baseline_ipc10/dataset_2/n02096294/6.png
 create mode 100644 results/woof_baseline_ipc10/dataset_2/n02096294/7.png
 create mode 100644 results/woof_baseline_ipc10/dataset_2/n02096294/8.png
 create mode 100644 results/woof_baseline_ipc10/dataset_2/n02096294/9.png
 create mode 100644 results/woof_baseline_ipc10/dataset_2/n02099601/0.png
 create mode 100644 results/woof_baseline_ipc10/dataset_2/n02099601/1.png
 create mode 100644 results/woof_baseline_ipc10/dataset_2/n02099601/2.png
 create mode 100644 results/woof_baseline_ipc10/dataset_2/n02099601/3.png
 create mode 100644 results/woof_baseline_ipc10/dataset_2/n02099601/4.png
 create mode 100644 results/woof_baseline_ipc10/dataset_2/n02099601/5.png
 create mode 100644 results/woof_baseline_ipc10/dataset_2/n02099601/6.png
 create mode 100644 results/woof_baseline_ipc10/dataset_2/n02099601/7.png
 create mode 100644 results/woof_baseline_ipc10/dataset_2/n02099601/8.png
 create mode 100644 results/woof_baseline_ipc10/dataset_2/n02099601/9.png
 create mode 100644 results/woof_baseline_ipc10/dataset_2/n02105641/0.png
 create mode 100644 results/woof_baseline_ipc10/dataset_2/n02105641/1.png
 create mode 100644 results/woof_baseline_ipc10/dataset_2/n02105641/2.png
 create mode 100644 results/woof_baseline_ipc10/dataset_2/n02105641/3.png
 create mode 100644 results/woof_baseline_ipc10/dataset_2/n02105641/4.png
 create mode 100644 results/woof_baseline_ipc10/dataset_2/n02105641/5.png
 create mode 100644 results/woof_baseline_ipc10/dataset_2/n02105641/6.png
 create mode 100644 results/woof_baseline_ipc10/dataset_2/n02105641/7.png
 create mode 100644 results/woof_baseline_ipc10/dataset_2/n02105641/8.png
 create mode 100644 results/woof_baseline_ipc10/dataset_2/n02105641/9.png
 create mode 100644 results/woof_baseline_ipc10/dataset_2/n02111889/0.png
 create mode 100644 results/woof_baseline_ipc10/dataset_2/n02111889/1.png
 create mode 100644 results/woof_baseline_ipc10/dataset_2/n02111889/2.png
 create mode 100644 results/woof_baseline_ipc10/dataset_2/n02111889/3.png
 create mode 100644 results/woof_baseline_ipc10/dataset_2/n02111889/4.png
 create mode 100644 results/woof_baseline_ipc10/dataset_2/n02111889/5.png
 create mode 100644 results/woof_baseline_ipc10/dataset_2/n02111889/6.png
 create mode 100644 results/woof_baseline_ipc10/dataset_2/n02111889/7.png
 create mode 100644 results/woof_baseline_ipc10/dataset_2/n02111889/8.png
 create mode 100644 results/woof_baseline_ipc10/dataset_2/n02111889/9.png
 create mode 100644 results/woof_baseline_ipc10/dataset_2/n02115641/0.png
 create mode 100644 results/woof_baseline_ipc10/dataset_2/n02115641/1.png
 create mode 100644 results/woof_baseline_ipc10/dataset_2/n02115641/2.png
 create mode 100644 results/woof_baseline_ipc10/dataset_2/n02115641/3.png
 create mode 100644 results/woof_baseline_ipc10/dataset_2/n02115641/4.png
 create mode 100644 results/woof_baseline_ipc10/dataset_2/n02115641/5.png
 create mode 100644 results/woof_baseline_ipc10/dataset_2/n02115641/6.png
 create mode 100644 results/woof_baseline_ipc10/dataset_2/n02115641/7.png
 create mode 100644 results/woof_baseline_ipc10/dataset_2/n02115641/8.png
 create mode 100644 results/woof_baseline_ipc10/dataset_2/n02115641/9.png
 create mode 100644 results/woof_baseline_ipc10/experiment_config.json
 create mode 100644 results/woof_baseline_ipc50/ags_config.pkl
 create mode 100644 results/woof_baseline_ipc50/dataset_0/n02086240/0.png
 create mode 100644 results/woof_baseline_ipc50/dataset_0/n02086240/1.png
 create mode 100644 results/woof_baseline_ipc50/dataset_0/n02086240/10.png
 create mode 100644 results/woof_baseline_ipc50/dataset_0/n02086240/11.png
 create mode 100644 results/woof_baseline_ipc50/dataset_0/n02086240/12.png
 create mode 100644 results/woof_baseline_ipc50/dataset_0/n02086240/13.png
 create mode 100644 results/woof_baseline_ipc50/dataset_0/n02086240/14.png
 create mode 100644 results/woof_baseline_ipc50/dataset_0/n02086240/15.png
 create mode 100644 results/woof_baseline_ipc50/dataset_0/n02086240/16.png
 create mode 100644 results/woof_baseline_ipc50/dataset_0/n02086240/17.png
 create mode 100644 results/woof_baseline_ipc50/dataset_0/n02086240/18.png
 create mode 100644 results/woof_baseline_ipc50/dataset_0/n02086240/19.png
 create mode 100644 results/woof_baseline_ipc50/dataset_0/n02086240/2.png
 create mode 100644 results/woof_baseline_ipc50/dataset_0/n02086240/20.png
 create mode 100644 results/woof_baseline_ipc50/dataset_0/n02086240/21.png
 create mode 100644 results/woof_baseline_ipc50/dataset_0/n02086240/22.png
 create mode 100644 results/woof_baseline_ipc50/dataset_0/n02086240/23.png
 create mode 100644 results/woof_baseline_ipc50/dataset_0/n02086240/24.png
 create mode 100644 results/woof_baseline_ipc50/dataset_0/n02086240/25.png
 create mode 100644 results/woof_baseline_ipc50/dataset_0/n02086240/26.png
 create mode 100644 results/woof_baseline_ipc50/dataset_0/n02086240/27.png
 create mode 100644 results/woof_baseline_ipc50/dataset_0/n02086240/28.png
 create mode 100644 results/woof_baseline_ipc50/dataset_0/n02086240/29.png
 create mode 100644 results/woof_baseline_ipc50/dataset_0/n02086240/3.png
 create mode 100644 results/woof_baseline_ipc50/dataset_0/n02086240/30.png
 create mode 100644 results/woof_baseline_ipc50/dataset_0/n02086240/31.png
 create mode 100644 results/woof_baseline_ipc50/dataset_0/n02086240/32.png
 create mode 100644 results/woof_baseline_ipc50/dataset_0/n02086240/33.png
 create mode 100644 results/woof_baseline_ipc50/dataset_0/n02086240/34.png
 create mode 100644 results/woof_baseline_ipc50/dataset_0/n02086240/35.png
 create mode 100644 results/woof_baseline_ipc50/dataset_0/n02086240/36.png
 create mode 100644 results/woof_baseline_ipc50/dataset_0/n02086240/37.png
 create mode 100644 results/woof_baseline_ipc50/dataset_0/n02086240/38.png
 create mode 100644 results/woof_baseline_ipc50/dataset_0/n02086240/39.png
 create mode 100644 results/woof_baseline_ipc50/dataset_0/n02086240/4.png
 create mode 100644 results/woof_baseline_ipc50/dataset_0/n02086240/40.png
 create mode 100644 results/woof_baseline_ipc50/dataset_0/n02086240/41.png
 create mode 100644 results/woof_baseline_ipc50/dataset_0/n02086240/42.png
 create mode 100644 results/woof_baseline_ipc50/dataset_0/n02086240/43.png
 create mode 100644 results/woof_baseline_ipc50/dataset_0/n02086240/44.png
 create mode 100644 results/woof_baseline_ipc50/dataset_0/n02086240/45.png
 create mode 100644 results/woof_baseline_ipc50/dataset_0/n02086240/46.png
 create mode 100644 results/woof_baseline_ipc50/dataset_0/n02086240/47.png
 create mode 100644 results/woof_baseline_ipc50/dataset_0/n02086240/48.png
 create mode 100644 results/woof_baseline_ipc50/dataset_0/n02086240/49.png
 create mode 100644 results/woof_baseline_ipc50/dataset_0/n02086240/5.png
 create mode 100644 results/woof_baseline_ipc50/dataset_0/n02086240/6.png
 create mode 100644 results/woof_baseline_ipc50/dataset_0/n02086240/7.png
 create mode 100644 results/woof_baseline_ipc50/dataset_0/n02086240/8.png
 create mode 100644 results/woof_baseline_ipc50/dataset_0/n02086240/9.png
 create mode 100644 results/woof_baseline_ipc50/dataset_0/n02087394/0.png
 create mode 100644 results/woof_baseline_ipc50/dataset_0/n02087394/1.png
 create mode 100644 results/woof_baseline_ipc50/dataset_0/n02087394/10.png
 create mode 100644 results/woof_baseline_ipc50/dataset_0/n02087394/11.png
 create mode 100644 results/woof_baseline_ipc50/dataset_0/n02087394/12.png
 create mode 100644 results/woof_baseline_ipc50/dataset_0/n02087394/13.png
 create mode 100644 results/woof_baseline_ipc50/dataset_0/n02087394/14.png
 create mode 100644 results/woof_baseline_ipc50/dataset_0/n02087394/15.png
 create mode 100644 results/woof_baseline_ipc50/dataset_0/n02087394/16.png
 create mode 100644 results/woof_baseline_ipc50/dataset_0/n02087394/17.png
 create mode 100644 results/woof_baseline_ipc50/dataset_0/n02087394/18.png
 create mode 100644 results/woof_baseline_ipc50/dataset_0/n02087394/19.png
 create mode 100644 results/woof_baseline_ipc50/dataset_0/n02087394/2.png
 create mode 100644 results/woof_baseline_ipc50/dataset_0/n02087394/20.png
 create mode 100644 results/woof_baseline_ipc50/dataset_0/n02087394/21.png
 create mode 100644 results/woof_baseline_ipc50/dataset_0/n02087394/22.png
 create mode 100644 results/woof_baseline_ipc50/dataset_0/n02087394/23.png
 create mode 100644 results/woof_baseline_ipc50/dataset_0/n02087394/24.png
 create mode 100644 results/woof_baseline_ipc50/dataset_0/n02087394/25.png
 create mode 100644 results/woof_baseline_ipc50/dataset_0/n02087394/26.png
 create mode 100644 results/woof_baseline_ipc50/dataset_0/n02087394/27.png
 create mode 100644 results/woof_baseline_ipc50/dataset_0/n02087394/28.png
 create mode 100644 results/woof_baseline_ipc50/dataset_0/n02087394/29.png
 create mode 100644 results/woof_baseline_ipc50/dataset_0/n02087394/3.png
 create mode 100644 results/woof_baseline_ipc50/dataset_0/n02087394/30.png
 create mode 100644 results/woof_baseline_ipc50/dataset_0/n02087394/31.png
 create mode 100644 results/woof_baseline_ipc50/dataset_0/n02087394/32.png
 create mode 100644 results/woof_baseline_ipc50/dataset_0/n02087394/33.png
 create mode 100644 results/woof_baseline_ipc50/dataset_0/n02087394/34.png
 create mode 100644 results/woof_baseline_ipc50/dataset_0/n02087394/35.png
 create mode 100644 results/woof_baseline_ipc50/dataset_0/n02087394/36.png
 create mode 100644 results/woof_baseline_ipc50/dataset_0/n02087394/37.png
 create mode 100644 results/woof_baseline_ipc50/dataset_0/n02087394/38.png
 create mode 100644 results/woof_baseline_ipc50/dataset_0/n02087394/39.png
 create mode 100644 results/woof_baseline_ipc50/dataset_0/n02087394/4.png
 create mode 100644 results/woof_baseline_ipc50/dataset_0/n02087394/40.png
 create mode 100644 results/woof_baseline_ipc50/dataset_0/n02087394/41.png
 create mode 100644 results/woof_baseline_ipc50/dataset_0/n02087394/42.png
 create mode 100644 results/woof_baseline_ipc50/dataset_0/n02087394/43.png
 create mode 100644 results/woof_baseline_ipc50/dataset_0/n02087394/44.png
 create mode 100644 results/woof_baseline_ipc50/dataset_0/n02087394/45.png
 create mode 100644 results/woof_baseline_ipc50/dataset_0/n02087394/46.png
 create mode 100644 results/woof_baseline_ipc50/dataset_0/n02087394/47.png
 create mode 100644 results/woof_baseline_ipc50/dataset_0/n02087394/48.png
 create mode 100644 results/woof_baseline_ipc50/dataset_0/n02087394/49.png
 create mode 100644 results/woof_baseline_ipc50/dataset_0/n02087394/5.png
 create mode 100644 results/woof_baseline_ipc50/dataset_0/n02087394/6.png
 create mode 100644 results/woof_baseline_ipc50/dataset_0/n02087394/7.png
 create mode 100644 results/woof_baseline_ipc50/dataset_0/n02087394/8.png
 create mode 100644 results/woof_baseline_ipc50/dataset_0/n02087394/9.png
 create mode 100644 results/woof_baseline_ipc50/dataset_0/n02088364/0.png
 create mode 100644 results/woof_baseline_ipc50/dataset_0/n02088364/1.png
 create mode 100644 results/woof_baseline_ipc50/dataset_0/n02088364/10.png
 create mode 100644 results/woof_baseline_ipc50/dataset_0/n02088364/11.png
 create mode 100644 results/woof_baseline_ipc50/dataset_0/n02088364/12.png
 create mode 100644 results/woof_baseline_ipc50/dataset_0/n02088364/13.png
 create mode 100644 results/woof_baseline_ipc50/dataset_0/n02088364/14.png
 create mode 100644 results/woof_baseline_ipc50/dataset_0/n02088364/15.png
 create mode 100644 results/woof_baseline_ipc50/dataset_0/n02088364/16.png
 create mode 100644 results/woof_baseline_ipc50/dataset_0/n02088364/17.png
 create mode 100644 results/woof_baseline_ipc50/dataset_0/n02088364/18.png
 create mode 100644 results/woof_baseline_ipc50/dataset_0/n02088364/19.png
 create mode 100644 results/woof_baseline_ipc50/dataset_0/n02088364/2.png
 create mode 100644 results/woof_baseline_ipc50/dataset_0/n02088364/20.png
 create mode 100644 results/woof_baseline_ipc50/dataset_0/n02088364/21.png
 create mode 100644 results/woof_baseline_ipc50/dataset_0/n02088364/22.png
 create mode 100644 results/woof_baseline_ipc50/dataset_0/n02088364/23.png
 create mode 100644 results/woof_baseline_ipc50/dataset_0/n02088364/24.png
 create mode 100644 results/woof_baseline_ipc50/dataset_0/n02088364/25.png
 create mode 100644 results/woof_baseline_ipc50/dataset_0/n02088364/26.png
 create mode 100644 results/woof_baseline_ipc50/dataset_0/n02088364/27.png
 create mode 100644 results/woof_baseline_ipc50/dataset_0/n02088364/28.png
 create mode 100644 results/woof_baseline_ipc50/dataset_0/n02088364/29.png
 create mode 100644 results/woof_baseline_ipc50/dataset_0/n02088364/3.png
 create mode 100644 results/woof_baseline_ipc50/dataset_0/n02088364/30.png
 create mode 100644 results/woof_baseline_ipc50/dataset_0/n02088364/31.png
 create mode 100644 results/woof_baseline_ipc50/dataset_0/n02088364/32.png
 create mode 100644 results/woof_baseline_ipc50/dataset_0/n02088364/33.png
 create mode 100644 results/woof_baseline_ipc50/dataset_0/n02088364/34.png
 create mode 100644 results/woof_baseline_ipc50/dataset_0/n02088364/35.png
 create mode 100644 results/woof_baseline_ipc50/dataset_0/n02088364/36.png
 create mode 100644 results/woof_baseline_ipc50/dataset_0/n02088364/37.png
 create mode 100644 results/woof_baseline_ipc50/dataset_0/n02088364/38.png
 create mode 100644 results/woof_baseline_ipc50/dataset_0/n02088364/39.png
 create mode 100644 results/woof_baseline_ipc50/dataset_0/n02088364/4.png
 create mode 100644 results/woof_baseline_ipc50/dataset_0/n02088364/40.png
 create mode 100644 results/woof_baseline_ipc50/dataset_0/n02088364/41.png
 create mode 100644 results/woof_baseline_ipc50/dataset_0/n02088364/42.png
 create mode 100644 results/woof_baseline_ipc50/dataset_0/n02088364/43.png
 create mode 100644 results/woof_baseline_ipc50/dataset_0/n02088364/44.png
 create mode 100644 results/woof_baseline_ipc50/dataset_0/n02088364/45.png
 create mode 100644 results/woof_baseline_ipc50/dataset_0/n02088364/46.png
 create mode 100644 results/woof_baseline_ipc50/dataset_0/n02088364/47.png
 create mode 100644 results/woof_baseline_ipc50/dataset_0/n02088364/48.png
 create mode 100644 results/woof_baseline_ipc50/dataset_0/n02088364/49.png
 create mode 100644 results/woof_baseline_ipc50/dataset_0/n02088364/5.png
 create mode 100644 results/woof_baseline_ipc50/dataset_0/n02088364/6.png
 create mode 100644 results/woof_baseline_ipc50/dataset_0/n02088364/7.png
 create mode 100644 results/woof_baseline_ipc50/dataset_0/n02088364/8.png
 create mode 100644 results/woof_baseline_ipc50/dataset_0/n02088364/9.png
 create mode 100644 results/woof_baseline_ipc50/dataset_0/n02089973/0.png
 create mode 100644 results/woof_baseline_ipc50/dataset_0/n02089973/1.png
 create mode 100644 results/woof_baseline_ipc50/dataset_0/n02089973/10.png
 create mode 100644 results/woof_baseline_ipc50/dataset_0/n02089973/11.png
 create mode 100644 results/woof_baseline_ipc50/dataset_0/n02089973/12.png
 create mode 100644 results/woof_baseline_ipc50/dataset_0/n02089973/13.png
 create mode 100644 results/woof_baseline_ipc50/dataset_0/n02089973/14.png
 create mode 100644 results/woof_baseline_ipc50/dataset_0/n02089973/15.png
 create mode 100644 results/woof_baseline_ipc50/dataset_0/n02089973/16.png
 create mode 100644 results/woof_baseline_ipc50/dataset_0/n02089973/17.png
 create mode 100644 results/woof_baseline_ipc50/dataset_0/n02089973/18.png
 create mode 100644 results/woof_baseline_ipc50/dataset_0/n02089973/19.png
 create mode 100644 results/woof_baseline_ipc50/dataset_0/n02089973/2.png
 create mode 100644 results/woof_baseline_ipc50/dataset_0/n02089973/20.png
 create mode 100644 results/woof_baseline_ipc50/dataset_0/n02089973/21.png
 create mode 100644 results/woof_baseline_ipc50/dataset_0/n02089973/22.png
 create mode 100644 results/woof_baseline_ipc50/dataset_0/n02089973/23.png
 create mode 100644 results/woof_baseline_ipc50/dataset_0/n02089973/24.png
 create mode 100644 results/woof_baseline_ipc50/dataset_0/n02089973/25.png
 create mode 100644 results/woof_baseline_ipc50/dataset_0/n02089973/26.png
 create mode 100644 results/woof_baseline_ipc50/dataset_0/n02089973/27.png
 create mode 100644 results/woof_baseline_ipc50/dataset_0/n02089973/28.png
 create mode 100644 results/woof_baseline_ipc50/dataset_0/n02089973/29.png
 create mode 100644 results/woof_baseline_ipc50/dataset_0/n02089973/3.png
 create mode 100644 results/woof_baseline_ipc50/dataset_0/n02089973/30.png
 create mode 100644 results/woof_baseline_ipc50/dataset_0/n02089973/31.png
 create mode 100644 results/woof_baseline_ipc50/dataset_0/n02089973/32.png
 create mode 100644 results/woof_baseline_ipc50/dataset_0/n02089973/33.png
 create mode 100644 results/woof_baseline_ipc50/dataset_0/n02089973/34.png
 create mode 100644 results/woof_baseline_ipc50/dataset_0/n02089973/35.png
 create mode 100644 results/woof_baseline_ipc50/dataset_0/n02089973/36.png
 create mode 100644 results/woof_baseline_ipc50/dataset_0/n02089973/37.png
 create mode 100644 results/woof_baseline_ipc50/dataset_0/n02089973/38.png
 create mode 100644 results/woof_baseline_ipc50/dataset_0/n02089973/39.png
 create mode 100644 results/woof_baseline_ipc50/dataset_0/n02089973/4.png
 create mode 100644 results/woof_baseline_ipc50/dataset_0/n02089973/40.png
 create mode 100644 results/woof_baseline_ipc50/dataset_0/n02089973/41.png
 create mode 100644 results/woof_baseline_ipc50/dataset_0/n02089973/42.png
 create mode 100644 results/woof_baseline_ipc50/dataset_0/n02089973/43.png
 create mode 100644 results/woof_baseline_ipc50/dataset_0/n02089973/44.png
 create mode 100644 results/woof_baseline_ipc50/dataset_0/n02089973/45.png
 create mode 100644 results/woof_baseline_ipc50/dataset_0/n02089973/46.png
 create mode 100644 results/woof_baseline_ipc50/dataset_0/n02089973/47.png
 create mode 100644 results/woof_baseline_ipc50/dataset_0/n02089973/48.png
 create mode 100644 results/woof_baseline_ipc50/dataset_0/n02089973/49.png
 create mode 100644 results/woof_baseline_ipc50/dataset_0/n02089973/5.png
 create mode 100644 results/woof_baseline_ipc50/dataset_0/n02089973/6.png
 create mode 100644 results/woof_baseline_ipc50/dataset_0/n02089973/7.png
 create mode 100644 results/woof_baseline_ipc50/dataset_0/n02089973/8.png
 create mode 100644 results/woof_baseline_ipc50/dataset_0/n02089973/9.png
 create mode 100644 results/woof_baseline_ipc50/dataset_0/n02093754/0.png
 create mode 100644 results/woof_baseline_ipc50/dataset_0/n02093754/1.png
 create mode 100644 results/woof_baseline_ipc50/dataset_0/n02093754/10.png
 create mode 100644 results/woof_baseline_ipc50/dataset_0/n02093754/11.png
 create mode 100644 results/woof_baseline_ipc50/dataset_0/n02093754/12.png
 create mode 100644 results/woof_baseline_ipc50/dataset_0/n02093754/13.png
 create mode 100644 results/woof_baseline_ipc50/dataset_0/n02093754/14.png
 create mode 100644 results/woof_baseline_ipc50/dataset_0/n02093754/15.png
 create mode 100644 results/woof_baseline_ipc50/dataset_0/n02093754/16.png
 create mode 100644 results/woof_baseline_ipc50/dataset_0/n02093754/17.png
 create mode 100644 results/woof_baseline_ipc50/dataset_0/n02093754/18.png
 create mode 100644 results/woof_baseline_ipc50/dataset_0/n02093754/19.png
 create mode 100644 results/woof_baseline_ipc50/dataset_0/n02093754/2.png
 create mode 100644 results/woof_baseline_ipc50/dataset_0/n02093754/20.png
 create mode 100644 results/woof_baseline_ipc50/dataset_0/n02093754/21.png
 create mode 100644 results/woof_baseline_ipc50/dataset_0/n02093754/22.png
 create mode 100644 results/woof_baseline_ipc50/dataset_0/n02093754/23.png
 create mode 100644 results/woof_baseline_ipc50/dataset_0/n02093754/24.png
 create mode 100644 results/woof_baseline_ipc50/dataset_0/n02093754/25.png
 create mode 100644 results/woof_baseline_ipc50/dataset_0/n02093754/26.png
 create mode 100644 results/woof_baseline_ipc50/dataset_0/n02093754/27.png
 create mode 100644 results/woof_baseline_ipc50/dataset_0/n02093754/28.png
 create mode 100644 results/woof_baseline_ipc50/dataset_0/n02093754/29.png
 create mode 100644 results/woof_baseline_ipc50/dataset_0/n02093754/3.png
 create mode 100644 results/woof_baseline_ipc50/dataset_0/n02093754/30.png
 create mode 100644 results/woof_baseline_ipc50/dataset_0/n02093754/31.png
 create mode 100644 results/woof_baseline_ipc50/dataset_0/n02093754/32.png
 create mode 100644 results/woof_baseline_ipc50/dataset_0/n02093754/33.png
 create mode 100644 results/woof_baseline_ipc50/dataset_0/n02093754/34.png
 create mode 100644 results/woof_baseline_ipc50/dataset_0/n02093754/35.png
 create mode 100644 results/woof_baseline_ipc50/dataset_0/n02093754/36.png
 create mode 100644 results/woof_baseline_ipc50/dataset_0/n02093754/37.png
 create mode 100644 results/woof_baseline_ipc50/dataset_0/n02093754/38.png
 create mode 100644 results/woof_baseline_ipc50/dataset_0/n02093754/39.png
 create mode 100644 results/woof_baseline_ipc50/dataset_0/n02093754/4.png
 create mode 100644 results/woof_baseline_ipc50/dataset_0/n02093754/40.png
 create mode 100644 results/woof_baseline_ipc50/dataset_0/n02093754/41.png
 create mode 100644 results/woof_baseline_ipc50/dataset_0/n02093754/42.png
 create mode 100644 results/woof_baseline_ipc50/dataset_0/n02093754/43.png
 create mode 100644 results/woof_baseline_ipc50/dataset_0/n02093754/44.png
 create mode 100644 results/woof_baseline_ipc50/dataset_0/n02093754/45.png
 create mode 100644 results/woof_baseline_ipc50/dataset_0/n02093754/46.png
 create mode 100644 results/woof_baseline_ipc50/dataset_0/n02093754/47.png
 create mode 100644 results/woof_baseline_ipc50/dataset_0/n02093754/48.png
 create mode 100644 results/woof_baseline_ipc50/dataset_0/n02093754/49.png
 create mode 100644 results/woof_baseline_ipc50/dataset_0/n02093754/5.png
 create mode 100644 results/woof_baseline_ipc50/dataset_0/n02093754/6.png
 create mode 100644 results/woof_baseline_ipc50/dataset_0/n02093754/7.png
 create mode 100644 results/woof_baseline_ipc50/dataset_0/n02093754/8.png
 create mode 100644 results/woof_baseline_ipc50/dataset_0/n02093754/9.png
 create mode 100644 results/woof_baseline_ipc50/dataset_0/n02096294/0.png
 create mode 100644 results/woof_baseline_ipc50/dataset_0/n02096294/1.png
 create mode 100644 results/woof_baseline_ipc50/dataset_0/n02096294/10.png
 create mode 100644 results/woof_baseline_ipc50/dataset_0/n02096294/11.png
 create mode 100644 results/woof_baseline_ipc50/dataset_0/n02096294/12.png
 create mode 100644 results/woof_baseline_ipc50/dataset_0/n02096294/13.png
 create mode 100644 results/woof_baseline_ipc50/dataset_0/n02096294/14.png
 create mode 100644 results/woof_baseline_ipc50/dataset_0/n02096294/15.png
 create mode 100644 results/woof_baseline_ipc50/dataset_0/n02096294/16.png
 create mode 100644 results/woof_baseline_ipc50/dataset_0/n02096294/17.png
 create mode 100644 results/woof_baseline_ipc50/dataset_0/n02096294/18.png
 create mode 100644 results/woof_baseline_ipc50/dataset_0/n02096294/19.png
 create mode 100644 results/woof_baseline_ipc50/dataset_0/n02096294/2.png
 create mode 100644 results/woof_baseline_ipc50/dataset_0/n02096294/20.png
 create mode 100644 results/woof_baseline_ipc50/dataset_0/n02096294/21.png
 create mode 100644 results/woof_baseline_ipc50/dataset_0/n02096294/22.png
 create mode 100644 results/woof_baseline_ipc50/dataset_0/n02096294/23.png
 create mode 100644 results/woof_baseline_ipc50/dataset_0/n02096294/24.png
 create mode 100644 results/woof_baseline_ipc50/dataset_0/n02096294/25.png
 create mode 100644 results/woof_baseline_ipc50/dataset_0/n02096294/26.png
 create mode 100644 results/woof_baseline_ipc50/dataset_0/n02096294/27.png
 create mode 100644 results/woof_baseline_ipc50/dataset_0/n02096294/28.png
 create mode 100644 results/woof_baseline_ipc50/dataset_0/n02096294/29.png
 create mode 100644 results/woof_baseline_ipc50/dataset_0/n02096294/3.png
 create mode 100644 results/woof_baseline_ipc50/dataset_0/n02096294/30.png
 create mode 100644 results/woof_baseline_ipc50/dataset_0/n02096294/31.png
 create mode 100644 results/woof_baseline_ipc50/dataset_0/n02096294/32.png
 create mode 100644 results/woof_baseline_ipc50/dataset_0/n02096294/33.png
 create mode 100644 results/woof_baseline_ipc50/dataset_0/n02096294/34.png
 create mode 100644 results/woof_baseline_ipc50/dataset_0/n02096294/35.png
 create mode 100644 results/woof_baseline_ipc50/dataset_0/n02096294/36.png
 create mode 100644 results/woof_baseline_ipc50/dataset_0/n02096294/37.png
 create mode 100644 results/woof_baseline_ipc50/dataset_0/n02096294/38.png
 create mode 100644 results/woof_baseline_ipc50/dataset_0/n02096294/39.png
 create mode 100644 results/woof_baseline_ipc50/dataset_0/n02096294/4.png
 create mode 100644 results/woof_baseline_ipc50/dataset_0/n02096294/40.png
 create mode 100644 results/woof_baseline_ipc50/dataset_0/n02096294/41.png
 create mode 100644 results/woof_baseline_ipc50/dataset_0/n02096294/42.png
 create mode 100644 results/woof_baseline_ipc50/dataset_0/n02096294/43.png
 create mode 100644 results/woof_baseline_ipc50/dataset_0/n02096294/44.png
 create mode 100644 results/woof_baseline_ipc50/dataset_0/n02096294/45.png
 create mode 100644 results/woof_baseline_ipc50/dataset_0/n02096294/46.png
 create mode 100644 results/woof_baseline_ipc50/dataset_0/n02096294/47.png
 create mode 100644 results/woof_baseline_ipc50/dataset_0/n02096294/48.png
 create mode 100644 results/woof_baseline_ipc50/dataset_0/n02096294/49.png
 create mode 100644 results/woof_baseline_ipc50/dataset_0/n02096294/5.png
 create mode 100644 results/woof_baseline_ipc50/dataset_0/n02096294/6.png
 create mode 100644 results/woof_baseline_ipc50/dataset_0/n02096294/7.png
 create mode 100644 results/woof_baseline_ipc50/dataset_0/n02096294/8.png
 create mode 100644 results/woof_baseline_ipc50/dataset_0/n02096294/9.png
 create mode 100644 results/woof_baseline_ipc50/dataset_0/n02099601/0.png
 create mode 100644 results/woof_baseline_ipc50/dataset_0/n02099601/1.png
 create mode 100644 results/woof_baseline_ipc50/dataset_0/n02099601/10.png
 create mode 100644 results/woof_baseline_ipc50/dataset_0/n02099601/11.png
 create mode 100644 results/woof_baseline_ipc50/dataset_0/n02099601/12.png
 create mode 100644 results/woof_baseline_ipc50/dataset_0/n02099601/13.png
 create mode 100644 results/woof_baseline_ipc50/dataset_0/n02099601/14.png
 create mode 100644 results/woof_baseline_ipc50/dataset_0/n02099601/15.png
 create mode 100644 results/woof_baseline_ipc50/dataset_0/n02099601/16.png
 create mode 100644 results/woof_baseline_ipc50/dataset_0/n02099601/17.png
 create mode 100644 results/woof_baseline_ipc50/dataset_0/n02099601/18.png
 create mode 100644 results/woof_baseline_ipc50/dataset_0/n02099601/19.png
 create mode 100644 results/woof_baseline_ipc50/dataset_0/n02099601/2.png
 create mode 100644 results/woof_baseline_ipc50/dataset_0/n02099601/20.png
 create mode 100644 results/woof_baseline_ipc50/dataset_0/n02099601/21.png
 create mode 100644 results/woof_baseline_ipc50/dataset_0/n02099601/22.png
 create mode 100644 results/woof_baseline_ipc50/dataset_0/n02099601/23.png
 create mode 100644 results/woof_baseline_ipc50/dataset_0/n02099601/24.png
 create mode 100644 results/woof_baseline_ipc50/dataset_0/n02099601/25.png
 create mode 100644 results/woof_baseline_ipc50/dataset_0/n02099601/26.png
 create mode 100644 results/woof_baseline_ipc50/dataset_0/n02099601/27.png
 create mode 100644 results/woof_baseline_ipc50/dataset_0/n02099601/28.png
 create mode 100644 results/woof_baseline_ipc50/dataset_0/n02099601/29.png
 create mode 100644 results/woof_baseline_ipc50/dataset_0/n02099601/3.png
 create mode 100644 results/woof_baseline_ipc50/dataset_0/n02099601/30.png
 create mode 100644 results/woof_baseline_ipc50/dataset_0/n02099601/31.png
 create mode 100644 results/woof_baseline_ipc50/dataset_0/n02099601/32.png
 create mode 100644 results/woof_baseline_ipc50/dataset_0/n02099601/33.png
 create mode 100644 results/woof_baseline_ipc50/dataset_0/n02099601/34.png
 create mode 100644 results/woof_baseline_ipc50/dataset_0/n02099601/35.png
 create mode 100644 results/woof_baseline_ipc50/dataset_0/n02099601/36.png
 create mode 100644 results/woof_baseline_ipc50/dataset_0/n02099601/37.png
 create mode 100644 results/woof_baseline_ipc50/dataset_0/n02099601/38.png
 create mode 100644 results/woof_baseline_ipc50/dataset_0/n02099601/39.png
 create mode 100644 results/woof_baseline_ipc50/dataset_0/n02099601/4.png
 create mode 100644 results/woof_baseline_ipc50/dataset_0/n02099601/40.png
 create mode 100644 results/woof_baseline_ipc50/dataset_0/n02099601/41.png
 create mode 100644 results/woof_baseline_ipc50/dataset_0/n02099601/42.png
 create mode 100644 results/woof_baseline_ipc50/dataset_0/n02099601/43.png
 create mode 100644 results/woof_baseline_ipc50/dataset_0/n02099601/44.png
 create mode 100644 results/woof_baseline_ipc50/dataset_0/n02099601/45.png
 create mode 100644 results/woof_baseline_ipc50/dataset_0/n02099601/46.png
 create mode 100644 results/woof_baseline_ipc50/dataset_0/n02099601/47.png
 create mode 100644 results/woof_baseline_ipc50/dataset_0/n02099601/48.png
 create mode 100644 results/woof_baseline_ipc50/dataset_0/n02099601/49.png
 create mode 100644 results/woof_baseline_ipc50/dataset_0/n02099601/5.png
 create mode 100644 results/woof_baseline_ipc50/dataset_0/n02099601/6.png
 create mode 100644 results/woof_baseline_ipc50/dataset_0/n02099601/7.png
 create mode 100644 results/woof_baseline_ipc50/dataset_0/n02099601/8.png
 create mode 100644 results/woof_baseline_ipc50/dataset_0/n02099601/9.png
 create mode 100644 results/woof_baseline_ipc50/dataset_0/n02105641/0.png
 create mode 100644 results/woof_baseline_ipc50/dataset_0/n02105641/1.png
 create mode 100644 results/woof_baseline_ipc50/dataset_0/n02105641/10.png
 create mode 100644 results/woof_baseline_ipc50/dataset_0/n02105641/11.png
 create mode 100644 results/woof_baseline_ipc50/dataset_0/n02105641/12.png
 create mode 100644 results/woof_baseline_ipc50/dataset_0/n02105641/13.png
 create mode 100644 results/woof_baseline_ipc50/dataset_0/n02105641/14.png
 create mode 100644 results/woof_baseline_ipc50/dataset_0/n02105641/15.png
 create mode 100644 results/woof_baseline_ipc50/dataset_0/n02105641/16.png
 create mode 100644 results/woof_baseline_ipc50/dataset_0/n02105641/17.png
 create mode 100644 results/woof_baseline_ipc50/dataset_0/n02105641/18.png
 create mode 100644 results/woof_baseline_ipc50/dataset_0/n02105641/19.png
 create mode 100644 results/woof_baseline_ipc50/dataset_0/n02105641/2.png
 create mode 100644 results/woof_baseline_ipc50/dataset_0/n02105641/20.png
 create mode 100644 results/woof_baseline_ipc50/dataset_0/n02105641/21.png
 create mode 100644 results/woof_baseline_ipc50/dataset_0/n02105641/22.png
 create mode 100644 results/woof_baseline_ipc50/dataset_0/n02105641/23.png
 create mode 100644 results/woof_baseline_ipc50/dataset_0/n02105641/24.png
 create mode 100644 results/woof_baseline_ipc50/dataset_0/n02105641/25.png
 create mode 100644 results/woof_baseline_ipc50/dataset_0/n02105641/26.png
 create mode 100644 results/woof_baseline_ipc50/dataset_0/n02105641/27.png
 create mode 100644 results/woof_baseline_ipc50/dataset_0/n02105641/28.png
 create mode 100644 results/woof_baseline_ipc50/dataset_0/n02105641/29.png
 create mode 100644 results/woof_baseline_ipc50/dataset_0/n02105641/3.png
 create mode 100644 results/woof_baseline_ipc50/dataset_0/n02105641/30.png
 create mode 100644 results/woof_baseline_ipc50/dataset_0/n02105641/31.png
 create mode 100644 results/woof_baseline_ipc50/dataset_0/n02105641/32.png
 create mode 100644 results/woof_baseline_ipc50/dataset_0/n02105641/33.png
 create mode 100644 results/woof_baseline_ipc50/dataset_0/n02105641/34.png
 create mode 100644 results/woof_baseline_ipc50/dataset_0/n02105641/35.png
 create mode 100644 results/woof_baseline_ipc50/dataset_0/n02105641/36.png
 create mode 100644 results/woof_baseline_ipc50/dataset_0/n02105641/37.png
 create mode 100644 results/woof_baseline_ipc50/dataset_0/n02105641/38.png
 create mode 100644 results/woof_baseline_ipc50/dataset_0/n02105641/39.png
 create mode 100644 results/woof_baseline_ipc50/dataset_0/n02105641/4.png
 create mode 100644 results/woof_baseline_ipc50/dataset_0/n02105641/40.png
 create mode 100644 results/woof_baseline_ipc50/dataset_0/n02105641/41.png
 create mode 100644 results/woof_baseline_ipc50/dataset_0/n02105641/42.png
 create mode 100644 results/woof_baseline_ipc50/dataset_0/n02105641/43.png
 create mode 100644 results/woof_baseline_ipc50/dataset_0/n02105641/44.png
 create mode 100644 results/woof_baseline_ipc50/dataset_0/n02105641/45.png
 create mode 100644 results/woof_baseline_ipc50/dataset_0/n02105641/46.png
 create mode 100644 results/woof_baseline_ipc50/dataset_0/n02105641/47.png
 create mode 100644 results/woof_baseline_ipc50/dataset_0/n02105641/48.png
 create mode 100644 results/woof_baseline_ipc50/dataset_0/n02105641/49.png
 create mode 100644 results/woof_baseline_ipc50/dataset_0/n02105641/5.png
 create mode 100644 results/woof_baseline_ipc50/dataset_0/n02105641/6.png
 create mode 100644 results/woof_baseline_ipc50/dataset_0/n02105641/7.png
 create mode 100644 results/woof_baseline_ipc50/dataset_0/n02105641/8.png
 create mode 100644 results/woof_baseline_ipc50/dataset_0/n02105641/9.png
 create mode 100644 results/woof_baseline_ipc50/dataset_0/n02111889/0.png
 create mode 100644 results/woof_baseline_ipc50/dataset_0/n02111889/1.png
 create mode 100644 results/woof_baseline_ipc50/dataset_0/n02111889/10.png
 create mode 100644 results/woof_baseline_ipc50/dataset_0/n02111889/11.png
 create mode 100644 results/woof_baseline_ipc50/dataset_0/n02111889/12.png
 create mode 100644 results/woof_baseline_ipc50/dataset_0/n02111889/13.png
 create mode 100644 results/woof_baseline_ipc50/dataset_0/n02111889/14.png
 create mode 100644 results/woof_baseline_ipc50/dataset_0/n02111889/15.png
 create mode 100644 results/woof_baseline_ipc50/dataset_0/n02111889/16.png
 create mode 100644 results/woof_baseline_ipc50/dataset_0/n02111889/17.png
 create mode 100644 results/woof_baseline_ipc50/dataset_0/n02111889/18.png
 create mode 100644 results/woof_baseline_ipc50/dataset_0/n02111889/19.png
 create mode 100644 results/woof_baseline_ipc50/dataset_0/n02111889/2.png
 create mode 100644 results/woof_baseline_ipc50/dataset_0/n02111889/20.png
 create mode 100644 results/woof_baseline_ipc50/dataset_0/n02111889/21.png
 create mode 100644 results/woof_baseline_ipc50/dataset_0/n02111889/22.png
 create mode 100644 results/woof_baseline_ipc50/dataset_0/n02111889/23.png
 create mode 100644 results/woof_baseline_ipc50/dataset_0/n02111889/24.png
 create mode 100644 results/woof_baseline_ipc50/dataset_0/n02111889/25.png
 create mode 100644 results/woof_baseline_ipc50/dataset_0/n02111889/26.png
 create mode 100644 results/woof_baseline_ipc50/dataset_0/n02111889/27.png
 create mode 100644 results/woof_baseline_ipc50/dataset_0/n02111889/28.png
 create mode 100644 results/woof_baseline_ipc50/dataset_0/n02111889/29.png
 create mode 100644 results/woof_baseline_ipc50/dataset_0/n02111889/3.png
 create mode 100644 results/woof_baseline_ipc50/dataset_0/n02111889/30.png
 create mode 100644 results/woof_baseline_ipc50/dataset_0/n02111889/31.png
 create mode 100644 results/woof_baseline_ipc50/dataset_0/n02111889/32.png
 create mode 100644 results/woof_baseline_ipc50/dataset_0/n02111889/33.png
 create mode 100644 results/woof_baseline_ipc50/dataset_0/n02111889/34.png
 create mode 100644 results/woof_baseline_ipc50/dataset_0/n02111889/35.png
 create mode 100644 results/woof_baseline_ipc50/dataset_0/n02111889/36.png
 create mode 100644 results/woof_baseline_ipc50/dataset_0/n02111889/37.png
 create mode 100644 results/woof_baseline_ipc50/dataset_0/n02111889/38.png
 create mode 100644 results/woof_baseline_ipc50/dataset_0/n02111889/39.png
 create mode 100644 results/woof_baseline_ipc50/dataset_0/n02111889/4.png
 create mode 100644 results/woof_baseline_ipc50/dataset_0/n02111889/40.png
 create mode 100644 results/woof_baseline_ipc50/dataset_0/n02111889/41.png
 create mode 100644 results/woof_baseline_ipc50/dataset_0/n02111889/42.png
 create mode 100644 results/woof_baseline_ipc50/dataset_0/n02111889/43.png
 create mode 100644 results/woof_baseline_ipc50/dataset_0/n02111889/44.png
 create mode 100644 results/woof_baseline_ipc50/dataset_0/n02111889/45.png
 create mode 100644 results/woof_baseline_ipc50/dataset_0/n02111889/46.png
 create mode 100644 results/woof_baseline_ipc50/dataset_0/n02111889/47.png
 create mode 100644 results/woof_baseline_ipc50/dataset_0/n02111889/48.png
 create mode 100644 results/woof_baseline_ipc50/dataset_0/n02111889/49.png
 create mode 100644 results/woof_baseline_ipc50/dataset_0/n02111889/5.png
 create mode 100644 results/woof_baseline_ipc50/dataset_0/n02111889/6.png
 create mode 100644 results/woof_baseline_ipc50/dataset_0/n02111889/7.png
 create mode 100644 results/woof_baseline_ipc50/dataset_0/n02111889/8.png
 create mode 100644 results/woof_baseline_ipc50/dataset_0/n02111889/9.png
 create mode 100644 results/woof_baseline_ipc50/dataset_0/n02115641/0.png
 create mode 100644 results/woof_baseline_ipc50/dataset_0/n02115641/1.png
 create mode 100644 results/woof_baseline_ipc50/dataset_0/n02115641/10.png
 create mode 100644 results/woof_baseline_ipc50/dataset_0/n02115641/11.png
 create mode 100644 results/woof_baseline_ipc50/dataset_0/n02115641/12.png
 create mode 100644 results/woof_baseline_ipc50/dataset_0/n02115641/13.png
 create mode 100644 results/woof_baseline_ipc50/dataset_0/n02115641/14.png
 create mode 100644 results/woof_baseline_ipc50/dataset_0/n02115641/15.png
 create mode 100644 results/woof_baseline_ipc50/dataset_0/n02115641/16.png
 create mode 100644 results/woof_baseline_ipc50/dataset_0/n02115641/17.png
 create mode 100644 results/woof_baseline_ipc50/dataset_0/n02115641/18.png
 create mode 100644 results/woof_baseline_ipc50/dataset_0/n02115641/19.png
 create mode 100644 results/woof_baseline_ipc50/dataset_0/n02115641/2.png
 create mode 100644 results/woof_baseline_ipc50/dataset_0/n02115641/20.png
 create mode 100644 results/woof_baseline_ipc50/dataset_0/n02115641/21.png
 create mode 100644 results/woof_baseline_ipc50/dataset_0/n02115641/22.png
 create mode 100644 results/woof_baseline_ipc50/dataset_0/n02115641/23.png
 create mode 100644 results/woof_baseline_ipc50/dataset_0/n02115641/24.png
 create mode 100644 results/woof_baseline_ipc50/dataset_0/n02115641/25.png
 create mode 100644 results/woof_baseline_ipc50/dataset_0/n02115641/26.png
 create mode 100644 results/woof_baseline_ipc50/dataset_0/n02115641/27.png
 create mode 100644 results/woof_baseline_ipc50/dataset_0/n02115641/28.png
 create mode 100644 results/woof_baseline_ipc50/dataset_0/n02115641/29.png
 create mode 100644 results/woof_baseline_ipc50/dataset_0/n02115641/3.png
 create mode 100644 results/woof_baseline_ipc50/dataset_0/n02115641/30.png
 create mode 100644 results/woof_baseline_ipc50/dataset_0/n02115641/31.png
 create mode 100644 results/woof_baseline_ipc50/dataset_0/n02115641/32.png
 create mode 100644 results/woof_baseline_ipc50/dataset_0/n02115641/33.png
 create mode 100644 results/woof_baseline_ipc50/dataset_0/n02115641/34.png
 create mode 100644 results/woof_baseline_ipc50/dataset_0/n02115641/35.png
 create mode 100644 results/woof_baseline_ipc50/dataset_0/n02115641/36.png
 create mode 100644 results/woof_baseline_ipc50/dataset_0/n02115641/37.png
 create mode 100644 results/woof_baseline_ipc50/dataset_0/n02115641/38.png
 create mode 100644 results/woof_baseline_ipc50/dataset_0/n02115641/39.png
 create mode 100644 results/woof_baseline_ipc50/dataset_0/n02115641/4.png
 create mode 100644 results/woof_baseline_ipc50/dataset_0/n02115641/40.png
 create mode 100644 results/woof_baseline_ipc50/dataset_0/n02115641/41.png
 create mode 100644 results/woof_baseline_ipc50/dataset_0/n02115641/42.png
 create mode 100644 results/woof_baseline_ipc50/dataset_0/n02115641/43.png
 create mode 100644 results/woof_baseline_ipc50/dataset_0/n02115641/44.png
 create mode 100644 results/woof_baseline_ipc50/dataset_0/n02115641/45.png
 create mode 100644 results/woof_baseline_ipc50/dataset_0/n02115641/46.png
 create mode 100644 results/woof_baseline_ipc50/dataset_0/n02115641/47.png
 create mode 100644 results/woof_baseline_ipc50/dataset_0/n02115641/48.png
 create mode 100644 results/woof_baseline_ipc50/dataset_0/n02115641/49.png
 create mode 100644 results/woof_baseline_ipc50/dataset_0/n02115641/5.png
 create mode 100644 results/woof_baseline_ipc50/dataset_0/n02115641/6.png
 create mode 100644 results/woof_baseline_ipc50/dataset_0/n02115641/7.png
 create mode 100644 results/woof_baseline_ipc50/dataset_0/n02115641/8.png
 create mode 100644 results/woof_baseline_ipc50/dataset_0/n02115641/9.png
 create mode 100644 results/woof_baseline_ipc50/dataset_1/n02086240/0.png
 create mode 100644 results/woof_baseline_ipc50/dataset_1/n02086240/1.png
 create mode 100644 results/woof_baseline_ipc50/dataset_1/n02086240/10.png
 create mode 100644 results/woof_baseline_ipc50/dataset_1/n02086240/11.png
 create mode 100644 results/woof_baseline_ipc50/dataset_1/n02086240/12.png
 create mode 100644 results/woof_baseline_ipc50/dataset_1/n02086240/13.png
 create mode 100644 results/woof_baseline_ipc50/dataset_1/n02086240/14.png
 create mode 100644 results/woof_baseline_ipc50/dataset_1/n02086240/15.png
 create mode 100644 results/woof_baseline_ipc50/dataset_1/n02086240/16.png
 create mode 100644 results/woof_baseline_ipc50/dataset_1/n02086240/17.png
 create mode 100644 results/woof_baseline_ipc50/dataset_1/n02086240/18.png
 create mode 100644 results/woof_baseline_ipc50/dataset_1/n02086240/19.png
 create mode 100644 results/woof_baseline_ipc50/dataset_1/n02086240/2.png
 create mode 100644 results/woof_baseline_ipc50/dataset_1/n02086240/20.png
 create mode 100644 results/woof_baseline_ipc50/dataset_1/n02086240/21.png
 create mode 100644 results/woof_baseline_ipc50/dataset_1/n02086240/22.png
 create mode 100644 results/woof_baseline_ipc50/dataset_1/n02086240/23.png
 create mode 100644 results/woof_baseline_ipc50/dataset_1/n02086240/24.png
 create mode 100644 results/woof_baseline_ipc50/dataset_1/n02086240/25.png
 create mode 100644 results/woof_baseline_ipc50/dataset_1/n02086240/26.png
 create mode 100644 results/woof_baseline_ipc50/dataset_1/n02086240/27.png
 create mode 100644 results/woof_baseline_ipc50/dataset_1/n02086240/28.png
 create mode 100644 results/woof_baseline_ipc50/dataset_1/n02086240/29.png
 create mode 100644 results/woof_baseline_ipc50/dataset_1/n02086240/3.png
 create mode 100644 results/woof_baseline_ipc50/dataset_1/n02086240/30.png
 create mode 100644 results/woof_baseline_ipc50/dataset_1/n02086240/31.png
 create mode 100644 results/woof_baseline_ipc50/dataset_1/n02086240/32.png
 create mode 100644 results/woof_baseline_ipc50/dataset_1/n02086240/33.png
 create mode 100644 results/woof_baseline_ipc50/dataset_1/n02086240/34.png
 create mode 100644 results/woof_baseline_ipc50/dataset_1/n02086240/35.png
 create mode 100644 results/woof_baseline_ipc50/dataset_1/n02086240/36.png
 create mode 100644 results/woof_baseline_ipc50/dataset_1/n02086240/37.png
 create mode 100644 results/woof_baseline_ipc50/dataset_1/n02086240/38.png
 create mode 100644 results/woof_baseline_ipc50/dataset_1/n02086240/39.png
 create mode 100644 results/woof_baseline_ipc50/dataset_1/n02086240/4.png
 create mode 100644 results/woof_baseline_ipc50/dataset_1/n02086240/40.png
 create mode 100644 results/woof_baseline_ipc50/dataset_1/n02086240/41.png
 create mode 100644 results/woof_baseline_ipc50/dataset_1/n02086240/42.png
 create mode 100644 results/woof_baseline_ipc50/dataset_1/n02086240/43.png
 create mode 100644 results/woof_baseline_ipc50/dataset_1/n02086240/44.png
 create mode 100644 results/woof_baseline_ipc50/dataset_1/n02086240/45.png
 create mode 100644 results/woof_baseline_ipc50/dataset_1/n02086240/46.png
 create mode 100644 results/woof_baseline_ipc50/dataset_1/n02086240/47.png
 create mode 100644 results/woof_baseline_ipc50/dataset_1/n02086240/48.png
 create mode 100644 results/woof_baseline_ipc50/dataset_1/n02086240/49.png
 create mode 100644 results/woof_baseline_ipc50/dataset_1/n02086240/5.png
 create mode 100644 results/woof_baseline_ipc50/dataset_1/n02086240/6.png
 create mode 100644 results/woof_baseline_ipc50/dataset_1/n02086240/7.png
 create mode 100644 results/woof_baseline_ipc50/dataset_1/n02086240/8.png
 create mode 100644 results/woof_baseline_ipc50/dataset_1/n02086240/9.png
 create mode 100644 results/woof_baseline_ipc50/dataset_1/n02087394/0.png
 create mode 100644 results/woof_baseline_ipc50/dataset_1/n02087394/1.png
 create mode 100644 results/woof_baseline_ipc50/dataset_1/n02087394/10.png
 create mode 100644 results/woof_baseline_ipc50/dataset_1/n02087394/11.png
 create mode 100644 results/woof_baseline_ipc50/dataset_1/n02087394/12.png
 create mode 100644 results/woof_baseline_ipc50/dataset_1/n02087394/13.png
 create mode 100644 results/woof_baseline_ipc50/dataset_1/n02087394/14.png
 create mode 100644 results/woof_baseline_ipc50/dataset_1/n02087394/15.png
 create mode 100644 results/woof_baseline_ipc50/dataset_1/n02087394/16.png
 create mode 100644 results/woof_baseline_ipc50/dataset_1/n02087394/17.png
 create mode 100644 results/woof_baseline_ipc50/dataset_1/n02087394/18.png
 create mode 100644 results/woof_baseline_ipc50/dataset_1/n02087394/19.png
 create mode 100644 results/woof_baseline_ipc50/dataset_1/n02087394/2.png
 create mode 100644 results/woof_baseline_ipc50/dataset_1/n02087394/20.png
 create mode 100644 results/woof_baseline_ipc50/dataset_1/n02087394/21.png
 create mode 100644 results/woof_baseline_ipc50/dataset_1/n02087394/22.png
 create mode 100644 results/woof_baseline_ipc50/dataset_1/n02087394/23.png
 create mode 100644 results/woof_baseline_ipc50/dataset_1/n02087394/24.png
 create mode 100644 results/woof_baseline_ipc50/dataset_1/n02087394/25.png
 create mode 100644 results/woof_baseline_ipc50/dataset_1/n02087394/26.png
 create mode 100644 results/woof_baseline_ipc50/dataset_1/n02087394/27.png
 create mode 100644 results/woof_baseline_ipc50/dataset_1/n02087394/28.png
 create mode 100644 results/woof_baseline_ipc50/dataset_1/n02087394/29.png
 create mode 100644 results/woof_baseline_ipc50/dataset_1/n02087394/3.png
 create mode 100644 results/woof_baseline_ipc50/dataset_1/n02087394/30.png
 create mode 100644 results/woof_baseline_ipc50/dataset_1/n02087394/31.png
 create mode 100644 results/woof_baseline_ipc50/dataset_1/n02087394/32.png
 create mode 100644 results/woof_baseline_ipc50/dataset_1/n02087394/33.png
 create mode 100644 results/woof_baseline_ipc50/dataset_1/n02087394/34.png
 create mode 100644 results/woof_baseline_ipc50/dataset_1/n02087394/35.png
 create mode 100644 results/woof_baseline_ipc50/dataset_1/n02087394/36.png
 create mode 100644 results/woof_baseline_ipc50/dataset_1/n02087394/37.png
 create mode 100644 results/woof_baseline_ipc50/dataset_1/n02087394/38.png
 create mode 100644 results/woof_baseline_ipc50/dataset_1/n02087394/39.png
 create mode 100644 results/woof_baseline_ipc50/dataset_1/n02087394/4.png
 create mode 100644 results/woof_baseline_ipc50/dataset_1/n02087394/40.png
 create mode 100644 results/woof_baseline_ipc50/dataset_1/n02087394/41.png
 create mode 100644 results/woof_baseline_ipc50/dataset_1/n02087394/42.png
 create mode 100644 results/woof_baseline_ipc50/dataset_1/n02087394/43.png
 create mode 100644 results/woof_baseline_ipc50/dataset_1/n02087394/44.png
 create mode 100644 results/woof_baseline_ipc50/dataset_1/n02087394/45.png
 create mode 100644 results/woof_baseline_ipc50/dataset_1/n02087394/46.png
 create mode 100644 results/woof_baseline_ipc50/dataset_1/n02087394/47.png
 create mode 100644 results/woof_baseline_ipc50/dataset_1/n02087394/48.png
 create mode 100644 results/woof_baseline_ipc50/dataset_1/n02087394/49.png
 create mode 100644 results/woof_baseline_ipc50/dataset_1/n02087394/5.png
 create mode 100644 results/woof_baseline_ipc50/dataset_1/n02087394/6.png
 create mode 100644 results/woof_baseline_ipc50/dataset_1/n02087394/7.png
 create mode 100644 results/woof_baseline_ipc50/dataset_1/n02087394/8.png
 create mode 100644 results/woof_baseline_ipc50/dataset_1/n02087394/9.png
 create mode 100644 results/woof_baseline_ipc50/dataset_1/n02088364/0.png
 create mode 100644 results/woof_baseline_ipc50/dataset_1/n02088364/1.png
 create mode 100644 results/woof_baseline_ipc50/dataset_1/n02088364/10.png
 create mode 100644 results/woof_baseline_ipc50/dataset_1/n02088364/11.png
 create mode 100644 results/woof_baseline_ipc50/dataset_1/n02088364/12.png
 create mode 100644 results/woof_baseline_ipc50/dataset_1/n02088364/13.png
 create mode 100644 results/woof_baseline_ipc50/dataset_1/n02088364/14.png
 create mode 100644 results/woof_baseline_ipc50/dataset_1/n02088364/15.png
 create mode 100644 results/woof_baseline_ipc50/dataset_1/n02088364/16.png
 create mode 100644 results/woof_baseline_ipc50/dataset_1/n02088364/17.png
 create mode 100644 results/woof_baseline_ipc50/dataset_1/n02088364/18.png
 create mode 100644 results/woof_baseline_ipc50/dataset_1/n02088364/19.png
 create mode 100644 results/woof_baseline_ipc50/dataset_1/n02088364/2.png
 create mode 100644 results/woof_baseline_ipc50/dataset_1/n02088364/20.png
 create mode 100644 results/woof_baseline_ipc50/dataset_1/n02088364/21.png
 create mode 100644 results/woof_baseline_ipc50/dataset_1/n02088364/22.png
 create mode 100644 results/woof_baseline_ipc50/dataset_1/n02088364/23.png
 create mode 100644 results/woof_baseline_ipc50/dataset_1/n02088364/24.png
 create mode 100644 results/woof_baseline_ipc50/dataset_1/n02088364/25.png
 create mode 100644 results/woof_baseline_ipc50/dataset_1/n02088364/26.png
 create mode 100644 results/woof_baseline_ipc50/dataset_1/n02088364/27.png
 create mode 100644 results/woof_baseline_ipc50/dataset_1/n02088364/28.png
 create mode 100644 results/woof_baseline_ipc50/dataset_1/n02088364/29.png
 create mode 100644 results/woof_baseline_ipc50/dataset_1/n02088364/3.png
 create mode 100644 results/woof_baseline_ipc50/dataset_1/n02088364/30.png
 create mode 100644 results/woof_baseline_ipc50/dataset_1/n02088364/31.png
 create mode 100644 results/woof_baseline_ipc50/dataset_1/n02088364/32.png
 create mode 100644 results/woof_baseline_ipc50/dataset_1/n02088364/33.png
 create mode 100644 results/woof_baseline_ipc50/dataset_1/n02088364/34.png
 create mode 100644 results/woof_baseline_ipc50/dataset_1/n02088364/35.png
 create mode 100644 results/woof_baseline_ipc50/dataset_1/n02088364/36.png
 create mode 100644 results/woof_baseline_ipc50/dataset_1/n02088364/37.png
 create mode 100644 results/woof_baseline_ipc50/dataset_1/n02088364/38.png
 create mode 100644 results/woof_baseline_ipc50/dataset_1/n02088364/39.png
 create mode 100644 results/woof_baseline_ipc50/dataset_1/n02088364/4.png
 create mode 100644 results/woof_baseline_ipc50/dataset_1/n02088364/40.png
 create mode 100644 results/woof_baseline_ipc50/dataset_1/n02088364/41.png
 create mode 100644 results/woof_baseline_ipc50/dataset_1/n02088364/42.png
 create mode 100644 results/woof_baseline_ipc50/dataset_1/n02088364/43.png
 create mode 100644 results/woof_baseline_ipc50/dataset_1/n02088364/44.png
 create mode 100644 results/woof_baseline_ipc50/dataset_1/n02088364/45.png
 create mode 100644 results/woof_baseline_ipc50/dataset_1/n02088364/46.png
 create mode 100644 results/woof_baseline_ipc50/dataset_1/n02088364/47.png
 create mode 100644 results/woof_baseline_ipc50/dataset_1/n02088364/48.png
 create mode 100644 results/woof_baseline_ipc50/dataset_1/n02088364/49.png
 create mode 100644 results/woof_baseline_ipc50/dataset_1/n02088364/5.png
 create mode 100644 results/woof_baseline_ipc50/dataset_1/n02088364/6.png
 create mode 100644 results/woof_baseline_ipc50/dataset_1/n02088364/7.png
 create mode 100644 results/woof_baseline_ipc50/dataset_1/n02088364/8.png
 create mode 100644 results/woof_baseline_ipc50/dataset_1/n02088364/9.png
 create mode 100644 results/woof_baseline_ipc50/dataset_1/n02089973/0.png
 create mode 100644 results/woof_baseline_ipc50/dataset_1/n02089973/1.png
 create mode 100644 results/woof_baseline_ipc50/dataset_1/n02089973/10.png
 create mode 100644 results/woof_baseline_ipc50/dataset_1/n02089973/11.png
 create mode 100644 results/woof_baseline_ipc50/dataset_1/n02089973/12.png
 create mode 100644 results/woof_baseline_ipc50/dataset_1/n02089973/13.png
 create mode 100644 results/woof_baseline_ipc50/dataset_1/n02089973/14.png
 create mode 100644 results/woof_baseline_ipc50/dataset_1/n02089973/15.png
 create mode 100644 results/woof_baseline_ipc50/dataset_1/n02089973/16.png
 create mode 100644 results/woof_baseline_ipc50/dataset_1/n02089973/17.png
 create mode 100644 results/woof_baseline_ipc50/dataset_1/n02089973/18.png
 create mode 100644 results/woof_baseline_ipc50/dataset_1/n02089973/19.png
 create mode 100644 results/woof_baseline_ipc50/dataset_1/n02089973/2.png
 create mode 100644 results/woof_baseline_ipc50/dataset_1/n02089973/20.png
 create mode 100644 results/woof_baseline_ipc50/dataset_1/n02089973/21.png
 create mode 100644 results/woof_baseline_ipc50/dataset_1/n02089973/22.png
 create mode 100644 results/woof_baseline_ipc50/dataset_1/n02089973/23.png
 create mode 100644 results/woof_baseline_ipc50/dataset_1/n02089973/24.png
 create mode 100644 results/woof_baseline_ipc50/dataset_1/n02089973/25.png
 create mode 100644 results/woof_baseline_ipc50/dataset_1/n02089973/26.png
 create mode 100644 results/woof_baseline_ipc50/dataset_1/n02089973/27.png
 create mode 100644 results/woof_baseline_ipc50/dataset_1/n02089973/28.png
 create mode 100644 results/woof_baseline_ipc50/dataset_1/n02089973/29.png
 create mode 100644 results/woof_baseline_ipc50/dataset_1/n02089973/3.png
 create mode 100644 results/woof_baseline_ipc50/dataset_1/n02089973/30.png
 create mode 100644 results/woof_baseline_ipc50/dataset_1/n02089973/31.png
 create mode 100644 results/woof_baseline_ipc50/dataset_1/n02089973/32.png
 create mode 100644 results/woof_baseline_ipc50/dataset_1/n02089973/33.png
 create mode 100644 results/woof_baseline_ipc50/dataset_1/n02089973/34.png
 create mode 100644 results/woof_baseline_ipc50/dataset_1/n02089973/35.png
 create mode 100644 results/woof_baseline_ipc50/dataset_1/n02089973/36.png
 create mode 100644 results/woof_baseline_ipc50/dataset_1/n02089973/37.png
 create mode 100644 results/woof_baseline_ipc50/dataset_1/n02089973/38.png
 create mode 100644 results/woof_baseline_ipc50/dataset_1/n02089973/39.png
 create mode 100644 results/woof_baseline_ipc50/dataset_1/n02089973/4.png
 create mode 100644 results/woof_baseline_ipc50/dataset_1/n02089973/40.png
 create mode 100644 results/woof_baseline_ipc50/dataset_1/n02089973/41.png
 create mode 100644 results/woof_baseline_ipc50/dataset_1/n02089973/42.png
 create mode 100644 results/woof_baseline_ipc50/dataset_1/n02089973/43.png
 create mode 100644 results/woof_baseline_ipc50/dataset_1/n02089973/44.png
 create mode 100644 results/woof_baseline_ipc50/dataset_1/n02089973/45.png
 create mode 100644 results/woof_baseline_ipc50/dataset_1/n02089973/46.png
 create mode 100644 results/woof_baseline_ipc50/dataset_1/n02089973/47.png
 create mode 100644 results/woof_baseline_ipc50/dataset_1/n02089973/48.png
 create mode 100644 results/woof_baseline_ipc50/dataset_1/n02089973/49.png
 create mode 100644 results/woof_baseline_ipc50/dataset_1/n02089973/5.png
 create mode 100644 results/woof_baseline_ipc50/dataset_1/n02089973/6.png
 create mode 100644 results/woof_baseline_ipc50/dataset_1/n02089973/7.png
 create mode 100644 results/woof_baseline_ipc50/dataset_1/n02089973/8.png
 create mode 100644 results/woof_baseline_ipc50/dataset_1/n02089973/9.png
 create mode 100644 results/woof_baseline_ipc50/dataset_1/n02093754/0.png
 create mode 100644 results/woof_baseline_ipc50/dataset_1/n02093754/1.png
 create mode 100644 results/woof_baseline_ipc50/dataset_1/n02093754/10.png
 create mode 100644 results/woof_baseline_ipc50/dataset_1/n02093754/11.png
 create mode 100644 results/woof_baseline_ipc50/dataset_1/n02093754/12.png
 create mode 100644 results/woof_baseline_ipc50/dataset_1/n02093754/13.png
 create mode 100644 results/woof_baseline_ipc50/dataset_1/n02093754/14.png
 create mode 100644 results/woof_baseline_ipc50/dataset_1/n02093754/15.png
 create mode 100644 results/woof_baseline_ipc50/dataset_1/n02093754/16.png
 create mode 100644 results/woof_baseline_ipc50/dataset_1/n02093754/17.png
 create mode 100644 results/woof_baseline_ipc50/dataset_1/n02093754/18.png
 create mode 100644 results/woof_baseline_ipc50/dataset_1/n02093754/19.png
 create mode 100644 results/woof_baseline_ipc50/dataset_1/n02093754/2.png
 create mode 100644 results/woof_baseline_ipc50/dataset_1/n02093754/20.png
 create mode 100644 results/woof_baseline_ipc50/dataset_1/n02093754/21.png
 create mode 100644 results/woof_baseline_ipc50/dataset_1/n02093754/22.png
 create mode 100644 results/woof_baseline_ipc50/dataset_1/n02093754/23.png
 create mode 100644 results/woof_baseline_ipc50/dataset_1/n02093754/24.png
 create mode 100644 results/woof_baseline_ipc50/dataset_1/n02093754/25.png
 create mode 100644 results/woof_baseline_ipc50/dataset_1/n02093754/26.png
 create mode 100644 results/woof_baseline_ipc50/dataset_1/n02093754/27.png
 create mode 100644 results/woof_baseline_ipc50/dataset_1/n02093754/28.png
 create mode 100644 results/woof_baseline_ipc50/dataset_1/n02093754/29.png
 create mode 100644 results/woof_baseline_ipc50/dataset_1/n02093754/3.png
 create mode 100644 results/woof_baseline_ipc50/dataset_1/n02093754/30.png
 create mode 100644 results/woof_baseline_ipc50/dataset_1/n02093754/31.png
 create mode 100644 results/woof_baseline_ipc50/dataset_1/n02093754/32.png
 create mode 100644 results/woof_baseline_ipc50/dataset_1/n02093754/33.png
 create mode 100644 results/woof_baseline_ipc50/dataset_1/n02093754/34.png
 create mode 100644 results/woof_baseline_ipc50/dataset_1/n02093754/35.png
 create mode 100644 results/woof_baseline_ipc50/dataset_1/n02093754/36.png
 create mode 100644 results/woof_baseline_ipc50/dataset_1/n02093754/37.png
 create mode 100644 results/woof_baseline_ipc50/dataset_1/n02093754/38.png
 create mode 100644 results/woof_baseline_ipc50/dataset_1/n02093754/39.png
 create mode 100644 results/woof_baseline_ipc50/dataset_1/n02093754/4.png
 create mode 100644 results/woof_baseline_ipc50/dataset_1/n02093754/40.png
 create mode 100644 results/woof_baseline_ipc50/dataset_1/n02093754/41.png
 create mode 100644 results/woof_baseline_ipc50/dataset_1/n02093754/42.png
 create mode 100644 results/woof_baseline_ipc50/dataset_1/n02093754/43.png
 create mode 100644 results/woof_baseline_ipc50/dataset_1/n02093754/44.png
 create mode 100644 results/woof_baseline_ipc50/dataset_1/n02093754/45.png
 create mode 100644 results/woof_baseline_ipc50/dataset_1/n02093754/46.png
 create mode 100644 results/woof_baseline_ipc50/dataset_1/n02093754/47.png
 create mode 100644 results/woof_baseline_ipc50/dataset_1/n02093754/48.png
 create mode 100644 results/woof_baseline_ipc50/dataset_1/n02093754/49.png
 create mode 100644 results/woof_baseline_ipc50/dataset_1/n02093754/5.png
 create mode 100644 results/woof_baseline_ipc50/dataset_1/n02093754/6.png
 create mode 100644 results/woof_baseline_ipc50/dataset_1/n02093754/7.png
 create mode 100644 results/woof_baseline_ipc50/dataset_1/n02093754/8.png
 create mode 100644 results/woof_baseline_ipc50/dataset_1/n02093754/9.png
 create mode 100644 results/woof_baseline_ipc50/dataset_1/n02096294/0.png
 create mode 100644 results/woof_baseline_ipc50/dataset_1/n02096294/1.png
 create mode 100644 results/woof_baseline_ipc50/dataset_1/n02096294/10.png
 create mode 100644 results/woof_baseline_ipc50/dataset_1/n02096294/11.png
 create mode 100644 results/woof_baseline_ipc50/dataset_1/n02096294/12.png
 create mode 100644 results/woof_baseline_ipc50/dataset_1/n02096294/13.png
 create mode 100644 results/woof_baseline_ipc50/dataset_1/n02096294/14.png
 create mode 100644 results/woof_baseline_ipc50/dataset_1/n02096294/15.png
 create mode 100644 results/woof_baseline_ipc50/dataset_1/n02096294/16.png
 create mode 100644 results/woof_baseline_ipc50/dataset_1/n02096294/17.png
 create mode 100644 results/woof_baseline_ipc50/dataset_1/n02096294/18.png
 create mode 100644 results/woof_baseline_ipc50/dataset_1/n02096294/19.png
 create mode 100644 results/woof_baseline_ipc50/dataset_1/n02096294/2.png
 create mode 100644 results/woof_baseline_ipc50/dataset_1/n02096294/20.png
 create mode 100644 results/woof_baseline_ipc50/dataset_1/n02096294/21.png
 create mode 100644 results/woof_baseline_ipc50/dataset_1/n02096294/22.png
 create mode 100644 results/woof_baseline_ipc50/dataset_1/n02096294/23.png
 create mode 100644 results/woof_baseline_ipc50/dataset_1/n02096294/24.png
 create mode 100644 results/woof_baseline_ipc50/dataset_1/n02096294/25.png
 create mode 100644 results/woof_baseline_ipc50/dataset_1/n02096294/26.png
 create mode 100644 results/woof_baseline_ipc50/dataset_1/n02096294/27.png
 create mode 100644 results/woof_baseline_ipc50/dataset_1/n02096294/28.png
 create mode 100644 results/woof_baseline_ipc50/dataset_1/n02096294/29.png
 create mode 100644 results/woof_baseline_ipc50/dataset_1/n02096294/3.png
 create mode 100644 results/woof_baseline_ipc50/dataset_1/n02096294/30.png
 create mode 100644 results/woof_baseline_ipc50/dataset_1/n02096294/31.png
 create mode 100644 results/woof_baseline_ipc50/dataset_1/n02096294/32.png
 create mode 100644 results/woof_baseline_ipc50/dataset_1/n02096294/33.png
 create mode 100644 results/woof_baseline_ipc50/dataset_1/n02096294/34.png
 create mode 100644 results/woof_baseline_ipc50/dataset_1/n02096294/35.png
 create mode 100644 results/woof_baseline_ipc50/dataset_1/n02096294/36.png
 create mode 100644 results/woof_baseline_ipc50/dataset_1/n02096294/37.png
 create mode 100644 results/woof_baseline_ipc50/dataset_1/n02096294/38.png
 create mode 100644 results/woof_baseline_ipc50/dataset_1/n02096294/39.png
 create mode 100644 results/woof_baseline_ipc50/dataset_1/n02096294/4.png
 create mode 100644 results/woof_baseline_ipc50/dataset_1/n02096294/40.png
 create mode 100644 results/woof_baseline_ipc50/dataset_1/n02096294/41.png
 create mode 100644 results/woof_baseline_ipc50/dataset_1/n02096294/42.png
 create mode 100644 results/woof_baseline_ipc50/dataset_1/n02096294/43.png
 create mode 100644 results/woof_baseline_ipc50/dataset_1/n02096294/44.png
 create mode 100644 results/woof_baseline_ipc50/dataset_1/n02096294/45.png
 create mode 100644 results/woof_baseline_ipc50/dataset_1/n02096294/46.png
 create mode 100644 results/woof_baseline_ipc50/dataset_1/n02096294/47.png
 create mode 100644 results/woof_baseline_ipc50/dataset_1/n02096294/48.png
 create mode 100644 results/woof_baseline_ipc50/dataset_1/n02096294/49.png
 create mode 100644 results/woof_baseline_ipc50/dataset_1/n02096294/5.png
 create mode 100644 results/woof_baseline_ipc50/dataset_1/n02096294/6.png
 create mode 100644 results/woof_baseline_ipc50/dataset_1/n02096294/7.png
 create mode 100644 results/woof_baseline_ipc50/dataset_1/n02096294/8.png
 create mode 100644 results/woof_baseline_ipc50/dataset_1/n02096294/9.png
 create mode 100644 results/woof_baseline_ipc50/dataset_1/n02099601/0.png
 create mode 100644 results/woof_baseline_ipc50/dataset_1/n02099601/1.png
 create mode 100644 results/woof_baseline_ipc50/dataset_1/n02099601/10.png
 create mode 100644 results/woof_baseline_ipc50/dataset_1/n02099601/11.png
 create mode 100644 results/woof_baseline_ipc50/dataset_1/n02099601/12.png
 create mode 100644 results/woof_baseline_ipc50/dataset_1/n02099601/13.png
 create mode 100644 results/woof_baseline_ipc50/dataset_1/n02099601/14.png
 create mode 100644 results/woof_baseline_ipc50/dataset_1/n02099601/15.png
 create mode 100644 results/woof_baseline_ipc50/dataset_1/n02099601/16.png
 create mode 100644 results/woof_baseline_ipc50/dataset_1/n02099601/17.png
 create mode 100644 results/woof_baseline_ipc50/dataset_1/n02099601/18.png
 create mode 100644 results/woof_baseline_ipc50/dataset_1/n02099601/19.png
 create mode 100644 results/woof_baseline_ipc50/dataset_1/n02099601/2.png
 create mode 100644 results/woof_baseline_ipc50/dataset_1/n02099601/20.png
 create mode 100644 results/woof_baseline_ipc50/dataset_1/n02099601/21.png
 create mode 100644 results/woof_baseline_ipc50/dataset_1/n02099601/22.png
 create mode 100644 results/woof_baseline_ipc50/dataset_1/n02099601/23.png
 create mode 100644 results/woof_baseline_ipc50/dataset_1/n02099601/24.png
 create mode 100644 results/woof_baseline_ipc50/dataset_1/n02099601/25.png
 create mode 100644 results/woof_baseline_ipc50/dataset_1/n02099601/26.png
 create mode 100644 results/woof_baseline_ipc50/dataset_1/n02099601/27.png
 create mode 100644 results/woof_baseline_ipc50/dataset_1/n02099601/28.png
 create mode 100644 results/woof_baseline_ipc50/dataset_1/n02099601/29.png
 create mode 100644 results/woof_baseline_ipc50/dataset_1/n02099601/3.png
 create mode 100644 results/woof_baseline_ipc50/dataset_1/n02099601/30.png
 create mode 100644 results/woof_baseline_ipc50/dataset_1/n02099601/31.png
 create mode 100644 results/woof_baseline_ipc50/dataset_1/n02099601/32.png
 create mode 100644 results/woof_baseline_ipc50/dataset_1/n02099601/33.png
 create mode 100644 results/woof_baseline_ipc50/dataset_1/n02099601/34.png
 create mode 100644 results/woof_baseline_ipc50/dataset_1/n02099601/35.png
 create mode 100644 results/woof_baseline_ipc50/dataset_1/n02099601/36.png
 create mode 100644 results/woof_baseline_ipc50/dataset_1/n02099601/37.png
 create mode 100644 results/woof_baseline_ipc50/dataset_1/n02099601/38.png
 create mode 100644 results/woof_baseline_ipc50/dataset_1/n02099601/39.png
 create mode 100644 results/woof_baseline_ipc50/dataset_1/n02099601/4.png
 create mode 100644 results/woof_baseline_ipc50/dataset_1/n02099601/40.png
 create mode 100644 results/woof_baseline_ipc50/dataset_1/n02099601/41.png
 create mode 100644 results/woof_baseline_ipc50/dataset_1/n02099601/42.png
 create mode 100644 results/woof_baseline_ipc50/dataset_1/n02099601/43.png
 create mode 100644 results/woof_baseline_ipc50/dataset_1/n02099601/44.png
 create mode 100644 results/woof_baseline_ipc50/dataset_1/n02099601/45.png
 create mode 100644 results/woof_baseline_ipc50/dataset_1/n02099601/46.png
 create mode 100644 results/woof_baseline_ipc50/dataset_1/n02099601/47.png
 create mode 100644 results/woof_baseline_ipc50/dataset_1/n02099601/48.png
 create mode 100644 results/woof_baseline_ipc50/dataset_1/n02099601/49.png
 create mode 100644 results/woof_baseline_ipc50/dataset_1/n02099601/5.png
 create mode 100644 results/woof_baseline_ipc50/dataset_1/n02099601/6.png
 create mode 100644 results/woof_baseline_ipc50/dataset_1/n02099601/7.png
 create mode 100644 results/woof_baseline_ipc50/dataset_1/n02099601/8.png
 create mode 100644 results/woof_baseline_ipc50/dataset_1/n02099601/9.png
 create mode 100644 results/woof_baseline_ipc50/dataset_1/n02105641/0.png
 create mode 100644 results/woof_baseline_ipc50/dataset_1/n02105641/1.png
 create mode 100644 results/woof_baseline_ipc50/dataset_1/n02105641/10.png
 create mode 100644 results/woof_baseline_ipc50/dataset_1/n02105641/11.png
 create mode 100644 results/woof_baseline_ipc50/dataset_1/n02105641/12.png
 create mode 100644 results/woof_baseline_ipc50/dataset_1/n02105641/13.png
 create mode 100644 results/woof_baseline_ipc50/dataset_1/n02105641/14.png
 create mode 100644 results/woof_baseline_ipc50/dataset_1/n02105641/15.png
 create mode 100644 results/woof_baseline_ipc50/dataset_1/n02105641/16.png
 create mode 100644 results/woof_baseline_ipc50/dataset_1/n02105641/17.png
 create mode 100644 results/woof_baseline_ipc50/dataset_1/n02105641/18.png
 create mode 100644 results/woof_baseline_ipc50/dataset_1/n02105641/19.png
 create mode 100644 results/woof_baseline_ipc50/dataset_1/n02105641/2.png
 create mode 100644 results/woof_baseline_ipc50/dataset_1/n02105641/20.png
 create mode 100644 results/woof_baseline_ipc50/dataset_1/n02105641/21.png
 create mode 100644 results/woof_baseline_ipc50/dataset_1/n02105641/22.png
 create mode 100644 results/woof_baseline_ipc50/dataset_1/n02105641/23.png
 create mode 100644 results/woof_baseline_ipc50/dataset_1/n02105641/24.png
 create mode 100644 results/woof_baseline_ipc50/dataset_1/n02105641/25.png
 create mode 100644 results/woof_baseline_ipc50/dataset_1/n02105641/26.png
 create mode 100644 results/woof_baseline_ipc50/dataset_1/n02105641/27.png
 create mode 100644 results/woof_baseline_ipc50/dataset_1/n02105641/28.png
 create mode 100644 results/woof_baseline_ipc50/dataset_1/n02105641/29.png
 create mode 100644 results/woof_baseline_ipc50/dataset_1/n02105641/3.png
 create mode 100644 results/woof_baseline_ipc50/dataset_1/n02105641/30.png
 create mode 100644 results/woof_baseline_ipc50/dataset_1/n02105641/31.png
 create mode 100644 results/woof_baseline_ipc50/dataset_1/n02105641/32.png
 create mode 100644 results/woof_baseline_ipc50/dataset_1/n02105641/33.png
 create mode 100644 results/woof_baseline_ipc50/dataset_1/n02105641/34.png
 create mode 100644 results/woof_baseline_ipc50/dataset_1/n02105641/35.png
 create mode 100644 results/woof_baseline_ipc50/dataset_1/n02105641/36.png
 create mode 100644 results/woof_baseline_ipc50/dataset_1/n02105641/37.png
 create mode 100644 results/woof_baseline_ipc50/dataset_1/n02105641/38.png
 create mode 100644 results/woof_baseline_ipc50/dataset_1/n02105641/39.png
 create mode 100644 results/woof_baseline_ipc50/dataset_1/n02105641/4.png
 create mode 100644 results/woof_baseline_ipc50/dataset_1/n02105641/40.png
 create mode 100644 results/woof_baseline_ipc50/dataset_1/n02105641/41.png
 create mode 100644 results/woof_baseline_ipc50/dataset_1/n02105641/42.png
 create mode 100644 results/woof_baseline_ipc50/dataset_1/n02105641/43.png
 create mode 100644 results/woof_baseline_ipc50/dataset_1/n02105641/44.png
 create mode 100644 results/woof_baseline_ipc50/dataset_1/n02105641/45.png
 create mode 100644 results/woof_baseline_ipc50/dataset_1/n02105641/46.png
 create mode 100644 results/woof_baseline_ipc50/dataset_1/n02105641/47.png
 create mode 100644 results/woof_baseline_ipc50/dataset_1/n02105641/48.png
 create mode 100644 results/woof_baseline_ipc50/dataset_1/n02105641/49.png
 create mode 100644 results/woof_baseline_ipc50/dataset_1/n02105641/5.png
 create mode 100644 results/woof_baseline_ipc50/dataset_1/n02105641/6.png
 create mode 100644 results/woof_baseline_ipc50/dataset_1/n02105641/7.png
 create mode 100644 results/woof_baseline_ipc50/dataset_1/n02105641/8.png
 create mode 100644 results/woof_baseline_ipc50/dataset_1/n02105641/9.png
 create mode 100644 results/woof_baseline_ipc50/dataset_1/n02111889/0.png
 create mode 100644 results/woof_baseline_ipc50/dataset_1/n02111889/1.png
 create mode 100644 results/woof_baseline_ipc50/dataset_1/n02111889/10.png
 create mode 100644 results/woof_baseline_ipc50/dataset_1/n02111889/11.png
 create mode 100644 results/woof_baseline_ipc50/dataset_1/n02111889/12.png
 create mode 100644 results/woof_baseline_ipc50/dataset_1/n02111889/13.png
 create mode 100644 results/woof_baseline_ipc50/dataset_1/n02111889/14.png
 create mode 100644 results/woof_baseline_ipc50/dataset_1/n02111889/15.png
 create mode 100644 results/woof_baseline_ipc50/dataset_1/n02111889/16.png
 create mode 100644 results/woof_baseline_ipc50/dataset_1/n02111889/17.png
 create mode 100644 results/woof_baseline_ipc50/dataset_1/n02111889/18.png
 create mode 100644 results/woof_baseline_ipc50/dataset_1/n02111889/19.png
 create mode 100644 results/woof_baseline_ipc50/dataset_1/n02111889/2.png
 create mode 100644 results/woof_baseline_ipc50/dataset_1/n02111889/20.png
 create mode 100644 results/woof_baseline_ipc50/dataset_1/n02111889/21.png
 create mode 100644 results/woof_baseline_ipc50/dataset_1/n02111889/22.png
 create mode 100644 results/woof_baseline_ipc50/dataset_1/n02111889/23.png
 create mode 100644 results/woof_baseline_ipc50/dataset_1/n02111889/24.png
 create mode 100644 results/woof_baseline_ipc50/dataset_1/n02111889/25.png
 create mode 100644 results/woof_baseline_ipc50/dataset_1/n02111889/26.png
 create mode 100644 results/woof_baseline_ipc50/dataset_1/n02111889/27.png
 create mode 100644 results/woof_baseline_ipc50/dataset_1/n02111889/28.png
 create mode 100644 results/woof_baseline_ipc50/dataset_1/n02111889/29.png
 create mode 100644 results/woof_baseline_ipc50/dataset_1/n02111889/3.png
 create mode 100644 results/woof_baseline_ipc50/dataset_1/n02111889/30.png
 create mode 100644 results/woof_baseline_ipc50/dataset_1/n02111889/31.png
 create mode 100644 results/woof_baseline_ipc50/dataset_1/n02111889/32.png
 create mode 100644 results/woof_baseline_ipc50/dataset_1/n02111889/33.png
 create mode 100644 results/woof_baseline_ipc50/dataset_1/n02111889/34.png
 create mode 100644 results/woof_baseline_ipc50/dataset_1/n02111889/35.png
 create mode 100644 results/woof_baseline_ipc50/dataset_1/n02111889/36.png
 create mode 100644 results/woof_baseline_ipc50/dataset_1/n02111889/37.png
 create mode 100644 results/woof_baseline_ipc50/dataset_1/n02111889/38.png
 create mode 100644 results/woof_baseline_ipc50/dataset_1/n02111889/39.png
 create mode 100644 results/woof_baseline_ipc50/dataset_1/n02111889/4.png
 create mode 100644 results/woof_baseline_ipc50/dataset_1/n02111889/40.png
 create mode 100644 results/woof_baseline_ipc50/dataset_1/n02111889/41.png
 create mode 100644 results/woof_baseline_ipc50/dataset_1/n02111889/42.png
 create mode 100644 results/woof_baseline_ipc50/dataset_1/n02111889/43.png
 create mode 100644 results/woof_baseline_ipc50/dataset_1/n02111889/44.png
 create mode 100644 results/woof_baseline_ipc50/dataset_1/n02111889/45.png
 create mode 100644 results/woof_baseline_ipc50/dataset_1/n02111889/46.png
 create mode 100644 results/woof_baseline_ipc50/dataset_1/n02111889/47.png
 create mode 100644 results/woof_baseline_ipc50/dataset_1/n02111889/48.png
 create mode 100644 results/woof_baseline_ipc50/dataset_1/n02111889/49.png
 create mode 100644 results/woof_baseline_ipc50/dataset_1/n02111889/5.png
 create mode 100644 results/woof_baseline_ipc50/dataset_1/n02111889/6.png
 create mode 100644 results/woof_baseline_ipc50/dataset_1/n02111889/7.png
 create mode 100644 results/woof_baseline_ipc50/dataset_1/n02111889/8.png
 create mode 100644 results/woof_baseline_ipc50/dataset_1/n02111889/9.png
 create mode 100644 results/woof_baseline_ipc50/dataset_1/n02115641/0.png
 create mode 100644 results/woof_baseline_ipc50/dataset_1/n02115641/1.png
 create mode 100644 results/woof_baseline_ipc50/dataset_1/n02115641/10.png
 create mode 100644 results/woof_baseline_ipc50/dataset_1/n02115641/11.png
 create mode 100644 results/woof_baseline_ipc50/dataset_1/n02115641/12.png
 create mode 100644 results/woof_baseline_ipc50/dataset_1/n02115641/13.png
 create mode 100644 results/woof_baseline_ipc50/dataset_1/n02115641/14.png
 create mode 100644 results/woof_baseline_ipc50/dataset_1/n02115641/15.png
 create mode 100644 results/woof_baseline_ipc50/dataset_1/n02115641/16.png
 create mode 100644 results/woof_baseline_ipc50/dataset_1/n02115641/17.png
 create mode 100644 results/woof_baseline_ipc50/dataset_1/n02115641/18.png
 create mode 100644 results/woof_baseline_ipc50/dataset_1/n02115641/19.png
 create mode 100644 results/woof_baseline_ipc50/dataset_1/n02115641/2.png
 create mode 100644 results/woof_baseline_ipc50/dataset_1/n02115641/20.png
 create mode 100644 results/woof_baseline_ipc50/dataset_1/n02115641/21.png
 create mode 100644 results/woof_baseline_ipc50/dataset_1/n02115641/22.png
 create mode 100644 results/woof_baseline_ipc50/dataset_1/n02115641/23.png
 create mode 100644 results/woof_baseline_ipc50/dataset_1/n02115641/24.png
 create mode 100644 results/woof_baseline_ipc50/dataset_1/n02115641/25.png
 create mode 100644 results/woof_baseline_ipc50/dataset_1/n02115641/26.png
 create mode 100644 results/woof_baseline_ipc50/dataset_1/n02115641/27.png
 create mode 100644 results/woof_baseline_ipc50/dataset_1/n02115641/28.png
 create mode 100644 results/woof_baseline_ipc50/dataset_1/n02115641/29.png
 create mode 100644 results/woof_baseline_ipc50/dataset_1/n02115641/3.png
 create mode 100644 results/woof_baseline_ipc50/dataset_1/n02115641/30.png
 create mode 100644 results/woof_baseline_ipc50/dataset_1/n02115641/31.png
 create mode 100644 results/woof_baseline_ipc50/dataset_1/n02115641/32.png
 create mode 100644 results/woof_baseline_ipc50/dataset_1/n02115641/33.png
 create mode 100644 results/woof_baseline_ipc50/dataset_1/n02115641/34.png
 create mode 100644 results/woof_baseline_ipc50/dataset_1/n02115641/35.png
 create mode 100644 results/woof_baseline_ipc50/dataset_1/n02115641/36.png
 create mode 100644 results/woof_baseline_ipc50/dataset_1/n02115641/37.png
 create mode 100644 results/woof_baseline_ipc50/dataset_1/n02115641/38.png
 create mode 100644 results/woof_baseline_ipc50/dataset_1/n02115641/39.png
 create mode 100644 results/woof_baseline_ipc50/dataset_1/n02115641/4.png
 create mode 100644 results/woof_baseline_ipc50/dataset_1/n02115641/40.png
 create mode 100644 results/woof_baseline_ipc50/dataset_1/n02115641/41.png
 create mode 100644 results/woof_baseline_ipc50/dataset_1/n02115641/42.png
 create mode 100644 results/woof_baseline_ipc50/dataset_1/n02115641/43.png
 create mode 100644 results/woof_baseline_ipc50/dataset_1/n02115641/44.png
 create mode 100644 results/woof_baseline_ipc50/dataset_1/n02115641/45.png
 create mode 100644 results/woof_baseline_ipc50/dataset_1/n02115641/46.png
 create mode 100644 results/woof_baseline_ipc50/dataset_1/n02115641/47.png
 create mode 100644 results/woof_baseline_ipc50/dataset_1/n02115641/48.png
 create mode 100644 results/woof_baseline_ipc50/dataset_1/n02115641/49.png
 create mode 100644 results/woof_baseline_ipc50/dataset_1/n02115641/5.png
 create mode 100644 results/woof_baseline_ipc50/dataset_1/n02115641/6.png
 create mode 100644 results/woof_baseline_ipc50/dataset_1/n02115641/7.png
 create mode 100644 results/woof_baseline_ipc50/dataset_1/n02115641/8.png
 create mode 100644 results/woof_baseline_ipc50/dataset_1/n02115641/9.png
 create mode 100644 results/woof_baseline_ipc50/dataset_2/n02086240/0.png
 create mode 100644 results/woof_baseline_ipc50/dataset_2/n02086240/1.png
 create mode 100644 results/woof_baseline_ipc50/dataset_2/n02086240/10.png
 create mode 100644 results/woof_baseline_ipc50/dataset_2/n02086240/11.png
 create mode 100644 results/woof_baseline_ipc50/dataset_2/n02086240/12.png
 create mode 100644 results/woof_baseline_ipc50/dataset_2/n02086240/13.png
 create mode 100644 results/woof_baseline_ipc50/dataset_2/n02086240/14.png
 create mode 100644 results/woof_baseline_ipc50/dataset_2/n02086240/15.png
 create mode 100644 results/woof_baseline_ipc50/dataset_2/n02086240/16.png
 create mode 100644 results/woof_baseline_ipc50/dataset_2/n02086240/17.png
 create mode 100644 results/woof_baseline_ipc50/dataset_2/n02086240/18.png
 create mode 100644 results/woof_baseline_ipc50/dataset_2/n02086240/19.png
 create mode 100644 results/woof_baseline_ipc50/dataset_2/n02086240/2.png
 create mode 100644 results/woof_baseline_ipc50/dataset_2/n02086240/20.png
 create mode 100644 results/woof_baseline_ipc50/dataset_2/n02086240/21.png
 create mode 100644 results/woof_baseline_ipc50/dataset_2/n02086240/22.png
 create mode 100644 results/woof_baseline_ipc50/dataset_2/n02086240/23.png
 create mode 100644 results/woof_baseline_ipc50/dataset_2/n02086240/24.png
 create mode 100644 results/woof_baseline_ipc50/dataset_2/n02086240/25.png
 create mode 100644 results/woof_baseline_ipc50/dataset_2/n02086240/26.png
 create mode 100644 results/woof_baseline_ipc50/dataset_2/n02086240/27.png
 create mode 100644 results/woof_baseline_ipc50/dataset_2/n02086240/28.png
 create mode 100644 results/woof_baseline_ipc50/dataset_2/n02086240/29.png
 create mode 100644 results/woof_baseline_ipc50/dataset_2/n02086240/3.png
 create mode 100644 results/woof_baseline_ipc50/dataset_2/n02086240/30.png
 create mode 100644 results/woof_baseline_ipc50/dataset_2/n02086240/31.png
 create mode 100644 results/woof_baseline_ipc50/dataset_2/n02086240/32.png
 create mode 100644 results/woof_baseline_ipc50/dataset_2/n02086240/33.png
 create mode 100644 results/woof_baseline_ipc50/dataset_2/n02086240/34.png
 create mode 100644 results/woof_baseline_ipc50/dataset_2/n02086240/35.png
 create mode 100644 results/woof_baseline_ipc50/dataset_2/n02086240/36.png
 create mode 100644 results/woof_baseline_ipc50/dataset_2/n02086240/37.png
 create mode 100644 results/woof_baseline_ipc50/dataset_2/n02086240/38.png
 create mode 100644 results/woof_baseline_ipc50/dataset_2/n02086240/39.png
 create mode 100644 results/woof_baseline_ipc50/dataset_2/n02086240/4.png
 create mode 100644 results/woof_baseline_ipc50/dataset_2/n02086240/40.png
 create mode 100644 results/woof_baseline_ipc50/dataset_2/n02086240/41.png
 create mode 100644 results/woof_baseline_ipc50/dataset_2/n02086240/42.png
 create mode 100644 results/woof_baseline_ipc50/dataset_2/n02086240/43.png
 create mode 100644 results/woof_baseline_ipc50/dataset_2/n02086240/44.png
 create mode 100644 results/woof_baseline_ipc50/dataset_2/n02086240/45.png
 create mode 100644 results/woof_baseline_ipc50/dataset_2/n02086240/46.png
 create mode 100644 results/woof_baseline_ipc50/dataset_2/n02086240/47.png
 create mode 100644 results/woof_baseline_ipc50/dataset_2/n02086240/48.png
 create mode 100644 results/woof_baseline_ipc50/dataset_2/n02086240/49.png
 create mode 100644 results/woof_baseline_ipc50/dataset_2/n02086240/5.png
 create mode 100644 results/woof_baseline_ipc50/dataset_2/n02086240/6.png
 create mode 100644 results/woof_baseline_ipc50/dataset_2/n02086240/7.png
 create mode 100644 results/woof_baseline_ipc50/dataset_2/n02086240/8.png
 create mode 100644 results/woof_baseline_ipc50/dataset_2/n02086240/9.png
 create mode 100644 results/woof_baseline_ipc50/dataset_2/n02087394/0.png
 create mode 100644 results/woof_baseline_ipc50/dataset_2/n02087394/1.png
 create mode 100644 results/woof_baseline_ipc50/dataset_2/n02087394/10.png
 create mode 100644 results/woof_baseline_ipc50/dataset_2/n02087394/11.png
 create mode 100644 results/woof_baseline_ipc50/dataset_2/n02087394/12.png
 create mode 100644 results/woof_baseline_ipc50/dataset_2/n02087394/13.png
 create mode 100644 results/woof_baseline_ipc50/dataset_2/n02087394/14.png
 create mode 100644 results/woof_baseline_ipc50/dataset_2/n02087394/15.png
 create mode 100644 results/woof_baseline_ipc50/dataset_2/n02087394/16.png
 create mode 100644 results/woof_baseline_ipc50/dataset_2/n02087394/17.png
 create mode 100644 results/woof_baseline_ipc50/dataset_2/n02087394/18.png
 create mode 100644 results/woof_baseline_ipc50/dataset_2/n02087394/19.png
 create mode 100644 results/woof_baseline_ipc50/dataset_2/n02087394/2.png
 create mode 100644 results/woof_baseline_ipc50/dataset_2/n02087394/20.png
 create mode 100644 results/woof_baseline_ipc50/dataset_2/n02087394/21.png
 create mode 100644 results/woof_baseline_ipc50/dataset_2/n02087394/22.png
 create mode 100644 results/woof_baseline_ipc50/dataset_2/n02087394/23.png
 create mode 100644 results/woof_baseline_ipc50/dataset_2/n02087394/24.png
 create mode 100644 results/woof_baseline_ipc50/dataset_2/n02087394/25.png
 create mode 100644 results/woof_baseline_ipc50/dataset_2/n02087394/26.png
 create mode 100644 results/woof_baseline_ipc50/dataset_2/n02087394/27.png
 create mode 100644 results/woof_baseline_ipc50/dataset_2/n02087394/28.png
 create mode 100644 results/woof_baseline_ipc50/dataset_2/n02087394/29.png
 create mode 100644 results/woof_baseline_ipc50/dataset_2/n02087394/3.png
 create mode 100644 results/woof_baseline_ipc50/dataset_2/n02087394/30.png
 create mode 100644 results/woof_baseline_ipc50/dataset_2/n02087394/31.png
 create mode 100644 results/woof_baseline_ipc50/dataset_2/n02087394/32.png
 create mode 100644 results/woof_baseline_ipc50/dataset_2/n02087394/33.png
 create mode 100644 results/woof_baseline_ipc50/dataset_2/n02087394/34.png
 create mode 100644 results/woof_baseline_ipc50/dataset_2/n02087394/35.png
 create mode 100644 results/woof_baseline_ipc50/dataset_2/n02087394/36.png
 create mode 100644 results/woof_baseline_ipc50/dataset_2/n02087394/37.png
 create mode 100644 results/woof_baseline_ipc50/dataset_2/n02087394/38.png
 create mode 100644 results/woof_baseline_ipc50/dataset_2/n02087394/39.png
 create mode 100644 results/woof_baseline_ipc50/dataset_2/n02087394/4.png
 create mode 100644 results/woof_baseline_ipc50/dataset_2/n02087394/40.png
 create mode 100644 results/woof_baseline_ipc50/dataset_2/n02087394/41.png
 create mode 100644 results/woof_baseline_ipc50/dataset_2/n02087394/42.png
 create mode 100644 results/woof_baseline_ipc50/dataset_2/n02087394/43.png
 create mode 100644 results/woof_baseline_ipc50/dataset_2/n02087394/44.png
 create mode 100644 results/woof_baseline_ipc50/dataset_2/n02087394/45.png
 create mode 100644 results/woof_baseline_ipc50/dataset_2/n02087394/46.png
 create mode 100644 results/woof_baseline_ipc50/dataset_2/n02087394/47.png
 create mode 100644 results/woof_baseline_ipc50/dataset_2/n02087394/48.png
 create mode 100644 results/woof_baseline_ipc50/dataset_2/n02087394/49.png
 create mode 100644 results/woof_baseline_ipc50/dataset_2/n02087394/5.png
 create mode 100644 results/woof_baseline_ipc50/dataset_2/n02087394/6.png
 create mode 100644 results/woof_baseline_ipc50/dataset_2/n02087394/7.png
 create mode 100644 results/woof_baseline_ipc50/dataset_2/n02087394/8.png
 create mode 100644 results/woof_baseline_ipc50/dataset_2/n02087394/9.png
 create mode 100644 results/woof_baseline_ipc50/dataset_2/n02088364/0.png
 create mode 100644 results/woof_baseline_ipc50/dataset_2/n02088364/1.png
 create mode 100644 results/woof_baseline_ipc50/dataset_2/n02088364/10.png
 create mode 100644 results/woof_baseline_ipc50/dataset_2/n02088364/11.png
 create mode 100644 results/woof_baseline_ipc50/dataset_2/n02088364/12.png
 create mode 100644 results/woof_baseline_ipc50/dataset_2/n02088364/13.png
 create mode 100644 results/woof_baseline_ipc50/dataset_2/n02088364/14.png
 create mode 100644 results/woof_baseline_ipc50/dataset_2/n02088364/15.png
 create mode 100644 results/woof_baseline_ipc50/dataset_2/n02088364/16.png
 create mode 100644 results/woof_baseline_ipc50/dataset_2/n02088364/17.png
 create mode 100644 results/woof_baseline_ipc50/dataset_2/n02088364/18.png
 create mode 100644 results/woof_baseline_ipc50/dataset_2/n02088364/19.png
 create mode 100644 results/woof_baseline_ipc50/dataset_2/n02088364/2.png
 create mode 100644 results/woof_baseline_ipc50/dataset_2/n02088364/20.png
 create mode 100644 results/woof_baseline_ipc50/dataset_2/n02088364/21.png
 create mode 100644 results/woof_baseline_ipc50/dataset_2/n02088364/22.png
 create mode 100644 results/woof_baseline_ipc50/dataset_2/n02088364/23.png
 create mode 100644 results/woof_baseline_ipc50/dataset_2/n02088364/24.png
 create mode 100644 results/woof_baseline_ipc50/dataset_2/n02088364/25.png
 create mode 100644 results/woof_baseline_ipc50/dataset_2/n02088364/26.png
 create mode 100644 results/woof_baseline_ipc50/dataset_2/n02088364/27.png
 create mode 100644 results/woof_baseline_ipc50/dataset_2/n02088364/28.png
 create mode 100644 results/woof_baseline_ipc50/dataset_2/n02088364/29.png
 create mode 100644 results/woof_baseline_ipc50/dataset_2/n02088364/3.png
 create mode 100644 results/woof_baseline_ipc50/dataset_2/n02088364/30.png
 create mode 100644 results/woof_baseline_ipc50/dataset_2/n02088364/31.png
 create mode 100644 results/woof_baseline_ipc50/dataset_2/n02088364/32.png
 create mode 100644 results/woof_baseline_ipc50/dataset_2/n02088364/33.png
 create mode 100644 results/woof_baseline_ipc50/dataset_2/n02088364/34.png
 create mode 100644 results/woof_baseline_ipc50/dataset_2/n02088364/35.png
 create mode 100644 results/woof_baseline_ipc50/dataset_2/n02088364/36.png
 create mode 100644 results/woof_baseline_ipc50/dataset_2/n02088364/37.png
 create mode 100644 results/woof_baseline_ipc50/dataset_2/n02088364/38.png
 create mode 100644 results/woof_baseline_ipc50/dataset_2/n02088364/39.png
 create mode 100644 results/woof_baseline_ipc50/dataset_2/n02088364/4.png
 create mode 100644 results/woof_baseline_ipc50/dataset_2/n02088364/40.png
 create mode 100644 results/woof_baseline_ipc50/dataset_2/n02088364/41.png
 create mode 100644 results/woof_baseline_ipc50/dataset_2/n02088364/42.png
 create mode 100644 results/woof_baseline_ipc50/dataset_2/n02088364/43.png
 create mode 100644 results/woof_baseline_ipc50/dataset_2/n02088364/44.png
 create mode 100644 results/woof_baseline_ipc50/dataset_2/n02088364/45.png
 create mode 100644 results/woof_baseline_ipc50/dataset_2/n02088364/46.png
 create mode 100644 results/woof_baseline_ipc50/dataset_2/n02088364/47.png
 create mode 100644 results/woof_baseline_ipc50/dataset_2/n02088364/48.png
 create mode 100644 results/woof_baseline_ipc50/dataset_2/n02088364/49.png
 create mode 100644 results/woof_baseline_ipc50/dataset_2/n02088364/5.png
 create mode 100644 results/woof_baseline_ipc50/dataset_2/n02088364/6.png
 create mode 100644 results/woof_baseline_ipc50/dataset_2/n02088364/7.png
 create mode 100644 results/woof_baseline_ipc50/dataset_2/n02088364/8.png
 create mode 100644 results/woof_baseline_ipc50/dataset_2/n02088364/9.png
 create mode 100644 results/woof_baseline_ipc50/dataset_2/n02089973/0.png
 create mode 100644 results/woof_baseline_ipc50/dataset_2/n02089973/1.png
 create mode 100644 results/woof_baseline_ipc50/dataset_2/n02089973/10.png
 create mode 100644 results/woof_baseline_ipc50/dataset_2/n02089973/11.png
 create mode 100644 results/woof_baseline_ipc50/dataset_2/n02089973/12.png
 create mode 100644 results/woof_baseline_ipc50/dataset_2/n02089973/13.png
 create mode 100644 results/woof_baseline_ipc50/dataset_2/n02089973/14.png
 create mode 100644 results/woof_baseline_ipc50/dataset_2/n02089973/15.png
 create mode 100644 results/woof_baseline_ipc50/dataset_2/n02089973/16.png
 create mode 100644 results/woof_baseline_ipc50/dataset_2/n02089973/17.png
 create mode 100644 results/woof_baseline_ipc50/dataset_2/n02089973/18.png
 create mode 100644 results/woof_baseline_ipc50/dataset_2/n02089973/19.png
 create mode 100644 results/woof_baseline_ipc50/dataset_2/n02089973/2.png
 create mode 100644 results/woof_baseline_ipc50/dataset_2/n02089973/20.png
 create mode 100644 results/woof_baseline_ipc50/dataset_2/n02089973/21.png
 create mode 100644 results/woof_baseline_ipc50/dataset_2/n02089973/22.png
 create mode 100644 results/woof_baseline_ipc50/dataset_2/n02089973/23.png
 create mode 100644 results/woof_baseline_ipc50/dataset_2/n02089973/24.png
 create mode 100644 results/woof_baseline_ipc50/dataset_2/n02089973/25.png
 create mode 100644 results/woof_baseline_ipc50/dataset_2/n02089973/26.png
 create mode 100644 results/woof_baseline_ipc50/dataset_2/n02089973/27.png
 create mode 100644 results/woof_baseline_ipc50/dataset_2/n02089973/28.png
 create mode 100644 results/woof_baseline_ipc50/dataset_2/n02089973/29.png
 create mode 100644 results/woof_baseline_ipc50/dataset_2/n02089973/3.png
 create mode 100644 results/woof_baseline_ipc50/dataset_2/n02089973/30.png
 create mode 100644 results/woof_baseline_ipc50/dataset_2/n02089973/31.png
 create mode 100644 results/woof_baseline_ipc50/dataset_2/n02089973/32.png
 create mode 100644 results/woof_baseline_ipc50/dataset_2/n02089973/33.png
 create mode 100644 results/woof_baseline_ipc50/dataset_2/n02089973/34.png
 create mode 100644 results/woof_baseline_ipc50/dataset_2/n02089973/35.png
 create mode 100644 results/woof_baseline_ipc50/dataset_2/n02089973/36.png
 create mode 100644 results/woof_baseline_ipc50/dataset_2/n02089973/37.png
 create mode 100644 results/woof_baseline_ipc50/dataset_2/n02089973/38.png
 create mode 100644 results/woof_baseline_ipc50/dataset_2/n02089973/39.png
 create mode 100644 results/woof_baseline_ipc50/dataset_2/n02089973/4.png
 create mode 100644 results/woof_baseline_ipc50/dataset_2/n02089973/40.png
 create mode 100644 results/woof_baseline_ipc50/dataset_2/n02089973/41.png
 create mode 100644 results/woof_baseline_ipc50/dataset_2/n02089973/42.png
 create mode 100644 results/woof_baseline_ipc50/dataset_2/n02089973/43.png
 create mode 100644 results/woof_baseline_ipc50/dataset_2/n02089973/44.png
 create mode 100644 results/woof_baseline_ipc50/dataset_2/n02089973/45.png
 create mode 100644 results/woof_baseline_ipc50/dataset_2/n02089973/46.png
 create mode 100644 results/woof_baseline_ipc50/dataset_2/n02089973/47.png
 create mode 100644 results/woof_baseline_ipc50/dataset_2/n02089973/48.png
 create mode 100644 results/woof_baseline_ipc50/dataset_2/n02089973/49.png
 create mode 100644 results/woof_baseline_ipc50/dataset_2/n02089973/5.png
 create mode 100644 results/woof_baseline_ipc50/dataset_2/n02089973/6.png
 create mode 100644 results/woof_baseline_ipc50/dataset_2/n02089973/7.png
 create mode 100644 results/woof_baseline_ipc50/dataset_2/n02089973/8.png
 create mode 100644 results/woof_baseline_ipc50/dataset_2/n02089973/9.png
 create mode 100644 results/woof_baseline_ipc50/dataset_2/n02093754/0.png
 create mode 100644 results/woof_baseline_ipc50/dataset_2/n02093754/1.png
 create mode 100644 results/woof_baseline_ipc50/dataset_2/n02093754/10.png
 create mode 100644 results/woof_baseline_ipc50/dataset_2/n02093754/11.png
 create mode 100644 results/woof_baseline_ipc50/dataset_2/n02093754/12.png
 create mode 100644 results/woof_baseline_ipc50/dataset_2/n02093754/13.png
 create mode 100644 results/woof_baseline_ipc50/dataset_2/n02093754/14.png
 create mode 100644 results/woof_baseline_ipc50/dataset_2/n02093754/15.png
 create mode 100644 results/woof_baseline_ipc50/dataset_2/n02093754/16.png
 create mode 100644 results/woof_baseline_ipc50/dataset_2/n02093754/17.png
 create mode 100644 results/woof_baseline_ipc50/dataset_2/n02093754/18.png
 create mode 100644 results/woof_baseline_ipc50/dataset_2/n02093754/19.png
 create mode 100644 results/woof_baseline_ipc50/dataset_2/n02093754/2.png
 create mode 100644 results/woof_baseline_ipc50/dataset_2/n02093754/20.png
 create mode 100644 results/woof_baseline_ipc50/dataset_2/n02093754/21.png
 create mode 100644 results/woof_baseline_ipc50/dataset_2/n02093754/22.png
 create mode 100644 results/woof_baseline_ipc50/dataset_2/n02093754/23.png
 create mode 100644 results/woof_baseline_ipc50/dataset_2/n02093754/24.png
 create mode 100644 results/woof_baseline_ipc50/dataset_2/n02093754/25.png
 create mode 100644 results/woof_baseline_ipc50/dataset_2/n02093754/26.png
 create mode 100644 results/woof_baseline_ipc50/dataset_2/n02093754/27.png
 create mode 100644 results/woof_baseline_ipc50/dataset_2/n02093754/28.png
 create mode 100644 results/woof_baseline_ipc50/dataset_2/n02093754/29.png
 create mode 100644 results/woof_baseline_ipc50/dataset_2/n02093754/3.png
 create mode 100644 results/woof_baseline_ipc50/dataset_2/n02093754/30.png
 create mode 100644 results/woof_baseline_ipc50/dataset_2/n02093754/31.png
 create mode 100644 results/woof_baseline_ipc50/dataset_2/n02093754/32.png
 create mode 100644 results/woof_baseline_ipc50/dataset_2/n02093754/33.png
 create mode 100644 results/woof_baseline_ipc50/dataset_2/n02093754/34.png
 create mode 100644 results/woof_baseline_ipc50/dataset_2/n02093754/35.png
 create mode 100644 results/woof_baseline_ipc50/dataset_2/n02093754/36.png
 create mode 100644 results/woof_baseline_ipc50/dataset_2/n02093754/37.png
 create mode 100644 results/woof_baseline_ipc50/dataset_2/n02093754/38.png
 create mode 100644 results/woof_baseline_ipc50/dataset_2/n02093754/39.png
 create mode 100644 results/woof_baseline_ipc50/dataset_2/n02093754/4.png
 create mode 100644 results/woof_baseline_ipc50/dataset_2/n02093754/40.png
 create mode 100644 results/woof_baseline_ipc50/dataset_2/n02093754/41.png
 create mode 100644 results/woof_baseline_ipc50/dataset_2/n02093754/42.png
 create mode 100644 results/woof_baseline_ipc50/dataset_2/n02093754/43.png
 create mode 100644 results/woof_baseline_ipc50/dataset_2/n02093754/44.png
 create mode 100644 results/woof_baseline_ipc50/dataset_2/n02093754/45.png
 create mode 100644 results/woof_baseline_ipc50/dataset_2/n02093754/46.png
 create mode 100644 results/woof_baseline_ipc50/dataset_2/n02093754/47.png
 create mode 100644 results/woof_baseline_ipc50/dataset_2/n02093754/48.png
 create mode 100644 results/woof_baseline_ipc50/dataset_2/n02093754/49.png
 create mode 100644 results/woof_baseline_ipc50/dataset_2/n02093754/5.png
 create mode 100644 results/woof_baseline_ipc50/dataset_2/n02093754/6.png
 create mode 100644 results/woof_baseline_ipc50/dataset_2/n02093754/7.png
 create mode 100644 results/woof_baseline_ipc50/dataset_2/n02093754/8.png
 create mode 100644 results/woof_baseline_ipc50/dataset_2/n02093754/9.png
 create mode 100644 results/woof_baseline_ipc50/dataset_2/n02096294/0.png
 create mode 100644 results/woof_baseline_ipc50/dataset_2/n02096294/1.png
 create mode 100644 results/woof_baseline_ipc50/dataset_2/n02096294/10.png
 create mode 100644 results/woof_baseline_ipc50/dataset_2/n02096294/11.png
 create mode 100644 results/woof_baseline_ipc50/dataset_2/n02096294/12.png
 create mode 100644 results/woof_baseline_ipc50/dataset_2/n02096294/13.png
 create mode 100644 results/woof_baseline_ipc50/dataset_2/n02096294/14.png
 create mode 100644 results/woof_baseline_ipc50/dataset_2/n02096294/15.png
 create mode 100644 results/woof_baseline_ipc50/dataset_2/n02096294/16.png
 create mode 100644 results/woof_baseline_ipc50/dataset_2/n02096294/17.png
 create mode 100644 results/woof_baseline_ipc50/dataset_2/n02096294/18.png
 create mode 100644 results/woof_baseline_ipc50/dataset_2/n02096294/19.png
 create mode 100644 results/woof_baseline_ipc50/dataset_2/n02096294/2.png
 create mode 100644 results/woof_baseline_ipc50/dataset_2/n02096294/20.png
 create mode 100644 results/woof_baseline_ipc50/dataset_2/n02096294/21.png
 create mode 100644 results/woof_baseline_ipc50/dataset_2/n02096294/22.png
 create mode 100644 results/woof_baseline_ipc50/dataset_2/n02096294/23.png
 create mode 100644 results/woof_baseline_ipc50/dataset_2/n02096294/24.png
 create mode 100644 results/woof_baseline_ipc50/dataset_2/n02096294/25.png
 create mode 100644 results/woof_baseline_ipc50/dataset_2/n02096294/26.png
 create mode 100644 results/woof_baseline_ipc50/dataset_2/n02096294/27.png
 create mode 100644 results/woof_baseline_ipc50/dataset_2/n02096294/28.png
 create mode 100644 results/woof_baseline_ipc50/dataset_2/n02096294/29.png
 create mode 100644 results/woof_baseline_ipc50/dataset_2/n02096294/3.png
 create mode 100644 results/woof_baseline_ipc50/dataset_2/n02096294/30.png
 create mode 100644 results/woof_baseline_ipc50/dataset_2/n02096294/31.png
 create mode 100644 results/woof_baseline_ipc50/dataset_2/n02096294/32.png
 create mode 100644 results/woof_baseline_ipc50/dataset_2/n02096294/33.png
 create mode 100644 results/woof_baseline_ipc50/dataset_2/n02096294/34.png
 create mode 100644 results/woof_baseline_ipc50/dataset_2/n02096294/35.png
 create mode 100644 results/woof_baseline_ipc50/dataset_2/n02096294/36.png
 create mode 100644 results/woof_baseline_ipc50/dataset_2/n02096294/37.png
 create mode 100644 results/woof_baseline_ipc50/dataset_2/n02096294/38.png
 create mode 100644 results/woof_baseline_ipc50/dataset_2/n02096294/39.png
 create mode 100644 results/woof_baseline_ipc50/dataset_2/n02096294/4.png
 create mode 100644 results/woof_baseline_ipc50/dataset_2/n02096294/40.png
 create mode 100644 results/woof_baseline_ipc50/dataset_2/n02096294/41.png
 create mode 100644 results/woof_baseline_ipc50/dataset_2/n02096294/42.png
 create mode 100644 results/woof_baseline_ipc50/dataset_2/n02096294/43.png
 create mode 100644 results/woof_baseline_ipc50/dataset_2/n02096294/44.png
 create mode 100644 results/woof_baseline_ipc50/dataset_2/n02096294/45.png
 create mode 100644 results/woof_baseline_ipc50/dataset_2/n02096294/46.png
 create mode 100644 results/woof_baseline_ipc50/dataset_2/n02096294/47.png
 create mode 100644 results/woof_baseline_ipc50/dataset_2/n02096294/48.png
 create mode 100644 results/woof_baseline_ipc50/dataset_2/n02096294/49.png
 create mode 100644 results/woof_baseline_ipc50/dataset_2/n02096294/5.png
 create mode 100644 results/woof_baseline_ipc50/dataset_2/n02096294/6.png
 create mode 100644 results/woof_baseline_ipc50/dataset_2/n02096294/7.png
 create mode 100644 results/woof_baseline_ipc50/dataset_2/n02096294/8.png
 create mode 100644 results/woof_baseline_ipc50/dataset_2/n02096294/9.png
 create mode 100644 results/woof_baseline_ipc50/dataset_2/n02099601/0.png
 create mode 100644 results/woof_baseline_ipc50/dataset_2/n02099601/1.png
 create mode 100644 results/woof_baseline_ipc50/dataset_2/n02099601/10.png
 create mode 100644 results/woof_baseline_ipc50/dataset_2/n02099601/11.png
 create mode 100644 results/woof_baseline_ipc50/dataset_2/n02099601/12.png
 create mode 100644 results/woof_baseline_ipc50/dataset_2/n02099601/13.png
 create mode 100644 results/woof_baseline_ipc50/dataset_2/n02099601/14.png
 create mode 100644 results/woof_baseline_ipc50/dataset_2/n02099601/15.png
 create mode 100644 results/woof_baseline_ipc50/dataset_2/n02099601/16.png
 create mode 100644 results/woof_baseline_ipc50/dataset_2/n02099601/17.png
 create mode 100644 results/woof_baseline_ipc50/dataset_2/n02099601/18.png
 create mode 100644 results/woof_baseline_ipc50/dataset_2/n02099601/19.png
 create mode 100644 results/woof_baseline_ipc50/dataset_2/n02099601/2.png
 create mode 100644 results/woof_baseline_ipc50/dataset_2/n02099601/20.png
 create mode 100644 results/woof_baseline_ipc50/dataset_2/n02099601/21.png
 create mode 100644 results/woof_baseline_ipc50/dataset_2/n02099601/22.png
 create mode 100644 results/woof_baseline_ipc50/dataset_2/n02099601/23.png
 create mode 100644 results/woof_baseline_ipc50/dataset_2/n02099601/24.png
 create mode 100644 results/woof_baseline_ipc50/dataset_2/n02099601/25.png
 create mode 100644 results/woof_baseline_ipc50/dataset_2/n02099601/26.png
 create mode 100644 results/woof_baseline_ipc50/dataset_2/n02099601/27.png
 create mode 100644 results/woof_baseline_ipc50/dataset_2/n02099601/28.png
 create mode 100644 results/woof_baseline_ipc50/dataset_2/n02099601/29.png
 create mode 100644 results/woof_baseline_ipc50/dataset_2/n02099601/3.png
 create mode 100644 results/woof_baseline_ipc50/dataset_2/n02099601/30.png
 create mode 100644 results/woof_baseline_ipc50/dataset_2/n02099601/31.png
 create mode 100644 results/woof_baseline_ipc50/dataset_2/n02099601/32.png
 create mode 100644 results/woof_baseline_ipc50/dataset_2/n02099601/33.png
 create mode 100644 results/woof_baseline_ipc50/dataset_2/n02099601/34.png
 create mode 100644 results/woof_baseline_ipc50/dataset_2/n02099601/35.png
 create mode 100644 results/woof_baseline_ipc50/dataset_2/n02099601/36.png
 create mode 100644 results/woof_baseline_ipc50/dataset_2/n02099601/37.png
 create mode 100644 results/woof_baseline_ipc50/dataset_2/n02099601/38.png
 create mode 100644 results/woof_baseline_ipc50/dataset_2/n02099601/39.png
 create mode 100644 results/woof_baseline_ipc50/dataset_2/n02099601/4.png
 create mode 100644 results/woof_baseline_ipc50/dataset_2/n02099601/40.png
 create mode 100644 results/woof_baseline_ipc50/dataset_2/n02099601/41.png
 create mode 100644 results/woof_baseline_ipc50/dataset_2/n02099601/42.png
 create mode 100644 results/woof_baseline_ipc50/dataset_2/n02099601/43.png
 create mode 100644 results/woof_baseline_ipc50/dataset_2/n02099601/44.png
 create mode 100644 results/woof_baseline_ipc50/dataset_2/n02099601/45.png
 create mode 100644 results/woof_baseline_ipc50/dataset_2/n02099601/46.png
 create mode 100644 results/woof_baseline_ipc50/dataset_2/n02099601/47.png
 create mode 100644 results/woof_baseline_ipc50/dataset_2/n02099601/48.png
 create mode 100644 results/woof_baseline_ipc50/dataset_2/n02099601/49.png
 create mode 100644 results/woof_baseline_ipc50/dataset_2/n02099601/5.png
 create mode 100644 results/woof_baseline_ipc50/dataset_2/n02099601/6.png
 create mode 100644 results/woof_baseline_ipc50/dataset_2/n02099601/7.png
 create mode 100644 results/woof_baseline_ipc50/dataset_2/n02099601/8.png
 create mode 100644 results/woof_baseline_ipc50/dataset_2/n02099601/9.png
 create mode 100644 results/woof_baseline_ipc50/dataset_2/n02105641/0.png
 create mode 100644 results/woof_baseline_ipc50/dataset_2/n02105641/1.png
 create mode 100644 results/woof_baseline_ipc50/dataset_2/n02105641/10.png
 create mode 100644 results/woof_baseline_ipc50/dataset_2/n02105641/11.png
 create mode 100644 results/woof_baseline_ipc50/dataset_2/n02105641/12.png
 create mode 100644 results/woof_baseline_ipc50/dataset_2/n02105641/13.png
 create mode 100644 results/woof_baseline_ipc50/dataset_2/n02105641/14.png
 create mode 100644 results/woof_baseline_ipc50/dataset_2/n02105641/15.png
 create mode 100644 results/woof_baseline_ipc50/dataset_2/n02105641/16.png
 create mode 100644 results/woof_baseline_ipc50/dataset_2/n02105641/17.png
 create mode 100644 results/woof_baseline_ipc50/dataset_2/n02105641/18.png
 create mode 100644 results/woof_baseline_ipc50/dataset_2/n02105641/19.png
 create mode 100644 results/woof_baseline_ipc50/dataset_2/n02105641/2.png
 create mode 100644 results/woof_baseline_ipc50/dataset_2/n02105641/20.png
 create mode 100644 results/woof_baseline_ipc50/dataset_2/n02105641/21.png
 create mode 100644 results/woof_baseline_ipc50/dataset_2/n02105641/22.png
 create mode 100644 results/woof_baseline_ipc50/dataset_2/n02105641/23.png
 create mode 100644 results/woof_baseline_ipc50/dataset_2/n02105641/24.png
 create mode 100644 results/woof_baseline_ipc50/dataset_2/n02105641/25.png
 create mode 100644 results/woof_baseline_ipc50/dataset_2/n02105641/26.png
 create mode 100644 results/woof_baseline_ipc50/dataset_2/n02105641/27.png
 create mode 100644 results/woof_baseline_ipc50/dataset_2/n02105641/28.png
 create mode 100644 results/woof_baseline_ipc50/dataset_2/n02105641/29.png
 create mode 100644 results/woof_baseline_ipc50/dataset_2/n02105641/3.png
 create mode 100644 results/woof_baseline_ipc50/dataset_2/n02105641/30.png
 create mode 100644 results/woof_baseline_ipc50/dataset_2/n02105641/31.png
 create mode 100644 results/woof_baseline_ipc50/dataset_2/n02105641/32.png
 create mode 100644 results/woof_baseline_ipc50/dataset_2/n02105641/33.png
 create mode 100644 results/woof_baseline_ipc50/dataset_2/n02105641/34.png
 create mode 100644 results/woof_baseline_ipc50/dataset_2/n02105641/35.png
 create mode 100644 results/woof_baseline_ipc50/dataset_2/n02105641/36.png
 create mode 100644 results/woof_baseline_ipc50/dataset_2/n02105641/37.png
 create mode 100644 results/woof_baseline_ipc50/dataset_2/n02105641/38.png
 create mode 100644 results/woof_baseline_ipc50/dataset_2/n02105641/39.png
 create mode 100644 results/woof_baseline_ipc50/dataset_2/n02105641/4.png
 create mode 100644 results/woof_baseline_ipc50/dataset_2/n02105641/40.png
 create mode 100644 results/woof_baseline_ipc50/dataset_2/n02105641/41.png
 create mode 100644 results/woof_baseline_ipc50/dataset_2/n02105641/42.png
 create mode 100644 results/woof_baseline_ipc50/dataset_2/n02105641/43.png
 create mode 100644 results/woof_baseline_ipc50/dataset_2/n02105641/44.png
 create mode 100644 results/woof_baseline_ipc50/dataset_2/n02105641/45.png
 create mode 100644 results/woof_baseline_ipc50/dataset_2/n02105641/46.png
 create mode 100644 results/woof_baseline_ipc50/dataset_2/n02105641/47.png
 create mode 100644 results/woof_baseline_ipc50/dataset_2/n02105641/48.png
 create mode 100644 results/woof_baseline_ipc50/dataset_2/n02105641/49.png
 create mode 100644 results/woof_baseline_ipc50/dataset_2/n02105641/5.png
 create mode 100644 results/woof_baseline_ipc50/dataset_2/n02105641/6.png
 create mode 100644 results/woof_baseline_ipc50/dataset_2/n02105641/7.png
 create mode 100644 results/woof_baseline_ipc50/dataset_2/n02105641/8.png
 create mode 100644 results/woof_baseline_ipc50/dataset_2/n02105641/9.png
 create mode 100644 results/woof_baseline_ipc50/dataset_2/n02111889/0.png
 create mode 100644 results/woof_baseline_ipc50/dataset_2/n02111889/1.png
 create mode 100644 results/woof_baseline_ipc50/dataset_2/n02111889/10.png
 create mode 100644 results/woof_baseline_ipc50/dataset_2/n02111889/11.png
 create mode 100644 results/woof_baseline_ipc50/dataset_2/n02111889/12.png
 create mode 100644 results/woof_baseline_ipc50/dataset_2/n02111889/13.png
 create mode 100644 results/woof_baseline_ipc50/dataset_2/n02111889/14.png
 create mode 100644 results/woof_baseline_ipc50/dataset_2/n02111889/15.png
 create mode 100644 results/woof_baseline_ipc50/dataset_2/n02111889/16.png
 create mode 100644 results/woof_baseline_ipc50/dataset_2/n02111889/17.png
 create mode 100644 results/woof_baseline_ipc50/dataset_2/n02111889/18.png
 create mode 100644 results/woof_baseline_ipc50/dataset_2/n02111889/19.png
 create mode 100644 results/woof_baseline_ipc50/dataset_2/n02111889/2.png
 create mode 100644 results/woof_baseline_ipc50/dataset_2/n02111889/20.png
 create mode 100644 results/woof_baseline_ipc50/dataset_2/n02111889/21.png
 create mode 100644 results/woof_baseline_ipc50/dataset_2/n02111889/22.png
 create mode 100644 results/woof_baseline_ipc50/dataset_2/n02111889/23.png
 create mode 100644 results/woof_baseline_ipc50/dataset_2/n02111889/24.png
 create mode 100644 results/woof_baseline_ipc50/dataset_2/n02111889/25.png
 create mode 100644 results/woof_baseline_ipc50/dataset_2/n02111889/26.png
 create mode 100644 results/woof_baseline_ipc50/dataset_2/n02111889/27.png
 create mode 100644 results/woof_baseline_ipc50/dataset_2/n02111889/28.png
 create mode 100644 results/woof_baseline_ipc50/dataset_2/n02111889/29.png
 create mode 100644 results/woof_baseline_ipc50/dataset_2/n02111889/3.png
 create mode 100644 results/woof_baseline_ipc50/dataset_2/n02111889/30.png
 create mode 100644 results/woof_baseline_ipc50/dataset_2/n02111889/31.png
 create mode 100644 results/woof_baseline_ipc50/dataset_2/n02111889/32.png
 create mode 100644 results/woof_baseline_ipc50/dataset_2/n02111889/33.png
 create mode 100644 results/woof_baseline_ipc50/dataset_2/n02111889/34.png
 create mode 100644 results/woof_baseline_ipc50/dataset_2/n02111889/35.png
 create mode 100644 results/woof_baseline_ipc50/dataset_2/n02111889/36.png
 create mode 100644 results/woof_baseline_ipc50/dataset_2/n02111889/37.png
 create mode 100644 results/woof_baseline_ipc50/dataset_2/n02111889/38.png
 create mode 100644 results/woof_baseline_ipc50/dataset_2/n02111889/39.png
 create mode 100644 results/woof_baseline_ipc50/dataset_2/n02111889/4.png
 create mode 100644 results/woof_baseline_ipc50/dataset_2/n02111889/40.png
 create mode 100644 results/woof_baseline_ipc50/dataset_2/n02111889/41.png
 create mode 100644 results/woof_baseline_ipc50/dataset_2/n02111889/42.png
 create mode 100644 results/woof_baseline_ipc50/dataset_2/n02111889/43.png
 create mode 100644 results/woof_baseline_ipc50/dataset_2/n02111889/44.png
 create mode 100644 results/woof_baseline_ipc50/dataset_2/n02111889/45.png
 create mode 100644 results/woof_baseline_ipc50/dataset_2/n02111889/46.png
 create mode 100644 results/woof_baseline_ipc50/dataset_2/n02111889/47.png
 create mode 100644 results/woof_baseline_ipc50/dataset_2/n02111889/48.png
 create mode 100644 results/woof_baseline_ipc50/dataset_2/n02111889/49.png
 create mode 100644 results/woof_baseline_ipc50/dataset_2/n02111889/5.png
 create mode 100644 results/woof_baseline_ipc50/dataset_2/n02111889/6.png
 create mode 100644 results/woof_baseline_ipc50/dataset_2/n02111889/7.png
 create mode 100644 results/woof_baseline_ipc50/dataset_2/n02111889/8.png
 create mode 100644 results/woof_baseline_ipc50/dataset_2/n02111889/9.png
 create mode 100644 results/woof_baseline_ipc50/dataset_2/n02115641/0.png
 create mode 100644 results/woof_baseline_ipc50/dataset_2/n02115641/1.png
 create mode 100644 results/woof_baseline_ipc50/dataset_2/n02115641/10.png
 create mode 100644 results/woof_baseline_ipc50/dataset_2/n02115641/11.png
 create mode 100644 results/woof_baseline_ipc50/dataset_2/n02115641/12.png
 create mode 100644 results/woof_baseline_ipc50/dataset_2/n02115641/13.png
 create mode 100644 results/woof_baseline_ipc50/dataset_2/n02115641/14.png
 create mode 100644 results/woof_baseline_ipc50/dataset_2/n02115641/15.png
 create mode 100644 results/woof_baseline_ipc50/dataset_2/n02115641/16.png
 create mode 100644 results/woof_baseline_ipc50/dataset_2/n02115641/17.png
 create mode 100644 results/woof_baseline_ipc50/dataset_2/n02115641/18.png
 create mode 100644 results/woof_baseline_ipc50/dataset_2/n02115641/19.png
 create mode 100644 results/woof_baseline_ipc50/dataset_2/n02115641/2.png
 create mode 100644 results/woof_baseline_ipc50/dataset_2/n02115641/20.png
 create mode 100644 results/woof_baseline_ipc50/dataset_2/n02115641/21.png
 create mode 100644 results/woof_baseline_ipc50/dataset_2/n02115641/22.png
 create mode 100644 results/woof_baseline_ipc50/dataset_2/n02115641/23.png
 create mode 100644 results/woof_baseline_ipc50/dataset_2/n02115641/24.png
 create mode 100644 results/woof_baseline_ipc50/dataset_2/n02115641/25.png
 create mode 100644 results/woof_baseline_ipc50/dataset_2/n02115641/26.png
 create mode 100644 results/woof_baseline_ipc50/dataset_2/n02115641/27.png
 create mode 100644 results/woof_baseline_ipc50/dataset_2/n02115641/28.png
 create mode 100644 results/woof_baseline_ipc50/dataset_2/n02115641/29.png
 create mode 100644 results/woof_baseline_ipc50/dataset_2/n02115641/3.png
 create mode 100644 results/woof_baseline_ipc50/dataset_2/n02115641/30.png
 create mode 100644 results/woof_baseline_ipc50/dataset_2/n02115641/31.png
 create mode 100644 results/woof_baseline_ipc50/dataset_2/n02115641/32.png
 create mode 100644 results/woof_baseline_ipc50/dataset_2/n02115641/33.png
 create mode 100644 results/woof_baseline_ipc50/dataset_2/n02115641/34.png
 create mode 100644 results/woof_baseline_ipc50/dataset_2/n02115641/35.png
 create mode 100644 results/woof_baseline_ipc50/dataset_2/n02115641/36.png
 create mode 100644 results/woof_baseline_ipc50/dataset_2/n02115641/37.png
 create mode 100644 results/woof_baseline_ipc50/dataset_2/n02115641/38.png
 create mode 100644 results/woof_baseline_ipc50/dataset_2/n02115641/39.png
 create mode 100644 results/woof_baseline_ipc50/dataset_2/n02115641/4.png
 create mode 100644 results/woof_baseline_ipc50/dataset_2/n02115641/40.png
 create mode 100644 results/woof_baseline_ipc50/dataset_2/n02115641/41.png
 create mode 100644 results/woof_baseline_ipc50/dataset_2/n02115641/42.png
 create mode 100644 results/woof_baseline_ipc50/dataset_2/n02115641/43.png
 create mode 100644 results/woof_baseline_ipc50/dataset_2/n02115641/44.png
 create mode 100644 results/woof_baseline_ipc50/dataset_2/n02115641/45.png
 create mode 100644 results/woof_baseline_ipc50/dataset_2/n02115641/46.png
 create mode 100644 results/woof_baseline_ipc50/dataset_2/n02115641/47.png
 create mode 100644 results/woof_baseline_ipc50/dataset_2/n02115641/48.png
 create mode 100644 results/woof_baseline_ipc50/dataset_2/n02115641/49.png
 create mode 100644 results/woof_baseline_ipc50/dataset_2/n02115641/5.png
 create mode 100644 results/woof_baseline_ipc50/dataset_2/n02115641/6.png
 create mode 100644 results/woof_baseline_ipc50/dataset_2/n02115641/7.png
 create mode 100644 results/woof_baseline_ipc50/dataset_2/n02115641/8.png
 create mode 100644 results/woof_baseline_ipc50/dataset_2/n02115641/9.png
 create mode 100644 results/woof_baseline_ipc50/experiment_config.json
 create mode 100644 results/woof_cags_iast_ipc10/ags_config.pkl
 create mode 100644 results/woof_cags_iast_ipc10/dataset_0/n02086240/0.png
 create mode 100644 results/woof_cags_iast_ipc10/dataset_0/n02086240/1.png
 create mode 100644 results/woof_cags_iast_ipc10/dataset_0/n02086240/2.png
 create mode 100644 results/woof_cags_iast_ipc10/dataset_0/n02086240/3.png
 create mode 100644 results/woof_cags_iast_ipc10/dataset_0/n02086240/4.png
 create mode 100644 results/woof_cags_iast_ipc10/dataset_0/n02086240/5.png
 create mode 100644 results/woof_cags_iast_ipc10/dataset_0/n02086240/6.png
 create mode 100644 results/woof_cags_iast_ipc10/dataset_0/n02086240/7.png
 create mode 100644 results/woof_cags_iast_ipc10/dataset_0/n02086240/8.png
 create mode 100644 results/woof_cags_iast_ipc10/dataset_0/n02086240/9.png
 create mode 100644 results/woof_cags_iast_ipc10/dataset_0/n02087394/0.png
 create mode 100644 results/woof_cags_iast_ipc10/dataset_0/n02087394/1.png
 create mode 100644 results/woof_cags_iast_ipc10/dataset_0/n02087394/2.png
 create mode 100644 results/woof_cags_iast_ipc10/dataset_0/n02087394/3.png
 create mode 100644 results/woof_cags_iast_ipc10/dataset_0/n02087394/4.png
 create mode 100644 results/woof_cags_iast_ipc10/dataset_0/n02087394/5.png
 create mode 100644 results/woof_cags_iast_ipc10/dataset_0/n02087394/6.png
 create mode 100644 results/woof_cags_iast_ipc10/dataset_0/n02087394/7.png
 create mode 100644 results/woof_cags_iast_ipc10/dataset_0/n02087394/8.png
 create mode 100644 results/woof_cags_iast_ipc10/dataset_0/n02087394/9.png
 create mode 100644 results/woof_cags_iast_ipc10/dataset_0/n02088364/0.png
 create mode 100644 results/woof_cags_iast_ipc10/dataset_0/n02088364/1.png
 create mode 100644 results/woof_cags_iast_ipc10/dataset_0/n02088364/2.png
 create mode 100644 results/woof_cags_iast_ipc10/dataset_0/n02088364/3.png
 create mode 100644 results/woof_cags_iast_ipc10/dataset_0/n02088364/4.png
 create mode 100644 results/woof_cags_iast_ipc10/dataset_0/n02088364/5.png
 create mode 100644 results/woof_cags_iast_ipc10/dataset_0/n02088364/6.png
 create mode 100644 results/woof_cags_iast_ipc10/dataset_0/n02088364/7.png
 create mode 100644 results/woof_cags_iast_ipc10/dataset_0/n02088364/8.png
 create mode 100644 results/woof_cags_iast_ipc10/dataset_0/n02088364/9.png
 create mode 100644 results/woof_cags_iast_ipc10/dataset_0/n02089973/0.png
 create mode 100644 results/woof_cags_iast_ipc10/dataset_0/n02089973/1.png
 create mode 100644 results/woof_cags_iast_ipc10/dataset_0/n02089973/2.png
 create mode 100644 results/woof_cags_iast_ipc10/dataset_0/n02089973/3.png
 create mode 100644 results/woof_cags_iast_ipc10/dataset_0/n02089973/4.png
 create mode 100644 results/woof_cags_iast_ipc10/dataset_0/n02089973/5.png
 create mode 100644 results/woof_cags_iast_ipc10/dataset_0/n02089973/6.png
 create mode 100644 results/woof_cags_iast_ipc10/dataset_0/n02089973/7.png
 create mode 100644 results/woof_cags_iast_ipc10/dataset_0/n02089973/8.png
 create mode 100644 results/woof_cags_iast_ipc10/dataset_0/n02089973/9.png
 create mode 100644 results/woof_cags_iast_ipc10/dataset_0/n02093754/0.png
 create mode 100644 results/woof_cags_iast_ipc10/dataset_0/n02093754/1.png
 create mode 100644 results/woof_cags_iast_ipc10/dataset_0/n02093754/2.png
 create mode 100644 results/woof_cags_iast_ipc10/dataset_0/n02093754/3.png
 create mode 100644 results/woof_cags_iast_ipc10/dataset_0/n02093754/4.png
 create mode 100644 results/woof_cags_iast_ipc10/dataset_0/n02093754/5.png
 create mode 100644 results/woof_cags_iast_ipc10/dataset_0/n02093754/6.png
 create mode 100644 results/woof_cags_iast_ipc10/dataset_0/n02093754/7.png
 create mode 100644 results/woof_cags_iast_ipc10/dataset_0/n02093754/8.png
 create mode 100644 results/woof_cags_iast_ipc10/dataset_0/n02093754/9.png
 create mode 100644 results/woof_cags_iast_ipc10/dataset_0/n02096294/0.png
 create mode 100644 results/woof_cags_iast_ipc10/dataset_0/n02096294/1.png
 create mode 100644 results/woof_cags_iast_ipc10/dataset_0/n02096294/2.png
 create mode 100644 results/woof_cags_iast_ipc10/dataset_0/n02096294/3.png
 create mode 100644 results/woof_cags_iast_ipc10/dataset_0/n02096294/4.png
 create mode 100644 results/woof_cags_iast_ipc10/dataset_0/n02096294/5.png
 create mode 100644 results/woof_cags_iast_ipc10/dataset_0/n02096294/6.png
 create mode 100644 results/woof_cags_iast_ipc10/dataset_0/n02096294/7.png
 create mode 100644 results/woof_cags_iast_ipc10/dataset_0/n02096294/8.png
 create mode 100644 results/woof_cags_iast_ipc10/dataset_0/n02096294/9.png
 create mode 100644 results/woof_cags_iast_ipc10/dataset_0/n02099601/0.png
 create mode 100644 results/woof_cags_iast_ipc10/dataset_0/n02099601/1.png
 create mode 100644 results/woof_cags_iast_ipc10/dataset_0/n02099601/2.png
 create mode 100644 results/woof_cags_iast_ipc10/dataset_0/n02099601/3.png
 create mode 100644 results/woof_cags_iast_ipc10/dataset_0/n02099601/4.png
 create mode 100644 results/woof_cags_iast_ipc10/dataset_0/n02099601/5.png
 create mode 100644 results/woof_cags_iast_ipc10/dataset_0/n02099601/6.png
 create mode 100644 results/woof_cags_iast_ipc10/dataset_0/n02099601/7.png
 create mode 100644 results/woof_cags_iast_ipc10/dataset_0/n02099601/8.png
 create mode 100644 results/woof_cags_iast_ipc10/dataset_0/n02099601/9.png
 create mode 100644 results/woof_cags_iast_ipc10/dataset_0/n02105641/0.png
 create mode 100644 results/woof_cags_iast_ipc10/dataset_0/n02105641/1.png
 create mode 100644 results/woof_cags_iast_ipc10/dataset_0/n02105641/2.png
 create mode 100644 results/woof_cags_iast_ipc10/dataset_0/n02105641/3.png
 create mode 100644 results/woof_cags_iast_ipc10/dataset_0/n02105641/4.png
 create mode 100644 results/woof_cags_iast_ipc10/dataset_0/n02105641/5.png
 create mode 100644 results/woof_cags_iast_ipc10/dataset_0/n02105641/6.png
 create mode 100644 results/woof_cags_iast_ipc10/dataset_0/n02105641/7.png
 create mode 100644 results/woof_cags_iast_ipc10/dataset_0/n02105641/8.png
 create mode 100644 results/woof_cags_iast_ipc10/dataset_0/n02105641/9.png
 create mode 100644 results/woof_cags_iast_ipc10/dataset_0/n02111889/0.png
 create mode 100644 results/woof_cags_iast_ipc10/dataset_0/n02111889/1.png
 create mode 100644 results/woof_cags_iast_ipc10/dataset_0/n02111889/2.png
 create mode 100644 results/woof_cags_iast_ipc10/dataset_0/n02111889/3.png
 create mode 100644 results/woof_cags_iast_ipc10/dataset_0/n02111889/4.png
 create mode 100644 results/woof_cags_iast_ipc10/dataset_0/n02111889/5.png
 create mode 100644 results/woof_cags_iast_ipc10/dataset_0/n02111889/6.png
 create mode 100644 results/woof_cags_iast_ipc10/dataset_0/n02111889/7.png
 create mode 100644 results/woof_cags_iast_ipc10/dataset_0/n02111889/8.png
 create mode 100644 results/woof_cags_iast_ipc10/dataset_0/n02111889/9.png
 create mode 100644 results/woof_cags_iast_ipc10/dataset_0/n02115641/0.png
 create mode 100644 results/woof_cags_iast_ipc10/dataset_0/n02115641/1.png
 create mode 100644 results/woof_cags_iast_ipc10/dataset_0/n02115641/2.png
 create mode 100644 results/woof_cags_iast_ipc10/dataset_0/n02115641/3.png
 create mode 100644 results/woof_cags_iast_ipc10/dataset_0/n02115641/4.png
 create mode 100644 results/woof_cags_iast_ipc10/dataset_0/n02115641/5.png
 create mode 100644 results/woof_cags_iast_ipc10/dataset_0/n02115641/6.png
 create mode 100644 results/woof_cags_iast_ipc10/dataset_0/n02115641/7.png
 create mode 100644 results/woof_cags_iast_ipc10/dataset_0/n02115641/8.png
 create mode 100644 results/woof_cags_iast_ipc10/dataset_0/n02115641/9.png
 create mode 100644 results/woof_cags_iast_ipc10/experiment_config.json
 create mode 100644 results/woof_cags_only_ipc10/ags_config.pkl
 create mode 100644 results/woof_cags_only_ipc10/dataset_0/n02086240/0.png
 create mode 100644 results/woof_cags_only_ipc10/dataset_0/n02086240/1.png
 create mode 100644 results/woof_cags_only_ipc10/dataset_0/n02086240/2.png
 create mode 100644 results/woof_cags_only_ipc10/dataset_0/n02086240/3.png
 create mode 100644 results/woof_cags_only_ipc10/dataset_0/n02086240/4.png
 create mode 100644 results/woof_cags_only_ipc10/dataset_0/n02086240/5.png
 create mode 100644 results/woof_cags_only_ipc10/dataset_0/n02086240/6.png
 create mode 100644 results/woof_cags_only_ipc10/dataset_0/n02086240/7.png
 create mode 100644 results/woof_cags_only_ipc10/dataset_0/n02086240/8.png
 create mode 100644 results/woof_cags_only_ipc10/dataset_0/n02086240/9.png
 create mode 100644 results/woof_cags_only_ipc10/dataset_0/n02087394/0.png
 create mode 100644 results/woof_cags_only_ipc10/dataset_0/n02087394/1.png
 create mode 100644 results/woof_cags_only_ipc10/dataset_0/n02087394/2.png
 create mode 100644 results/woof_cags_only_ipc10/dataset_0/n02087394/3.png
 create mode 100644 results/woof_cags_only_ipc10/dataset_0/n02087394/4.png
 create mode 100644 results/woof_cags_only_ipc10/dataset_0/n02087394/5.png
 create mode 100644 results/woof_cags_only_ipc10/dataset_0/n02087394/6.png
 create mode 100644 results/woof_cags_only_ipc10/dataset_0/n02087394/7.png
 create mode 100644 results/woof_cags_only_ipc10/dataset_0/n02087394/8.png
 create mode 100644 results/woof_cags_only_ipc10/dataset_0/n02087394/9.png
 create mode 100644 results/woof_cags_only_ipc10/dataset_0/n02088364/0.png
 create mode 100644 results/woof_cags_only_ipc10/dataset_0/n02088364/1.png
 create mode 100644 results/woof_cags_only_ipc10/dataset_0/n02088364/2.png
 create mode 100644 results/woof_cags_only_ipc10/dataset_0/n02088364/3.png
 create mode 100644 results/woof_cags_only_ipc10/dataset_0/n02088364/4.png
 create mode 100644 results/woof_cags_only_ipc10/dataset_0/n02088364/5.png
 create mode 100644 results/woof_cags_only_ipc10/dataset_0/n02088364/6.png
 create mode 100644 results/woof_cags_only_ipc10/dataset_0/n02088364/7.png
 create mode 100644 results/woof_cags_only_ipc10/dataset_0/n02088364/8.png
 create mode 100644 results/woof_cags_only_ipc10/dataset_0/n02088364/9.png
 create mode 100644 results/woof_cags_only_ipc10/dataset_0/n02089973/0.png
 create mode 100644 results/woof_cags_only_ipc10/dataset_0/n02089973/1.png
 create mode 100644 results/woof_cags_only_ipc10/dataset_0/n02089973/2.png
 create mode 100644 results/woof_cags_only_ipc10/dataset_0/n02089973/3.png
 create mode 100644 results/woof_cags_only_ipc10/dataset_0/n02089973/4.png
 create mode 100644 results/woof_cags_only_ipc10/dataset_0/n02089973/5.png
 create mode 100644 results/woof_cags_only_ipc10/dataset_0/n02089973/6.png
 create mode 100644 results/woof_cags_only_ipc10/dataset_0/n02089973/7.png
 create mode 100644 results/woof_cags_only_ipc10/dataset_0/n02089973/8.png
 create mode 100644 results/woof_cags_only_ipc10/dataset_0/n02089973/9.png
 create mode 100644 results/woof_cags_only_ipc10/dataset_0/n02093754/0.png
 create mode 100644 results/woof_cags_only_ipc10/dataset_0/n02093754/1.png
 create mode 100644 results/woof_cags_only_ipc10/dataset_0/n02093754/2.png
 create mode 100644 results/woof_cags_only_ipc10/dataset_0/n02093754/3.png
 create mode 100644 results/woof_cags_only_ipc10/dataset_0/n02093754/4.png
 create mode 100644 results/woof_cags_only_ipc10/dataset_0/n02093754/5.png
 create mode 100644 results/woof_cags_only_ipc10/dataset_0/n02093754/6.png
 create mode 100644 results/woof_cags_only_ipc10/dataset_0/n02093754/7.png
 create mode 100644 results/woof_cags_only_ipc10/dataset_0/n02093754/8.png
 create mode 100644 results/woof_cags_only_ipc10/dataset_0/n02093754/9.png
 create mode 100644 results/woof_cags_only_ipc10/dataset_0/n02096294/0.png
 create mode 100644 results/woof_cags_only_ipc10/dataset_0/n02096294/1.png
 create mode 100644 results/woof_cags_only_ipc10/dataset_0/n02096294/2.png
 create mode 100644 results/woof_cags_only_ipc10/dataset_0/n02096294/3.png
 create mode 100644 results/woof_cags_only_ipc10/dataset_0/n02096294/4.png
 create mode 100644 results/woof_cags_only_ipc10/dataset_0/n02096294/5.png
 create mode 100644 results/woof_cags_only_ipc10/dataset_0/n02096294/6.png
 create mode 100644 results/woof_cags_only_ipc10/dataset_0/n02096294/7.png
 create mode 100644 results/woof_cags_only_ipc10/dataset_0/n02096294/8.png
 create mode 100644 results/woof_cags_only_ipc10/dataset_0/n02096294/9.png
 create mode 100644 results/woof_cags_only_ipc10/dataset_0/n02099601/0.png
 create mode 100644 results/woof_cags_only_ipc10/dataset_0/n02099601/1.png
 create mode 100644 results/woof_cags_only_ipc10/dataset_0/n02099601/2.png
 create mode 100644 results/woof_cags_only_ipc10/dataset_0/n02099601/3.png
 create mode 100644 results/woof_cags_only_ipc10/dataset_0/n02099601/4.png
 create mode 100644 results/woof_cags_only_ipc10/dataset_0/n02099601/5.png
 create mode 100644 results/woof_cags_only_ipc10/dataset_0/n02099601/6.png
 create mode 100644 results/woof_cags_only_ipc10/dataset_0/n02099601/7.png
 create mode 100644 results/woof_cags_only_ipc10/dataset_0/n02099601/8.png
 create mode 100644 results/woof_cags_only_ipc10/dataset_0/n02099601/9.png
 create mode 100644 results/woof_cags_only_ipc10/dataset_0/n02105641/0.png
 create mode 100644 results/woof_cags_only_ipc10/dataset_0/n02105641/1.png
 create mode 100644 results/woof_cags_only_ipc10/dataset_0/n02105641/2.png
 create mode 100644 results/woof_cags_only_ipc10/dataset_0/n02105641/3.png
 create mode 100644 results/woof_cags_only_ipc10/dataset_0/n02105641/4.png
 create mode 100644 results/woof_cags_only_ipc10/dataset_0/n02105641/5.png
 create mode 100644 results/woof_cags_only_ipc10/dataset_0/n02105641/6.png
 create mode 100644 results/woof_cags_only_ipc10/dataset_0/n02105641/7.png
 create mode 100644 results/woof_cags_only_ipc10/dataset_0/n02105641/8.png
 create mode 100644 results/woof_cags_only_ipc10/dataset_0/n02105641/9.png
 create mode 100644 results/woof_cags_only_ipc10/dataset_0/n02111889/0.png
 create mode 100644 results/woof_cags_only_ipc10/dataset_0/n02111889/1.png
 create mode 100644 results/woof_cags_only_ipc10/dataset_0/n02111889/2.png
 create mode 100644 results/woof_cags_only_ipc10/dataset_0/n02111889/3.png
 create mode 100644 results/woof_cags_only_ipc10/dataset_0/n02111889/4.png
 create mode 100644 results/woof_cags_only_ipc10/dataset_0/n02111889/5.png
 create mode 100644 results/woof_cags_only_ipc10/dataset_0/n02111889/6.png
 create mode 100644 results/woof_cags_only_ipc10/dataset_0/n02111889/7.png
 create mode 100644 results/woof_cags_only_ipc10/dataset_0/n02111889/8.png
 create mode 100644 results/woof_cags_only_ipc10/dataset_0/n02111889/9.png
 create mode 100644 results/woof_cags_only_ipc10/dataset_0/n02115641/0.png
 create mode 100644 results/woof_cags_only_ipc10/dataset_0/n02115641/1.png
 create mode 100644 results/woof_cags_only_ipc10/dataset_0/n02115641/2.png
 create mode 100644 results/woof_cags_only_ipc10/dataset_0/n02115641/3.png
 create mode 100644 results/woof_cags_only_ipc10/dataset_0/n02115641/4.png
 create mode 100644 results/woof_cags_only_ipc10/dataset_0/n02115641/5.png
 create mode 100644 results/woof_cags_only_ipc10/dataset_0/n02115641/6.png
 create mode 100644 results/woof_cags_only_ipc10/dataset_0/n02115641/7.png
 create mode 100644 results/woof_cags_only_ipc10/dataset_0/n02115641/8.png
 create mode 100644 results/woof_cags_only_ipc10/dataset_0/n02115641/9.png
 create mode 100644 results/woof_cags_only_ipc10/experiment_config.json
 create mode 100644 results/woof_cags_tags_ipc10/ags_config.pkl
 create mode 100644 results/woof_cags_tags_ipc10/dataset_0/n02086240/0.png
 create mode 100644 results/woof_cags_tags_ipc10/dataset_0/n02086240/1.png
 create mode 100644 results/woof_cags_tags_ipc10/dataset_0/n02086240/2.png
 create mode 100644 results/woof_cags_tags_ipc10/dataset_0/n02086240/3.png
 create mode 100644 results/woof_cags_tags_ipc10/dataset_0/n02086240/4.png
 create mode 100644 results/woof_cags_tags_ipc10/dataset_0/n02086240/5.png
 create mode 100644 results/woof_cags_tags_ipc10/dataset_0/n02086240/6.png
 create mode 100644 results/woof_cags_tags_ipc10/dataset_0/n02086240/7.png
 create mode 100644 results/woof_cags_tags_ipc10/dataset_0/n02086240/8.png
 create mode 100644 results/woof_cags_tags_ipc10/dataset_0/n02086240/9.png
 create mode 100644 results/woof_cags_tags_ipc10/dataset_0/n02087394/0.png
 create mode 100644 results/woof_cags_tags_ipc10/dataset_0/n02087394/1.png
 create mode 100644 results/woof_cags_tags_ipc10/dataset_0/n02087394/2.png
 create mode 100644 results/woof_cags_tags_ipc10/dataset_0/n02087394/3.png
 create mode 100644 results/woof_cags_tags_ipc10/dataset_0/n02087394/4.png
 create mode 100644 results/woof_cags_tags_ipc10/dataset_0/n02087394/5.png
 create mode 100644 results/woof_cags_tags_ipc10/dataset_0/n02087394/6.png
 create mode 100644 results/woof_cags_tags_ipc10/dataset_0/n02087394/7.png
 create mode 100644 results/woof_cags_tags_ipc10/dataset_0/n02087394/8.png
 create mode 100644 results/woof_cags_tags_ipc10/dataset_0/n02087394/9.png
 create mode 100644 results/woof_cags_tags_ipc10/dataset_0/n02088364/0.png
 create mode 100644 results/woof_cags_tags_ipc10/dataset_0/n02088364/1.png
 create mode 100644 results/woof_cags_tags_ipc10/dataset_0/n02088364/2.png
 create mode 100644 results/woof_cags_tags_ipc10/dataset_0/n02088364/3.png
 create mode 100644 results/woof_cags_tags_ipc10/dataset_0/n02088364/4.png
 create mode 100644 results/woof_cags_tags_ipc10/dataset_0/n02088364/5.png
 create mode 100644 results/woof_cags_tags_ipc10/dataset_0/n02088364/6.png
 create mode 100644 results/woof_cags_tags_ipc10/dataset_0/n02088364/7.png
 create mode 100644 results/woof_cags_tags_ipc10/dataset_0/n02088364/8.png
 create mode 100644 results/woof_cags_tags_ipc10/dataset_0/n02088364/9.png
 create mode 100644 results/woof_cags_tags_ipc10/dataset_0/n02089973/0.png
 create mode 100644 results/woof_cags_tags_ipc10/dataset_0/n02089973/1.png
 create mode 100644 results/woof_cags_tags_ipc10/dataset_0/n02089973/2.png
 create mode 100644 results/woof_cags_tags_ipc10/dataset_0/n02089973/3.png
 create mode 100644 results/woof_cags_tags_ipc10/dataset_0/n02089973/4.png
 create mode 100644 results/woof_cags_tags_ipc10/dataset_0/n02089973/5.png
 create mode 100644 results/woof_cags_tags_ipc10/dataset_0/n02089973/6.png
 create mode 100644 results/woof_cags_tags_ipc10/dataset_0/n02089973/7.png
 create mode 100644 results/woof_cags_tags_ipc10/dataset_0/n02089973/8.png
 create mode 100644 results/woof_cags_tags_ipc10/dataset_0/n02089973/9.png
 create mode 100644 results/woof_cags_tags_ipc10/dataset_0/n02093754/0.png
 create mode 100644 results/woof_cags_tags_ipc10/dataset_0/n02093754/1.png
 create mode 100644 results/woof_cags_tags_ipc10/dataset_0/n02093754/2.png
 create mode 100644 results/woof_cags_tags_ipc10/dataset_0/n02093754/3.png
 create mode 100644 results/woof_cags_tags_ipc10/dataset_0/n02093754/4.png
 create mode 100644 results/woof_cags_tags_ipc10/dataset_0/n02093754/5.png
 create mode 100644 results/woof_cags_tags_ipc10/dataset_0/n02093754/6.png
 create mode 100644 results/woof_cags_tags_ipc10/dataset_0/n02093754/7.png
 create mode 100644 results/woof_cags_tags_ipc10/dataset_0/n02093754/8.png
 create mode 100644 results/woof_cags_tags_ipc10/dataset_0/n02093754/9.png
 create mode 100644 results/woof_cags_tags_ipc10/dataset_0/n02096294/0.png
 create mode 100644 results/woof_cags_tags_ipc10/dataset_0/n02096294/1.png
 create mode 100644 results/woof_cags_tags_ipc10/dataset_0/n02096294/2.png
 create mode 100644 results/woof_cags_tags_ipc10/dataset_0/n02096294/3.png
 create mode 100644 results/woof_cags_tags_ipc10/dataset_0/n02096294/4.png
 create mode 100644 results/woof_cags_tags_ipc10/dataset_0/n02096294/5.png
 create mode 100644 results/woof_cags_tags_ipc10/dataset_0/n02096294/6.png
 create mode 100644 results/woof_cags_tags_ipc10/dataset_0/n02096294/7.png
 create mode 100644 results/woof_cags_tags_ipc10/dataset_0/n02096294/8.png
 create mode 100644 results/woof_cags_tags_ipc10/dataset_0/n02096294/9.png
 create mode 100644 results/woof_cags_tags_ipc10/dataset_0/n02099601/0.png
 create mode 100644 results/woof_cags_tags_ipc10/dataset_0/n02099601/1.png
 create mode 100644 results/woof_cags_tags_ipc10/dataset_0/n02099601/2.png
 create mode 100644 results/woof_cags_tags_ipc10/dataset_0/n02099601/3.png
 create mode 100644 results/woof_cags_tags_ipc10/dataset_0/n02099601/4.png
 create mode 100644 results/woof_cags_tags_ipc10/dataset_0/n02099601/5.png
 create mode 100644 results/woof_cags_tags_ipc10/dataset_0/n02099601/6.png
 create mode 100644 results/woof_cags_tags_ipc10/dataset_0/n02099601/7.png
 create mode 100644 results/woof_cags_tags_ipc10/dataset_0/n02099601/8.png
 create mode 100644 results/woof_cags_tags_ipc10/dataset_0/n02099601/9.png
 create mode 100644 results/woof_cags_tags_ipc10/dataset_0/n02105641/0.png
 create mode 100644 results/woof_cags_tags_ipc10/dataset_0/n02105641/1.png
 create mode 100644 results/woof_cags_tags_ipc10/dataset_0/n02105641/2.png
 create mode 100644 results/woof_cags_tags_ipc10/dataset_0/n02105641/3.png
 create mode 100644 results/woof_cags_tags_ipc10/dataset_0/n02105641/4.png
 create mode 100644 results/woof_cags_tags_ipc10/dataset_0/n02105641/5.png
 create mode 100644 results/woof_cags_tags_ipc10/dataset_0/n02105641/6.png
 create mode 100644 results/woof_cags_tags_ipc10/dataset_0/n02105641/7.png
 create mode 100644 results/woof_cags_tags_ipc10/dataset_0/n02105641/8.png
 create mode 100644 results/woof_cags_tags_ipc10/dataset_0/n02105641/9.png
 create mode 100644 results/woof_cags_tags_ipc10/dataset_0/n02111889/0.png
 create mode 100644 results/woof_cags_tags_ipc10/dataset_0/n02111889/1.png
 create mode 100644 results/woof_cags_tags_ipc10/dataset_0/n02111889/2.png
 create mode 100644 results/woof_cags_tags_ipc10/dataset_0/n02111889/3.png
 create mode 100644 results/woof_cags_tags_ipc10/dataset_0/n02111889/4.png
 create mode 100644 results/woof_cags_tags_ipc10/dataset_0/n02111889/5.png
 create mode 100644 results/woof_cags_tags_ipc10/dataset_0/n02111889/6.png
 create mode 100644 results/woof_cags_tags_ipc10/dataset_0/n02111889/7.png
 create mode 100644 results/woof_cags_tags_ipc10/dataset_0/n02111889/8.png
 create mode 100644 results/woof_cags_tags_ipc10/dataset_0/n02111889/9.png
 create mode 100644 results/woof_cags_tags_ipc10/dataset_0/n02115641/0.png
 create mode 100644 results/woof_cags_tags_ipc10/dataset_0/n02115641/1.png
 create mode 100644 results/woof_cags_tags_ipc10/dataset_0/n02115641/2.png
 create mode 100644 results/woof_cags_tags_ipc10/dataset_0/n02115641/3.png
 create mode 100644 results/woof_cags_tags_ipc10/dataset_0/n02115641/4.png
 create mode 100644 results/woof_cags_tags_ipc10/dataset_0/n02115641/5.png
 create mode 100644 results/woof_cags_tags_ipc10/dataset_0/n02115641/6.png
 create mode 100644 results/woof_cags_tags_ipc10/dataset_0/n02115641/7.png
 create mode 100644 results/woof_cags_tags_ipc10/dataset_0/n02115641/8.png
 create mode 100644 results/woof_cags_tags_ipc10/dataset_0/n02115641/9.png
 create mode 100644 results/woof_cags_tags_ipc10/experiment_config.json
 create mode 100644 results/woof_cluster_cache.pkl
 create mode 100644 results/woof_iast_only_ipc10/ags_config.pkl
 create mode 100644 results/woof_iast_only_ipc10/dataset_0/n02086240/0.png
 create mode 100644 results/woof_iast_only_ipc10/dataset_0/n02086240/1.png
 create mode 100644 results/woof_iast_only_ipc10/dataset_0/n02086240/2.png
 create mode 100644 results/woof_iast_only_ipc10/dataset_0/n02086240/3.png
 create mode 100644 results/woof_iast_only_ipc10/dataset_0/n02086240/4.png
 create mode 100644 results/woof_iast_only_ipc10/dataset_0/n02086240/5.png
 create mode 100644 results/woof_iast_only_ipc10/dataset_0/n02086240/6.png
 create mode 100644 results/woof_iast_only_ipc10/dataset_0/n02086240/7.png
 create mode 100644 results/woof_iast_only_ipc10/dataset_0/n02086240/8.png
 create mode 100644 results/woof_iast_only_ipc10/dataset_0/n02086240/9.png
 create mode 100644 results/woof_iast_only_ipc10/dataset_0/n02087394/0.png
 create mode 100644 results/woof_iast_only_ipc10/dataset_0/n02087394/1.png
 create mode 100644 results/woof_iast_only_ipc10/dataset_0/n02087394/2.png
 create mode 100644 results/woof_iast_only_ipc10/dataset_0/n02087394/3.png
 create mode 100644 results/woof_iast_only_ipc10/dataset_0/n02087394/4.png
 create mode 100644 results/woof_iast_only_ipc10/dataset_0/n02087394/5.png
 create mode 100644 results/woof_iast_only_ipc10/dataset_0/n02087394/6.png
 create mode 100644 results/woof_iast_only_ipc10/dataset_0/n02087394/7.png
 create mode 100644 results/woof_iast_only_ipc10/dataset_0/n02087394/8.png
 create mode 100644 results/woof_iast_only_ipc10/dataset_0/n02087394/9.png
 create mode 100644 results/woof_iast_only_ipc10/dataset_0/n02088364/0.png
 create mode 100644 results/woof_iast_only_ipc10/dataset_0/n02088364/1.png
 create mode 100644 results/woof_iast_only_ipc10/dataset_0/n02088364/2.png
 create mode 100644 results/woof_iast_only_ipc10/dataset_0/n02088364/3.png
 create mode 100644 results/woof_iast_only_ipc10/dataset_0/n02088364/4.png
 create mode 100644 results/woof_iast_only_ipc10/dataset_0/n02088364/5.png
 create mode 100644 results/woof_iast_only_ipc10/dataset_0/n02088364/6.png
 create mode 100644 results/woof_iast_only_ipc10/dataset_0/n02088364/7.png
 create mode 100644 results/woof_iast_only_ipc10/dataset_0/n02088364/8.png
 create mode 100644 results/woof_iast_only_ipc10/dataset_0/n02088364/9.png
 create mode 100644 results/woof_iast_only_ipc10/dataset_0/n02089973/0.png
 create mode 100644 results/woof_iast_only_ipc10/dataset_0/n02089973/1.png
 create mode 100644 results/woof_iast_only_ipc10/dataset_0/n02089973/2.png
 create mode 100644 results/woof_iast_only_ipc10/dataset_0/n02089973/3.png
 create mode 100644 results/woof_iast_only_ipc10/dataset_0/n02089973/4.png
 create mode 100644 results/woof_iast_only_ipc10/dataset_0/n02089973/5.png
 create mode 100644 results/woof_iast_only_ipc10/dataset_0/n02089973/6.png
 create mode 100644 results/woof_iast_only_ipc10/dataset_0/n02089973/7.png
 create mode 100644 results/woof_iast_only_ipc10/dataset_0/n02089973/8.png
 create mode 100644 results/woof_iast_only_ipc10/dataset_0/n02089973/9.png
 create mode 100644 results/woof_iast_only_ipc10/dataset_0/n02093754/0.png
 create mode 100644 results/woof_iast_only_ipc10/dataset_0/n02093754/1.png
 create mode 100644 results/woof_iast_only_ipc10/dataset_0/n02093754/2.png
 create mode 100644 results/woof_iast_only_ipc10/dataset_0/n02093754/3.png
 create mode 100644 results/woof_iast_only_ipc10/dataset_0/n02093754/4.png
 create mode 100644 results/woof_iast_only_ipc10/dataset_0/n02093754/5.png
 create mode 100644 results/woof_iast_only_ipc10/dataset_0/n02093754/6.png
 create mode 100644 results/woof_iast_only_ipc10/dataset_0/n02093754/7.png
 create mode 100644 results/woof_iast_only_ipc10/dataset_0/n02093754/8.png
 create mode 100644 results/woof_iast_only_ipc10/dataset_0/n02093754/9.png
 create mode 100644 results/woof_iast_only_ipc10/dataset_0/n02096294/0.png
 create mode 100644 results/woof_iast_only_ipc10/dataset_0/n02096294/1.png
 create mode 100644 results/woof_iast_only_ipc10/dataset_0/n02096294/2.png
 create mode 100644 results/woof_iast_only_ipc10/dataset_0/n02096294/3.png
 create mode 100644 results/woof_iast_only_ipc10/dataset_0/n02096294/4.png
 create mode 100644 results/woof_iast_only_ipc10/dataset_0/n02096294/5.png
 create mode 100644 results/woof_iast_only_ipc10/dataset_0/n02096294/6.png
 create mode 100644 results/woof_iast_only_ipc10/dataset_0/n02096294/7.png
 create mode 100644 results/woof_iast_only_ipc10/dataset_0/n02096294/8.png
 create mode 100644 results/woof_iast_only_ipc10/dataset_0/n02096294/9.png
 create mode 100644 results/woof_iast_only_ipc10/dataset_0/n02099601/0.png
 create mode 100644 results/woof_iast_only_ipc10/dataset_0/n02099601/1.png
 create mode 100644 results/woof_iast_only_ipc10/dataset_0/n02099601/2.png
 create mode 100644 results/woof_iast_only_ipc10/dataset_0/n02099601/3.png
 create mode 100644 results/woof_iast_only_ipc10/dataset_0/n02099601/4.png
 create mode 100644 results/woof_iast_only_ipc10/dataset_0/n02099601/5.png
 create mode 100644 results/woof_iast_only_ipc10/dataset_0/n02099601/6.png
 create mode 100644 results/woof_iast_only_ipc10/dataset_0/n02099601/7.png
 create mode 100644 results/woof_iast_only_ipc10/dataset_0/n02099601/8.png
 create mode 100644 results/woof_iast_only_ipc10/dataset_0/n02099601/9.png
 create mode 100644 results/woof_iast_only_ipc10/dataset_0/n02105641/0.png
 create mode 100644 results/woof_iast_only_ipc10/dataset_0/n02105641/1.png
 create mode 100644 results/woof_iast_only_ipc10/dataset_0/n02105641/2.png
 create mode 100644 results/woof_iast_only_ipc10/dataset_0/n02105641/3.png
 create mode 100644 results/woof_iast_only_ipc10/dataset_0/n02105641/4.png
 create mode 100644 results/woof_iast_only_ipc10/dataset_0/n02105641/5.png
 create mode 100644 results/woof_iast_only_ipc10/dataset_0/n02105641/6.png
 create mode 100644 results/woof_iast_only_ipc10/dataset_0/n02105641/7.png
 create mode 100644 results/woof_iast_only_ipc10/dataset_0/n02105641/8.png
 create mode 100644 results/woof_iast_only_ipc10/dataset_0/n02105641/9.png
 create mode 100644 results/woof_iast_only_ipc10/dataset_0/n02111889/0.png
 create mode 100644 results/woof_iast_only_ipc10/dataset_0/n02111889/1.png
 create mode 100644 results/woof_iast_only_ipc10/dataset_0/n02111889/2.png
 create mode 100644 results/woof_iast_only_ipc10/dataset_0/n02111889/3.png
 create mode 100644 results/woof_iast_only_ipc10/dataset_0/n02111889/4.png
 create mode 100644 results/woof_iast_only_ipc10/dataset_0/n02111889/5.png
 create mode 100644 results/woof_iast_only_ipc10/dataset_0/n02111889/6.png
 create mode 100644 results/woof_iast_only_ipc10/dataset_0/n02111889/7.png
 create mode 100644 results/woof_iast_only_ipc10/dataset_0/n02111889/8.png
 create mode 100644 results/woof_iast_only_ipc10/dataset_0/n02111889/9.png
 create mode 100644 results/woof_iast_only_ipc10/dataset_0/n02115641/0.png
 create mode 100644 results/woof_iast_only_ipc10/dataset_0/n02115641/1.png
 create mode 100644 results/woof_iast_only_ipc10/dataset_0/n02115641/2.png
 create mode 100644 results/woof_iast_only_ipc10/dataset_0/n02115641/3.png
 create mode 100644 results/woof_iast_only_ipc10/dataset_0/n02115641/4.png
 create mode 100644 results/woof_iast_only_ipc10/dataset_0/n02115641/5.png
 create mode 100644 results/woof_iast_only_ipc10/dataset_0/n02115641/6.png
 create mode 100644 results/woof_iast_only_ipc10/dataset_0/n02115641/7.png
 create mode 100644 results/woof_iast_only_ipc10/dataset_0/n02115641/8.png
 create mode 100644 results/woof_iast_only_ipc10/dataset_0/n02115641/9.png
 create mode 100644 results/woof_iast_only_ipc10/experiment_config.json
 create mode 100644 results/woof_iast_tags_ipc10/ags_config.pkl
 create mode 100644 results/woof_iast_tags_ipc10/dataset_0/n02086240/0.png
 create mode 100644 results/woof_iast_tags_ipc10/dataset_0/n02086240/1.png
 create mode 100644 results/woof_iast_tags_ipc10/dataset_0/n02086240/2.png
 create mode 100644 results/woof_iast_tags_ipc10/dataset_0/n02086240/3.png
 create mode 100644 results/woof_iast_tags_ipc10/dataset_0/n02086240/4.png
 create mode 100644 results/woof_iast_tags_ipc10/dataset_0/n02086240/5.png
 create mode 100644 results/woof_iast_tags_ipc10/dataset_0/n02086240/6.png
 create mode 100644 results/woof_iast_tags_ipc10/dataset_0/n02086240/7.png
 create mode 100644 results/woof_iast_tags_ipc10/dataset_0/n02086240/8.png
 create mode 100644 results/woof_iast_tags_ipc10/dataset_0/n02086240/9.png
 create mode 100644 results/woof_iast_tags_ipc10/dataset_0/n02087394/0.png
 create mode 100644 results/woof_iast_tags_ipc10/dataset_0/n02087394/1.png
 create mode 100644 results/woof_iast_tags_ipc10/dataset_0/n02087394/2.png
 create mode 100644 results/woof_iast_tags_ipc10/dataset_0/n02087394/3.png
 create mode 100644 results/woof_iast_tags_ipc10/dataset_0/n02087394/4.png
 create mode 100644 results/woof_iast_tags_ipc10/dataset_0/n02087394/5.png
 create mode 100644 results/woof_iast_tags_ipc10/dataset_0/n02087394/6.png
 create mode 100644 results/woof_iast_tags_ipc10/dataset_0/n02087394/7.png
 create mode 100644 results/woof_iast_tags_ipc10/dataset_0/n02087394/8.png
 create mode 100644 results/woof_iast_tags_ipc10/dataset_0/n02087394/9.png
 create mode 100644 results/woof_iast_tags_ipc10/dataset_0/n02088364/0.png
 create mode 100644 results/woof_iast_tags_ipc10/dataset_0/n02088364/1.png
 create mode 100644 results/woof_iast_tags_ipc10/dataset_0/n02088364/2.png
 create mode 100644 results/woof_iast_tags_ipc10/dataset_0/n02088364/3.png
 create mode 100644 results/woof_iast_tags_ipc10/dataset_0/n02088364/4.png
 create mode 100644 results/woof_iast_tags_ipc10/dataset_0/n02088364/5.png
 create mode 100644 results/woof_iast_tags_ipc10/dataset_0/n02088364/6.png
 create mode 100644 results/woof_iast_tags_ipc10/dataset_0/n02088364/7.png
 create mode 100644 results/woof_iast_tags_ipc10/dataset_0/n02088364/8.png
 create mode 100644 results/woof_iast_tags_ipc10/dataset_0/n02088364/9.png
 create mode 100644 results/woof_iast_tags_ipc10/dataset_0/n02089973/0.png
 create mode 100644 results/woof_iast_tags_ipc10/dataset_0/n02089973/1.png
 create mode 100644 results/woof_iast_tags_ipc10/dataset_0/n02089973/2.png
 create mode 100644 results/woof_iast_tags_ipc10/dataset_0/n02089973/3.png
 create mode 100644 results/woof_iast_tags_ipc10/dataset_0/n02089973/4.png
 create mode 100644 results/woof_iast_tags_ipc10/dataset_0/n02089973/5.png
 create mode 100644 results/woof_iast_tags_ipc10/dataset_0/n02089973/6.png
 create mode 100644 results/woof_iast_tags_ipc10/dataset_0/n02089973/7.png
 create mode 100644 results/woof_iast_tags_ipc10/dataset_0/n02089973/8.png
 create mode 100644 results/woof_iast_tags_ipc10/dataset_0/n02089973/9.png
 create mode 100644 results/woof_iast_tags_ipc10/dataset_0/n02093754/0.png
 create mode 100644 results/woof_iast_tags_ipc10/dataset_0/n02093754/1.png
 create mode 100644 results/woof_iast_tags_ipc10/dataset_0/n02093754/2.png
 create mode 100644 results/woof_iast_tags_ipc10/dataset_0/n02093754/3.png
 create mode 100644 results/woof_iast_tags_ipc10/dataset_0/n02093754/4.png
 create mode 100644 results/woof_iast_tags_ipc10/dataset_0/n02093754/5.png
 create mode 100644 results/woof_iast_tags_ipc10/dataset_0/n02093754/6.png
 create mode 100644 results/woof_iast_tags_ipc10/dataset_0/n02093754/7.png
 create mode 100644 results/woof_iast_tags_ipc10/dataset_0/n02093754/8.png
 create mode 100644 results/woof_iast_tags_ipc10/dataset_0/n02093754/9.png
 create mode 100644 results/woof_iast_tags_ipc10/dataset_0/n02096294/0.png
 create mode 100644 results/woof_iast_tags_ipc10/dataset_0/n02096294/1.png
 create mode 100644 results/woof_iast_tags_ipc10/dataset_0/n02096294/2.png
 create mode 100644 results/woof_iast_tags_ipc10/dataset_0/n02096294/3.png
 create mode 100644 results/woof_iast_tags_ipc10/dataset_0/n02096294/4.png
 create mode 100644 results/woof_iast_tags_ipc10/dataset_0/n02096294/5.png
 create mode 100644 results/woof_iast_tags_ipc10/dataset_0/n02096294/6.png
 create mode 100644 results/woof_iast_tags_ipc10/dataset_0/n02096294/7.png
 create mode 100644 results/woof_iast_tags_ipc10/dataset_0/n02096294/8.png
 create mode 100644 results/woof_iast_tags_ipc10/dataset_0/n02096294/9.png
 create mode 100644 results/woof_iast_tags_ipc10/dataset_0/n02099601/0.png
 create mode 100644 results/woof_iast_tags_ipc10/dataset_0/n02099601/1.png
 create mode 100644 results/woof_iast_tags_ipc10/dataset_0/n02099601/2.png
 create mode 100644 results/woof_iast_tags_ipc10/dataset_0/n02099601/3.png
 create mode 100644 results/woof_iast_tags_ipc10/dataset_0/n02099601/4.png
 create mode 100644 results/woof_iast_tags_ipc10/dataset_0/n02099601/5.png
 create mode 100644 results/woof_iast_tags_ipc10/dataset_0/n02099601/6.png
 create mode 100644 results/woof_iast_tags_ipc10/dataset_0/n02099601/7.png
 create mode 100644 results/woof_iast_tags_ipc10/dataset_0/n02099601/8.png
 create mode 100644 results/woof_iast_tags_ipc10/dataset_0/n02099601/9.png
 create mode 100644 results/woof_iast_tags_ipc10/dataset_0/n02105641/0.png
 create mode 100644 results/woof_iast_tags_ipc10/dataset_0/n02105641/1.png
 create mode 100644 results/woof_iast_tags_ipc10/dataset_0/n02105641/2.png
 create mode 100644 results/woof_iast_tags_ipc10/dataset_0/n02105641/3.png
 create mode 100644 results/woof_iast_tags_ipc10/dataset_0/n02105641/4.png
 create mode 100644 results/woof_iast_tags_ipc10/dataset_0/n02105641/5.png
 create mode 100644 results/woof_iast_tags_ipc10/dataset_0/n02105641/6.png
 create mode 100644 results/woof_iast_tags_ipc10/dataset_0/n02105641/7.png
 create mode 100644 results/woof_iast_tags_ipc10/dataset_0/n02105641/8.png
 create mode 100644 results/woof_iast_tags_ipc10/dataset_0/n02105641/9.png
 create mode 100644 results/woof_iast_tags_ipc10/dataset_0/n02111889/0.png
 create mode 100644 results/woof_iast_tags_ipc10/dataset_0/n02111889/1.png
 create mode 100644 results/woof_iast_tags_ipc10/dataset_0/n02111889/2.png
 create mode 100644 results/woof_iast_tags_ipc10/dataset_0/n02111889/3.png
 create mode 100644 results/woof_iast_tags_ipc10/dataset_0/n02111889/4.png
 create mode 100644 results/woof_iast_tags_ipc10/dataset_0/n02111889/5.png
 create mode 100644 results/woof_iast_tags_ipc10/dataset_0/n02111889/6.png
 create mode 100644 results/woof_iast_tags_ipc10/dataset_0/n02111889/7.png
 create mode 100644 results/woof_iast_tags_ipc10/dataset_0/n02111889/8.png
 create mode 100644 results/woof_iast_tags_ipc10/dataset_0/n02111889/9.png
 create mode 100644 results/woof_iast_tags_ipc10/dataset_0/n02115641/0.png
 create mode 100644 results/woof_iast_tags_ipc10/dataset_0/n02115641/1.png
 create mode 100644 results/woof_iast_tags_ipc10/dataset_0/n02115641/2.png
 create mode 100644 results/woof_iast_tags_ipc10/dataset_0/n02115641/3.png
 create mode 100644 results/woof_iast_tags_ipc10/dataset_0/n02115641/4.png
 create mode 100644 results/woof_iast_tags_ipc10/dataset_0/n02115641/5.png
 create mode 100644 results/woof_iast_tags_ipc10/dataset_0/n02115641/6.png
 create mode 100644 results/woof_iast_tags_ipc10/dataset_0/n02115641/7.png
 create mode 100644 results/woof_iast_tags_ipc10/dataset_0/n02115641/8.png
 create mode 100644 results/woof_iast_tags_ipc10/dataset_0/n02115641/9.png
 create mode 100644 results/woof_iast_tags_ipc10/experiment_config.json
 create mode 100644 results/woof_results_summary.json
 create mode 100644 results/woof_tags_exp_ipc10/ags_config.pkl
 create mode 100644 results/woof_tags_exp_ipc10/dataset_0/n02086240/0.png
 create mode 100644 results/woof_tags_exp_ipc10/dataset_0/n02086240/1.png
 create mode 100644 results/woof_tags_exp_ipc10/dataset_0/n02086240/2.png
 create mode 100644 results/woof_tags_exp_ipc10/dataset_0/n02086240/3.png
 create mode 100644 results/woof_tags_exp_ipc10/dataset_0/n02086240/4.png
 create mode 100644 results/woof_tags_exp_ipc10/dataset_0/n02086240/5.png
 create mode 100644 results/woof_tags_exp_ipc10/dataset_0/n02086240/6.png
 create mode 100644 results/woof_tags_exp_ipc10/dataset_0/n02086240/7.png
 create mode 100644 results/woof_tags_exp_ipc10/dataset_0/n02086240/8.png
 create mode 100644 results/woof_tags_exp_ipc10/dataset_0/n02086240/9.png
 create mode 100644 results/woof_tags_exp_ipc10/dataset_0/n02087394/0.png
 create mode 100644 results/woof_tags_exp_ipc10/dataset_0/n02087394/1.png
 create mode 100644 results/woof_tags_exp_ipc10/dataset_0/n02087394/2.png
 create mode 100644 results/woof_tags_exp_ipc10/dataset_0/n02087394/3.png
 create mode 100644 results/woof_tags_exp_ipc10/dataset_0/n02087394/4.png
 create mode 100644 results/woof_tags_exp_ipc10/dataset_0/n02087394/5.png
 create mode 100644 results/woof_tags_exp_ipc10/dataset_0/n02087394/6.png
 create mode 100644 results/woof_tags_exp_ipc10/dataset_0/n02087394/7.png
 create mode 100644 results/woof_tags_exp_ipc10/dataset_0/n02087394/8.png
 create mode 100644 results/woof_tags_exp_ipc10/dataset_0/n02087394/9.png
 create mode 100644 results/woof_tags_exp_ipc10/dataset_0/n02088364/0.png
 create mode 100644 results/woof_tags_exp_ipc10/dataset_0/n02088364/1.png
 create mode 100644 results/woof_tags_exp_ipc10/dataset_0/n02088364/2.png
 create mode 100644 results/woof_tags_exp_ipc10/dataset_0/n02088364/3.png
 create mode 100644 results/woof_tags_exp_ipc10/dataset_0/n02088364/4.png
 create mode 100644 results/woof_tags_exp_ipc10/dataset_0/n02088364/5.png
 create mode 100644 results/woof_tags_exp_ipc10/dataset_0/n02088364/6.png
 create mode 100644 results/woof_tags_exp_ipc10/dataset_0/n02088364/7.png
 create mode 100644 results/woof_tags_exp_ipc10/dataset_0/n02088364/8.png
 create mode 100644 results/woof_tags_exp_ipc10/dataset_0/n02088364/9.png
 create mode 100644 results/woof_tags_exp_ipc10/dataset_0/n02089973/0.png
 create mode 100644 results/woof_tags_exp_ipc10/dataset_0/n02089973/1.png
 create mode 100644 results/woof_tags_exp_ipc10/dataset_0/n02089973/2.png
 create mode 100644 results/woof_tags_exp_ipc10/dataset_0/n02089973/3.png
 create mode 100644 results/woof_tags_exp_ipc10/dataset_0/n02089973/4.png
 create mode 100644 results/woof_tags_exp_ipc10/dataset_0/n02089973/5.png
 create mode 100644 results/woof_tags_exp_ipc10/dataset_0/n02089973/6.png
 create mode 100644 results/woof_tags_exp_ipc10/dataset_0/n02089973/7.png
 create mode 100644 results/woof_tags_exp_ipc10/dataset_0/n02089973/8.png
 create mode 100644 results/woof_tags_exp_ipc10/dataset_0/n02089973/9.png
 create mode 100644 results/woof_tags_exp_ipc10/dataset_0/n02093754/0.png
 create mode 100644 results/woof_tags_exp_ipc10/dataset_0/n02093754/1.png
 create mode 100644 results/woof_tags_exp_ipc10/dataset_0/n02093754/2.png
 create mode 100644 results/woof_tags_exp_ipc10/dataset_0/n02093754/3.png
 create mode 100644 results/woof_tags_exp_ipc10/dataset_0/n02093754/4.png
 create mode 100644 results/woof_tags_exp_ipc10/dataset_0/n02093754/5.png
 create mode 100644 results/woof_tags_exp_ipc10/dataset_0/n02093754/6.png
 create mode 100644 results/woof_tags_exp_ipc10/dataset_0/n02093754/7.png
 create mode 100644 results/woof_tags_exp_ipc10/dataset_0/n02093754/8.png
 create mode 100644 results/woof_tags_exp_ipc10/dataset_0/n02093754/9.png
 create mode 100644 results/woof_tags_exp_ipc10/dataset_0/n02096294/0.png
 create mode 100644 results/woof_tags_exp_ipc10/dataset_0/n02096294/1.png
 create mode 100644 results/woof_tags_exp_ipc10/dataset_0/n02096294/2.png
 create mode 100644 results/woof_tags_exp_ipc10/dataset_0/n02096294/3.png
 create mode 100644 results/woof_tags_exp_ipc10/dataset_0/n02096294/4.png
 create mode 100644 results/woof_tags_exp_ipc10/dataset_0/n02096294/5.png
 create mode 100644 results/woof_tags_exp_ipc10/dataset_0/n02096294/6.png
 create mode 100644 results/woof_tags_exp_ipc10/dataset_0/n02096294/7.png
 create mode 100644 results/woof_tags_exp_ipc10/dataset_0/n02096294/8.png
 create mode 100644 results/woof_tags_exp_ipc10/dataset_0/n02096294/9.png
 create mode 100644 results/woof_tags_exp_ipc10/dataset_0/n02099601/0.png
 create mode 100644 results/woof_tags_exp_ipc10/dataset_0/n02099601/1.png
 create mode 100644 results/woof_tags_exp_ipc10/dataset_0/n02099601/2.png
 create mode 100644 results/woof_tags_exp_ipc10/dataset_0/n02099601/3.png
 create mode 100644 results/woof_tags_exp_ipc10/dataset_0/n02099601/4.png
 create mode 100644 results/woof_tags_exp_ipc10/dataset_0/n02099601/5.png
 create mode 100644 results/woof_tags_exp_ipc10/dataset_0/n02099601/6.png
 create mode 100644 results/woof_tags_exp_ipc10/dataset_0/n02099601/7.png
 create mode 100644 results/woof_tags_exp_ipc10/dataset_0/n02099601/8.png
 create mode 100644 results/woof_tags_exp_ipc10/dataset_0/n02099601/9.png
 create mode 100644 results/woof_tags_exp_ipc10/dataset_0/n02105641/0.png
 create mode 100644 results/woof_tags_exp_ipc10/dataset_0/n02105641/1.png
 create mode 100644 results/woof_tags_exp_ipc10/dataset_0/n02105641/2.png
 create mode 100644 results/woof_tags_exp_ipc10/dataset_0/n02105641/3.png
 create mode 100644 results/woof_tags_exp_ipc10/dataset_0/n02105641/4.png
 create mode 100644 results/woof_tags_exp_ipc10/dataset_0/n02105641/5.png
 create mode 100644 results/woof_tags_exp_ipc10/dataset_0/n02105641/6.png
 create mode 100644 results/woof_tags_exp_ipc10/dataset_0/n02105641/7.png
 create mode 100644 results/woof_tags_exp_ipc10/dataset_0/n02105641/8.png
 create mode 100644 results/woof_tags_exp_ipc10/dataset_0/n02105641/9.png
 create mode 100644 results/woof_tags_exp_ipc10/dataset_0/n02111889/0.png
 create mode 100644 results/woof_tags_exp_ipc10/dataset_0/n02111889/1.png
 create mode 100644 results/woof_tags_exp_ipc10/dataset_0/n02111889/2.png
 create mode 100644 results/woof_tags_exp_ipc10/dataset_0/n02111889/3.png
 create mode 100644 results/woof_tags_exp_ipc10/dataset_0/n02111889/4.png
 create mode 100644 results/woof_tags_exp_ipc10/dataset_0/n02111889/5.png
 create mode 100644 results/woof_tags_exp_ipc10/dataset_0/n02111889/6.png
 create mode 100644 results/woof_tags_exp_ipc10/dataset_0/n02111889/7.png
 create mode 100644 results/woof_tags_exp_ipc10/dataset_0/n02111889/8.png
 create mode 100644 results/woof_tags_exp_ipc10/dataset_0/n02111889/9.png
 create mode 100644 results/woof_tags_exp_ipc10/dataset_0/n02115641/0.png
 create mode 100644 results/woof_tags_exp_ipc10/dataset_0/n02115641/1.png
 create mode 100644 results/woof_tags_exp_ipc10/dataset_0/n02115641/2.png
 create mode 100644 results/woof_tags_exp_ipc10/dataset_0/n02115641/3.png
 create mode 100644 results/woof_tags_exp_ipc10/dataset_0/n02115641/4.png
 create mode 100644 results/woof_tags_exp_ipc10/dataset_0/n02115641/5.png
 create mode 100644 results/woof_tags_exp_ipc10/dataset_0/n02115641/6.png
 create mode 100644 results/woof_tags_exp_ipc10/dataset_0/n02115641/7.png
 create mode 100644 results/woof_tags_exp_ipc10/dataset_0/n02115641/8.png
 create mode 100644 results/woof_tags_exp_ipc10/dataset_0/n02115641/9.png
 create mode 100644 results/woof_tags_exp_ipc10/experiment_config.json
 create mode 100644 results/woof_tags_linear_ipc10/ags_config.pkl
 create mode 100644 results/woof_tags_linear_ipc10/dataset_0/n02086240/0.png
 create mode 100644 results/woof_tags_linear_ipc10/dataset_0/n02086240/1.png
 create mode 100644 results/woof_tags_linear_ipc10/dataset_0/n02086240/2.png
 create mode 100644 results/woof_tags_linear_ipc10/dataset_0/n02086240/3.png
 create mode 100644 results/woof_tags_linear_ipc10/dataset_0/n02086240/4.png
 create mode 100644 results/woof_tags_linear_ipc10/dataset_0/n02086240/5.png
 create mode 100644 results/woof_tags_linear_ipc10/dataset_0/n02086240/6.png
 create mode 100644 results/woof_tags_linear_ipc10/dataset_0/n02086240/7.png
 create mode 100644 results/woof_tags_linear_ipc10/dataset_0/n02086240/8.png
 create mode 100644 results/woof_tags_linear_ipc10/dataset_0/n02086240/9.png
 create mode 100644 results/woof_tags_linear_ipc10/dataset_0/n02087394/0.png
 create mode 100644 results/woof_tags_linear_ipc10/dataset_0/n02087394/1.png
 create mode 100644 results/woof_tags_linear_ipc10/dataset_0/n02087394/2.png
 create mode 100644 results/woof_tags_linear_ipc10/dataset_0/n02087394/3.png
 create mode 100644 results/woof_tags_linear_ipc10/dataset_0/n02087394/4.png
 create mode 100644 results/woof_tags_linear_ipc10/dataset_0/n02087394/5.png
 create mode 100644 results/woof_tags_linear_ipc10/dataset_0/n02087394/6.png
 create mode 100644 results/woof_tags_linear_ipc10/dataset_0/n02087394/7.png
 create mode 100644 results/woof_tags_linear_ipc10/dataset_0/n02087394/8.png
 create mode 100644 results/woof_tags_linear_ipc10/dataset_0/n02087394/9.png
 create mode 100644 results/woof_tags_linear_ipc10/dataset_0/n02088364/0.png
 create mode 100644 results/woof_tags_linear_ipc10/dataset_0/n02088364/1.png
 create mode 100644 results/woof_tags_linear_ipc10/dataset_0/n02088364/2.png
 create mode 100644 results/woof_tags_linear_ipc10/dataset_0/n02088364/3.png
 create mode 100644 results/woof_tags_linear_ipc10/dataset_0/n02088364/4.png
 create mode 100644 results/woof_tags_linear_ipc10/dataset_0/n02088364/5.png
 create mode 100644 results/woof_tags_linear_ipc10/dataset_0/n02088364/6.png
 create mode 100644 results/woof_tags_linear_ipc10/dataset_0/n02088364/7.png
 create mode 100644 results/woof_tags_linear_ipc10/dataset_0/n02088364/8.png
 create mode 100644 results/woof_tags_linear_ipc10/dataset_0/n02088364/9.png
 create mode 100644 results/woof_tags_linear_ipc10/dataset_0/n02089973/0.png
 create mode 100644 results/woof_tags_linear_ipc10/dataset_0/n02089973/1.png
 create mode 100644 results/woof_tags_linear_ipc10/dataset_0/n02089973/2.png
 create mode 100644 results/woof_tags_linear_ipc10/dataset_0/n02089973/3.png
 create mode 100644 results/woof_tags_linear_ipc10/dataset_0/n02089973/4.png
 create mode 100644 results/woof_tags_linear_ipc10/dataset_0/n02089973/5.png
 create mode 100644 results/woof_tags_linear_ipc10/dataset_0/n02089973/6.png
 create mode 100644 results/woof_tags_linear_ipc10/dataset_0/n02089973/7.png
 create mode 100644 results/woof_tags_linear_ipc10/dataset_0/n02089973/8.png
 create mode 100644 results/woof_tags_linear_ipc10/dataset_0/n02089973/9.png
 create mode 100644 results/woof_tags_linear_ipc10/dataset_0/n02093754/0.png
 create mode 100644 results/woof_tags_linear_ipc10/dataset_0/n02093754/1.png
 create mode 100644 results/woof_tags_linear_ipc10/dataset_0/n02093754/2.png
 create mode 100644 results/woof_tags_linear_ipc10/dataset_0/n02093754/3.png
 create mode 100644 results/woof_tags_linear_ipc10/dataset_0/n02093754/4.png
 create mode 100644 results/woof_tags_linear_ipc10/dataset_0/n02093754/5.png
 create mode 100644 results/woof_tags_linear_ipc10/dataset_0/n02093754/6.png
 create mode 100644 results/woof_tags_linear_ipc10/dataset_0/n02093754/7.png
 create mode 100644 results/woof_tags_linear_ipc10/dataset_0/n02093754/8.png
 create mode 100644 results/woof_tags_linear_ipc10/dataset_0/n02093754/9.png
 create mode 100644 results/woof_tags_linear_ipc10/dataset_0/n02096294/0.png
 create mode 100644 results/woof_tags_linear_ipc10/dataset_0/n02096294/1.png
 create mode 100644 results/woof_tags_linear_ipc10/dataset_0/n02096294/2.png
 create mode 100644 results/woof_tags_linear_ipc10/dataset_0/n02096294/3.png
 create mode 100644 results/woof_tags_linear_ipc10/dataset_0/n02096294/4.png
 create mode 100644 results/woof_tags_linear_ipc10/dataset_0/n02096294/5.png
 create mode 100644 results/woof_tags_linear_ipc10/dataset_0/n02096294/6.png
 create mode 100644 results/woof_tags_linear_ipc10/dataset_0/n02096294/7.png
 create mode 100644 results/woof_tags_linear_ipc10/dataset_0/n02096294/8.png
 create mode 100644 results/woof_tags_linear_ipc10/dataset_0/n02096294/9.png
 create mode 100644 results/woof_tags_linear_ipc10/dataset_0/n02099601/0.png
 create mode 100644 results/woof_tags_linear_ipc10/dataset_0/n02099601/1.png
 create mode 100644 results/woof_tags_linear_ipc10/dataset_0/n02099601/2.png
 create mode 100644 results/woof_tags_linear_ipc10/dataset_0/n02099601/3.png
 create mode 100644 results/woof_tags_linear_ipc10/dataset_0/n02099601/4.png
 create mode 100644 results/woof_tags_linear_ipc10/dataset_0/n02099601/5.png
 create mode 100644 results/woof_tags_linear_ipc10/dataset_0/n02099601/6.png
 create mode 100644 results/woof_tags_linear_ipc10/dataset_0/n02099601/7.png
 create mode 100644 results/woof_tags_linear_ipc10/dataset_0/n02099601/8.png
 create mode 100644 results/woof_tags_linear_ipc10/dataset_0/n02099601/9.png
 create mode 100644 results/woof_tags_linear_ipc10/dataset_0/n02105641/0.png
 create mode 100644 results/woof_tags_linear_ipc10/dataset_0/n02105641/1.png
 create mode 100644 results/woof_tags_linear_ipc10/dataset_0/n02105641/2.png
 create mode 100644 results/woof_tags_linear_ipc10/dataset_0/n02105641/3.png
 create mode 100644 results/woof_tags_linear_ipc10/dataset_0/n02105641/4.png
 create mode 100644 results/woof_tags_linear_ipc10/dataset_0/n02105641/5.png
 create mode 100644 results/woof_tags_linear_ipc10/dataset_0/n02105641/6.png
 create mode 100644 results/woof_tags_linear_ipc10/dataset_0/n02105641/7.png
 create mode 100644 results/woof_tags_linear_ipc10/dataset_0/n02105641/8.png
 create mode 100644 results/woof_tags_linear_ipc10/dataset_0/n02105641/9.png
 create mode 100644 results/woof_tags_linear_ipc10/dataset_0/n02111889/0.png
 create mode 100644 results/woof_tags_linear_ipc10/dataset_0/n02111889/1.png
 create mode 100644 results/woof_tags_linear_ipc10/dataset_0/n02111889/2.png
 create mode 100644 results/woof_tags_linear_ipc10/dataset_0/n02111889/3.png
 create mode 100644 results/woof_tags_linear_ipc10/dataset_0/n02111889/4.png
 create mode 100644 results/woof_tags_linear_ipc10/dataset_0/n02111889/5.png
 create mode 100644 results/woof_tags_linear_ipc10/dataset_0/n02111889/6.png
 create mode 100644 results/woof_tags_linear_ipc10/dataset_0/n02111889/7.png
 create mode 100644 results/woof_tags_linear_ipc10/dataset_0/n02111889/8.png
 create mode 100644 results/woof_tags_linear_ipc10/dataset_0/n02111889/9.png
 create mode 100644 results/woof_tags_linear_ipc10/dataset_0/n02115641/0.png
 create mode 100644 results/woof_tags_linear_ipc10/dataset_0/n02115641/1.png
 create mode 100644 results/woof_tags_linear_ipc10/dataset_0/n02115641/2.png
 create mode 100644 results/woof_tags_linear_ipc10/dataset_0/n02115641/3.png
 create mode 100644 results/woof_tags_linear_ipc10/dataset_0/n02115641/4.png
 create mode 100644 results/woof_tags_linear_ipc10/dataset_0/n02115641/5.png
 create mode 100644 results/woof_tags_linear_ipc10/dataset_0/n02115641/6.png
 create mode 100644 results/woof_tags_linear_ipc10/dataset_0/n02115641/7.png
 create mode 100644 results/woof_tags_linear_ipc10/dataset_0/n02115641/8.png
 create mode 100644 results/woof_tags_linear_ipc10/dataset_0/n02115641/9.png
 create mode 100644 results/woof_tags_linear_ipc10/experiment_config.json
 create mode 100644 results/woof_tags_only_ipc10/ags_config.pkl
 create mode 100644 results/woof_tags_only_ipc10/dataset_0/n02086240/0.png
 create mode 100644 results/woof_tags_only_ipc10/dataset_0/n02086240/1.png
 create mode 100644 results/woof_tags_only_ipc10/dataset_0/n02086240/2.png
 create mode 100644 results/woof_tags_only_ipc10/dataset_0/n02086240/3.png
 create mode 100644 results/woof_tags_only_ipc10/dataset_0/n02086240/4.png
 create mode 100644 results/woof_tags_only_ipc10/dataset_0/n02086240/5.png
 create mode 100644 results/woof_tags_only_ipc10/dataset_0/n02086240/6.png
 create mode 100644 results/woof_tags_only_ipc10/dataset_0/n02086240/7.png
 create mode 100644 results/woof_tags_only_ipc10/dataset_0/n02086240/8.png
 create mode 100644 results/woof_tags_only_ipc10/dataset_0/n02086240/9.png
 create mode 100644 results/woof_tags_only_ipc10/dataset_0/n02087394/0.png
 create mode 100644 results/woof_tags_only_ipc10/dataset_0/n02087394/1.png
 create mode 100644 results/woof_tags_only_ipc10/dataset_0/n02087394/2.png
 create mode 100644 results/woof_tags_only_ipc10/dataset_0/n02087394/3.png
 create mode 100644 results/woof_tags_only_ipc10/dataset_0/n02087394/4.png
 create mode 100644 results/woof_tags_only_ipc10/dataset_0/n02087394/5.png
 create mode 100644 results/woof_tags_only_ipc10/dataset_0/n02087394/6.png
 create mode 100644 results/woof_tags_only_ipc10/dataset_0/n02087394/7.png
 create mode 100644 results/woof_tags_only_ipc10/dataset_0/n02087394/8.png
 create mode 100644 results/woof_tags_only_ipc10/dataset_0/n02087394/9.png
 create mode 100644 results/woof_tags_only_ipc10/dataset_0/n02088364/0.png
 create mode 100644 results/woof_tags_only_ipc10/dataset_0/n02088364/1.png
 create mode 100644 results/woof_tags_only_ipc10/dataset_0/n02088364/2.png
 create mode 100644 results/woof_tags_only_ipc10/dataset_0/n02088364/3.png
 create mode 100644 results/woof_tags_only_ipc10/dataset_0/n02088364/4.png
 create mode 100644 results/woof_tags_only_ipc10/dataset_0/n02088364/5.png
 create mode 100644 results/woof_tags_only_ipc10/dataset_0/n02088364/6.png
 create mode 100644 results/woof_tags_only_ipc10/dataset_0/n02088364/7.png
 create mode 100644 results/woof_tags_only_ipc10/dataset_0/n02088364/8.png
 create mode 100644 results/woof_tags_only_ipc10/dataset_0/n02088364/9.png
 create mode 100644 results/woof_tags_only_ipc10/dataset_0/n02089973/0.png
 create mode 100644 results/woof_tags_only_ipc10/dataset_0/n02089973/1.png
 create mode 100644 results/woof_tags_only_ipc10/dataset_0/n02089973/2.png
 create mode 100644 results/woof_tags_only_ipc10/dataset_0/n02089973/3.png
 create mode 100644 results/woof_tags_only_ipc10/dataset_0/n02089973/4.png
 create mode 100644 results/woof_tags_only_ipc10/dataset_0/n02089973/5.png
 create mode 100644 results/woof_tags_only_ipc10/dataset_0/n02089973/6.png
 create mode 100644 results/woof_tags_only_ipc10/dataset_0/n02089973/7.png
 create mode 100644 results/woof_tags_only_ipc10/dataset_0/n02089973/8.png
 create mode 100644 results/woof_tags_only_ipc10/dataset_0/n02089973/9.png
 create mode 100644 results/woof_tags_only_ipc10/dataset_0/n02093754/0.png
 create mode 100644 results/woof_tags_only_ipc10/dataset_0/n02093754/1.png
 create mode 100644 results/woof_tags_only_ipc10/dataset_0/n02093754/2.png
 create mode 100644 results/woof_tags_only_ipc10/dataset_0/n02093754/3.png
 create mode 100644 results/woof_tags_only_ipc10/dataset_0/n02093754/4.png
 create mode 100644 results/woof_tags_only_ipc10/dataset_0/n02093754/5.png
 create mode 100644 results/woof_tags_only_ipc10/dataset_0/n02093754/6.png
 create mode 100644 results/woof_tags_only_ipc10/dataset_0/n02093754/7.png
 create mode 100644 results/woof_tags_only_ipc10/dataset_0/n02093754/8.png
 create mode 100644 results/woof_tags_only_ipc10/dataset_0/n02093754/9.png
 create mode 100644 results/woof_tags_only_ipc10/dataset_0/n02096294/0.png
 create mode 100644 results/woof_tags_only_ipc10/dataset_0/n02096294/1.png
 create mode 100644 results/woof_tags_only_ipc10/dataset_0/n02096294/2.png
 create mode 100644 results/woof_tags_only_ipc10/dataset_0/n02096294/3.png
 create mode 100644 results/woof_tags_only_ipc10/dataset_0/n02096294/4.png
 create mode 100644 results/woof_tags_only_ipc10/dataset_0/n02096294/5.png
 create mode 100644 results/woof_tags_only_ipc10/dataset_0/n02096294/6.png
 create mode 100644 results/woof_tags_only_ipc10/dataset_0/n02096294/7.png
 create mode 100644 results/woof_tags_only_ipc10/dataset_0/n02096294/8.png
 create mode 100644 results/woof_tags_only_ipc10/dataset_0/n02096294/9.png
 create mode 100644 results/woof_tags_only_ipc10/dataset_0/n02099601/0.png
 create mode 100644 results/woof_tags_only_ipc10/dataset_0/n02099601/1.png
 create mode 100644 results/woof_tags_only_ipc10/dataset_0/n02099601/2.png
 create mode 100644 results/woof_tags_only_ipc10/dataset_0/n02099601/3.png
 create mode 100644 results/woof_tags_only_ipc10/dataset_0/n02099601/4.png
 create mode 100644 results/woof_tags_only_ipc10/dataset_0/n02099601/5.png
 create mode 100644 results/woof_tags_only_ipc10/dataset_0/n02099601/6.png
 create mode 100644 results/woof_tags_only_ipc10/dataset_0/n02099601/7.png
 create mode 100644 results/woof_tags_only_ipc10/dataset_0/n02099601/8.png
 create mode 100644 results/woof_tags_only_ipc10/dataset_0/n02099601/9.png
 create mode 100644 results/woof_tags_only_ipc10/dataset_0/n02105641/0.png
 create mode 100644 results/woof_tags_only_ipc10/dataset_0/n02105641/1.png
 create mode 100644 results/woof_tags_only_ipc10/dataset_0/n02105641/2.png
 create mode 100644 results/woof_tags_only_ipc10/dataset_0/n02105641/3.png
 create mode 100644 results/woof_tags_only_ipc10/dataset_0/n02105641/4.png
 create mode 100644 results/woof_tags_only_ipc10/dataset_0/n02105641/5.png
 create mode 100644 results/woof_tags_only_ipc10/dataset_0/n02105641/6.png
 create mode 100644 results/woof_tags_only_ipc10/dataset_0/n02105641/7.png
 create mode 100644 results/woof_tags_only_ipc10/dataset_0/n02105641/8.png
 create mode 100644 results/woof_tags_only_ipc10/dataset_0/n02105641/9.png
 create mode 100644 results/woof_tags_only_ipc10/dataset_0/n02111889/0.png
 create mode 100644 results/woof_tags_only_ipc10/dataset_0/n02111889/1.png
 create mode 100644 results/woof_tags_only_ipc10/dataset_0/n02111889/2.png
 create mode 100644 results/woof_tags_only_ipc10/dataset_0/n02111889/3.png
 create mode 100644 results/woof_tags_only_ipc10/dataset_0/n02111889/4.png
 create mode 100644 results/woof_tags_only_ipc10/dataset_0/n02111889/5.png
 create mode 100644 results/woof_tags_only_ipc10/dataset_0/n02111889/6.png
 create mode 100644 results/woof_tags_only_ipc10/dataset_0/n02111889/7.png
 create mode 100644 results/woof_tags_only_ipc10/dataset_0/n02111889/8.png
 create mode 100644 results/woof_tags_only_ipc10/dataset_0/n02111889/9.png
 create mode 100644 results/woof_tags_only_ipc10/dataset_0/n02115641/0.png
 create mode 100644 results/woof_tags_only_ipc10/dataset_0/n02115641/1.png
 create mode 100644 results/woof_tags_only_ipc10/dataset_0/n02115641/2.png
 create mode 100644 results/woof_tags_only_ipc10/dataset_0/n02115641/3.png
 create mode 100644 results/woof_tags_only_ipc10/dataset_0/n02115641/4.png
 create mode 100644 results/woof_tags_only_ipc10/dataset_0/n02115641/5.png
 create mode 100644 results/woof_tags_only_ipc10/dataset_0/n02115641/6.png
 create mode 100644 results/woof_tags_only_ipc10/dataset_0/n02115641/7.png
 create mode 100644 results/woof_tags_only_ipc10/dataset_0/n02115641/8.png
 create mode 100644 results/woof_tags_only_ipc10/dataset_0/n02115641/9.png
 create mode 100644 results/woof_tags_only_ipc10/experiment_config.json
[12:46:34] Push:  remote: error: Trace: 969fe73b378938ccfa972090cb35d7028e732d3bd6ed1e2cba9444b16ecac980        
remote: error: See https://gh.io/lfs for more information.        
remote: error: File results/nette_cluster_cache.pkl is 148.63 MB; this exceeds GitHub's file size limit of 100.00 MB        
remote: error: File results/woof_cluster_cache.pkl is 141.68 MB; this exceeds GitHub's file size limit of 100.00 MB        
remote: error: GH001: Large files detected. You may want to try Git Large File Storage - https://git-lfs.github.com.        
To https://github.com/llmnjust-afk/ICLR2027_KD.git
 ! [remote rejected] main -> main (pre-receive hook declined)
error: failed to push some refs to 'https://github.com/llmnjust-afk/ICLR2027_KD.git'
[12:46:34] Push exit code: 1
[12:46:34] GitHub upload failed (exit 1)
[12:46:34] Done at 2026-08-10 12:46:34
[12:46:35] GPU 1 (woof) finished with exit code 0
[12:46:35] 
All experiments completed!
[12:46:35] 
Uploading to GitHub...
[12:46:35] Uploading results to GitHub...
